# sstacks version 2.68; generated on 2026-03-06 12:14:56
2016	1	AAAAGGT	8	12D111M13D
2653	3	AAC	16	1M12D110M6D
69644	4	consensus	16	114M
345	5	A	27	1M7D120M12D
201	6	GCT	8	19D116M
1858	8	consensus	14	9D113M9D
4484	9	C	13	34M1D77M1D
394	10	AG	26	16D122M1D2M
9151	12	consensus	10	7D119M6D
1595	13	consensus	8	117M10D
1116	14	G	22	12D118M15D
1237	15	C	14	1M1D124M13D
3532	16	AT	4	112M
3532	16	GC	6	112M
40241	17	AA	9	111M
9152	18	consensus	16	6D119M4D
56	19	AT	16	15D118M12D
9153	21	consensus	25	115M12D
26	22	consensus	17	2M5D115M24D
1053	23	consensus	13	6D118M
218	25	A	15	1D124M11D
62790	26	consensus	20	1D114M
2	27	G	12	120M21D
1077	28	C	19	8D127M11D
43164	29	consensus	14	118M3D
31791	30	consensus	10	1D114M
724	31	GTG	17	1M24D120M5D
6107	32	CTC	4	110M
6107	32	CTT	4	110M
8	34	G	11	62M1D49M
9154	36	consensus	8	6M5D108M7D
749	38	AGC	22	2M8D112M13D
43	39	AA	16	1D125M11D
1881	40	ATACGGTAC	8	103M2D9M1D
1881	40	ATGCGGCAC	8	103M2D9M1D
21	42	GACN	16	12D115M16D
4364	44	T	12	112M
9155	46	consensus	9	1M1D111M4D
9156	47	consensus	19	111M
9157	49	consensus	5	110M
9158	50	consensus	6	110M
1992	51	G	9	110M
9159	52	consensus	8	110M2D
9160	53	consensus	17	111M
9161	54	consensus	5	110M
9162	55	TT	5	110M1D
1382	56	consensus	9	110M
9163	57	consensus	6	110M
3902	58	consensus	7	110M
9164	59	consensus	6	110M
1545	60	G	15	110M
9165	61	consensus	10	29M1D81M5D
1108	62	consensus	8	110M
91	63	C	7	110M
4863	64	consensus	4	2M9D40M1D68M
4804	65	consensus	6	110M
9166	66	consensus	4	110M
9167	68	consensus	7	10D110M
9168	69	consensus	7	110M
7358	70	consensus	7	110M4D
618	71	consensus	12	102M2D7M1D1M
439	72	G	13	110M1D
9169	73	consensus	7	110M
9170	74	consensus	5	110M
9171	75	consensus	4	1M2D109M1D
9172	76	G	5	110M1D
6957	77	TC	5	110M
9173	78	A	11	110M1D
3782	79	ACG	5	110M
4509	80	consensus	4	110M
5424	81	AA	7	110M1D
9174	82	T	8	110M
641	84	consensus	7	110M1D
1467	85	consensus	7	110M1D
898	86	CTAAT	13	110M1D
120	87	A	19	110M
9175	88	consensus	7	110M
2564	89	TG	6	110M
2375	90	A	16	110M1D
3572	91	CA	4	110M
9176	92	consensus	13	4D110M3D
8611	93	TCT	7	110M
7176	94	consensus	17	110M
3607	95	CTT	4	110M
7307	97	consensus	22	110M6D
1019	98	consensus	4	110M
3172	99	consensus	7	69M1D41M
9177	100	consensus	4	110M
2613	101	ACTGC	5	110M
9178	102	consensus	10	110M
9179	103	consensus	5	110M
9180	104	consensus	6	110M
5043	105	C	6	110M
7538	106	A	10	110M1D
9181	107	consensus	8	110M
1958	108	consensus	7	110M
9182	109	consensus	10	110M
8381	110	consensus	39	110M1D
3708	111	GT	9	110M
9183	112	consensus	5	8D110M1D
942	113	GATAC	7	110M
4018	114	consensus	4	110M
1190	115	TTTC	12	110M
8017	116	G	4	2M10D108M7D
6205	117	T	7	120M
5507	118	CTT	6	110M
8853	119	consensus	14	110M
9184	120	consensus	7	110M
2716	121	TA	7	110M
7555	122	consensus	6	10M1D100M
9185	123	consensus	11	110M
4145	124	consensus	5	110M
563	125	G	7	110M
9186	126	consensus	8	14D110M7D
5205	127	A	15	110M
2896	128	C	4	110M
9187	129	consensus	12	110M6D
9188	130	consensus	5	110M
9189	131	consensus	12	1M11D109M4D
1098	132	consensus	8	110M
7649	133	GG	5	1M21D109M6D
7244	134	consensus	4	17D110M4D
1533	135	G	8	110M
3815	136	G	12	110M
629	137	C	5	110M1D
3990	139	consensus	7	110M
2040	140	G	25	110M
9190	141	consensus	9	110M
9191	142	consensus	16	110M
2612	143	C	8	110M
9192	144	consensus	5	1M3D109M12D
20831	145	consensus	65	110M1D
2640	146	G	9	110M
9193	147	consensus	5	110M
1953	148	consensus	38	110M
5671	149	consensus	6	110M
1132	150	GGC	6	13D118M3D
9194	151	consensus	14	110M
5397	152	TC	5	93M1D17M
1727	153	consensus	7	110M
2114	154	consensus	7	1M7D109M19D
9195	155	A	4	4D108M9D2M
9196	156	consensus	5	110M
3426	157	consensus	6	17D119M1D
9197	158	consensus	11	110M
772	159	consensus	7	110M
4729	160	G	6	110M
1501	161	T	8	110M1D
6385	162	A	11	110M
1628	164	AC	8	110M
9198	165	consensus	4	2D110M11D
3545	166	C	8	111M
5549	167	A	9	110M
2938	168	GTC	11	110M
8111	169	consensus	11	110M
9199	171	TC	10	110M15D
1666	172	GT	8	105M3D5M
9200	173	consensus	5	110M
9201	174	consensus	5	110M
3513	175	T	4	110M
5149	176	C	15	110M1D
4015	177	CT	4	110M
5089	178	TGCT	7	11D110M4D
2512	179	consensus	7	5D110M15D
9202	180	TGAG	4	110M
9203	181	consensus	11	110M
818	182	TGCGATTGGACG	6	110M
1258	183	G	5	110M
2427	184	T	6	110M1D
732	185	GTGG	10	110M
9204	186	consensus	5	8D110M6D
7550	187	consensus	6	110M
4852	188	G	15	110M
5958	189	consensus	10	110M1D
953	190	CT	9	11D110M11D
9205	191	GA	4	110M
1166	192	consensus	6	1M10D114M5D
9206	193	consensus	6	1M11D109M
8439	194	consensus	4	110M
5371	195	consensus	6	110M
8653	196	consensus	12	7D110M7D
9207	197	consensus	5	110M
1710	198	CC	7	110M
1710	198	TC	3	110M
2097	199	CA	8	110M
2894	200	AGC	11	110M
9208	201	consensus	12	110M4D
9209	202	consensus	4	110M
6182	203	A	14	72M6D38M
4226	204	consensus	9	110M
5587	205	CCCAATC	8	1M15D109M12D
9210	206	consensus	11	110M
9211	207	CA	8	110M
880	208	G	10	110M
1132	209	GGC	7	2D117M15D
9212	210	consensus	8	110M
2115	211	G	5	110M
163	212	AT	13	110M1D
8282	213	ACAGTG	6	110M
9213	214	consensus	9	110M
874	215	consensus	15	13D122M16D
9214	216	A	16	111M
2236	217	consensus	5	110M
1943	218	G	9	110M
9215	219	consensus	5	6D110M
2019	220	GA	15	110M
2741	221	consensus	12	2M1D108M9D
3901	222	TTG	7	110M
4016	223	GGTAC	6	7M1D103M
4999	224	consensus	7	110M
1648	225	T	8	110M
5124	226	consensus	6	110M
5217	227	consensus	4	110M1D
4405	228	G	8	110M1D
1678	229	CAC	24	110M1D
1396	230	GTGCAGCGGCC	3	110M
1396	230	GTTCAGCGGCC	6	110M
130	231	consensus	10	110M
9216	232	consensus	4	110M
9217	233	consensus	6	110M
2827	234	AC	6	110M
7914	235	ACTCA	5	2D110M
9218	236	C	7	1M5D110M6D
3638	237	consensus	6	110M
4643	238	T	7	110M
2919	239	TCC	12	110M3D
878	240	GTTTT	4	110M
9219	241	consensus	8	110M
9220	242	consensus	6	7D110M
9221	243	consensus	5	18D110M1D
2475	244	ACTTGTGTG	6	90M6D19M4D1M
887	245	consensus	7	51M1D59M
2626	246	TC	15	110M1D
9222	247	consensus	7	110M
9223	248	consensus	4	110M
604	249	consensus	5	110M
9224	250	consensus	7	110M
1636	251	TCCTGTGGG	7	110M
1179	252	CC	9	110M
8910	253	consensus	7	110M
1994	254	AACAC	4	110M
5561	255	A	16	110M
3436	256	A	5	110M14D
1461	257	GTG	5	110M1D
1491	258	GC	5	110M
1641	259	AA	13	110M
4789	260	ACT	18	110M1D
9225	261	consensus	7	11D110M5D
9226	262	consensus	4	10D110M
1203	263	GGGC	7	110M
9227	264	consensus	8	110M7D
3790	265	T	8	110M
843	266	ACCAC	6	110M1D
7260	267	C	6	110M
2173	268	C	4	110M
9228	269	GT	4	110M
2994	270	GT	8	110M
9229	271	consensus	4	110M
9230	272	consensus	6	110M
816	273	AGA	20	110M1D
7712	274	consensus	4	11D110M6D
9231	275	consensus	16	110M10D
9232	276	consensus	6	1M6D109M
9233	277	consensus	4	2M8D108M
1716	278	consensus	12	110M
9234	279	consensus	5	110M
9235	280	consensus	6	110M
9236	281	C	13	110M
9237	283	consensus	6	110M
9238	284	consensus	7	110M
443	285	consensus	15	1M9D125M3D
9239	286	consensus	12	110M
1194	287	AAAC	6	110M
5188	288	consensus	20	110M
9240	289	consensus	4	110M12D
4787	290	A	6	18D110M
5560	291	C	7	110M1D
8819	292	consensus	8	110M
388	293	G	24	22M1D88M1D
9241	294	consensus	4	110M
9242	295	consensus	4	110M
7821	296	CGA	5	12D110M7D
9243	297	consensus	14	110M
1652	298	G	20	110M
670	299	C	5	110M1D
9244	300	consensus	7	1M13D113M4D
8001	301	CT	12	105M3D5M
712	302	G	7	110M
370	303	A	4	110M
9245	304	A	8	110M
3339	305	consensus	9	110M1D
3005	306	GACT	8	47M1D63M
58824	307	A	6	110M
143	308	consensus	4	110M
5253	309	ACC	21	110M1D
9246	310	AGG	5	110M8D
42910	311	consensus	12	110M
3165	312	GCC	8	110M
5028	313	consensus	13	110M
9247	314	consensus	4	8D110M
9248	315	C	6	110M
9249	316	consensus	7	110M
9250	317	consensus	4	110M
9251	318	consensus	13	110M
8456	319	consensus	6	110M1D
7615	320	consensus	11	6D110M10D
2757	321	C	5	110M
9252	322	consensus	4	110M
9253	323	consensus	4	110M
767	324	CT	5	110M1D
9254	325	consensus	4	110M
3666	326	consensus	6	24M1D86M1D
9255	327	consensus	8	110M
5542	328	G	5	110M1D
9256	329	consensus	5	110M
2048	330	CG	7	18D110M
7339	331	AG	10	110M2D
2580	332	T	12	110M
9257	333	consensus	4	110M
9258	334	consensus	5	1M14D109M
90	335	G	6	110M1D
3721	336	C	10	58M1D52M1D
112	337	CCT	6	110M11D
9060	338	G	10	9D110M
9259	339	consensus	5	110M
9260	340	A	12	110M14D
9261	341	consensus	7	110M
4316	342	ATG	6	110M
1952	343	CTG	35	110M
3918	344	consensus	4	102M3D8M
3753	345	consensus	4	110M
9262	346	consensus	6	110M
5350	347	GTC	6	110M
2189	348	G	4	110M
4528	349	CT	3	110M
4528	349	TT	5	110M
1879	350	CC	4	110M
3125	351	consensus	8	110M
9263	352	consensus	11	110M
9264	353	consensus	6	1M1D109M12D
208	354	C	7	15D110M1D
3881	355	ACGC	5	110M
9265	356	G	7	110M
189	357	G	14	110M1D
36	358	A	29	122M
2254	359	TAA	4	110M
7366	360	CTCCA	5	110M
2738	361	G	5	110M
4117	362	G	16	108M1D2M6D
9266	363	consensus	10	110M
1801	364	AC	4	110M
1966	365	A	6	110M
9267	366	consensus	6	110M
9268	367	consensus	7	110M
9269	368	A	6	110M
550	369	consensus	7	96M1D14M
4342	370	consensus	6	110M
3742	371	AA	12	110M
809	372	AC	4	110M
9270	373	consensus	8	110M
205	374	A	6	2M7D120M
1045	375	G	13	6D110M2D
9271	376	consensus	7	110M
9087	377	T	8	122M2D
9272	378	consensus	5	110M
4234	379	consensus	5	110M17D
3529	380	consensus	9	110M1D
1358	381	AGCC	8	110M
9273	382	consensus	4	15D110M4D
9274	383	A	4	110M
9274	383	G	7	110M
2256	384	consensus	12	110M
4114	385	C	12	110M
5786	386	C	5	110M
933	387	A	6	110M
9275	388	consensus	7	110M
4716	389	T	10	110M
2617	390	GCGA	6	110M
5450	391	A	5	110M
1476	392	GTAA	5	110M
4481	393	AT	6	110M
3346	394	TC	9	110M
9045	396	consensus	5	10D111M3D
2883	397	GGA	7	110M
6899	398	A	4	110M
4318	399	AGT	7	110M1D
718	400	consensus	4	110M1D
8036	401	G	9	14D110M
9276	403	AG	5	88M2D22M1D
9277	404	consensus	4	1M7D109M
3772	405	A	5	110M
9278	406	consensus	6	110M
677	407	GA	8	110M1D
9279	408	consensus	4	110M
4369	409	TAGCA	11	110M
9111	410	CTCCAAA	4	7M3D103M
9280	411	consensus	4	110M
9281	412	consensus	6	110M9D
230	413	G	5	110M
9282	414	consensus	10	110M
9283	415	T	21	110M
9284	416	consensus	8	1M6D110M6D
9285	417	consensus	19	110M5D
3138	418	GC	14	110M1D
765	419	G	7	110M
3133	420	consensus	6	3D110M13D
546	421	C	5	110M
9286	422	consensus	5	110M
9287	423	consensus	8	11D19M1D91M
2924	424	GTCCACT	3	110M
2924	424	GTTCACT	4	110M
9288	425	consensus	7	110M
4069	426	C	11	110M
31906	427	consensus	5	113M
7262	428	AA	11	110M
1362	429	consensus	5	9D110M17D
1918	430	GGA	7	2D110M10D
9289	431	TACG	4	110M
78530	432	consensus	7	110M2D
3971	433	consensus	7	110M
639	434	T	6	110M
431	435	consensus	5	4D120M14D
9290	436	consensus	6	110M14D
4105	437	A	5	110M
2022	438	consensus	7	110M
7274	439	GA	10	110M
9291	440	G	4	1D110M
9292	441	consensus	4	110M2D
3169	442	consensus	8	7D110M5D
3780	443	A	14	110M
1022	444	CT	17	110M
1800	445	A	7	110M
9293	446	T	6	111M6D
9294	447	consensus	4	110M
5509	448	CGAA	7	110M
9295	449	consensus	9	110M
5330	450	CTG	4	110M
5330	450	GTG	4	110M
998	451	CC	9	110M
7551	452	consensus	4	1M7D109M11D
1537	453	GCTG	5	110M1D
7458	454	C	12	6D110M15D
9296	455	consensus	5	7D110M3D
4418	456	GGG	7	110M
9297	457	consensus	4	110M
3789	458	G	5	110M1D
1154	459	TT	7	38M2D72M
9298	460	T	19	110M
9299	461	consensus	4	5D110M7D
3570	462	consensus	4	1M15D109M2D
17	463	AC	17	2M4D124M12D
9300	464	consensus	7	110M
9301	465	consensus	6	110M
3792	466	T	22	110M
1785	467	GA	5	110M
790	468	CG	7	110M
9302	469	consensus	8	110M
2748	470	T	8	110M1D
9303	471	consensus	5	110M
9304	472	consensus	4	110M
9305	473	consensus	5	6D110M
9306	474	consensus	8	110M
9307	475	consensus	13	110M
9308	476	AT	6	110M
9309	477	consensus	6	8D110M
9310	478	consensus	7	110M
847	479	CCTACGA	8	110M
9311	480	T	8	110M
9312	481	consensus	4	110M
3018	482	A	4	110M
9313	483	consensus	5	110M
3784	484	T	5	110M
5411	485	G	6	4M4D106M3D
9314	487	consensus	4	110M
1912	488	TA	4	93M7D17M
9315	489	consensus	5	11D110M
2206	490	CGTTTGC	4	110M
9316	491	consensus	10	1M6D109M
2246	493	consensus	5	16D110M4D
9317	494	consensus	5	110M
9318	495	consensus	9	6D110M
7209	496	consensus	5	110M
9319	497	consensus	7	112M
9320	498	consensus	7	110M
9321	499	consensus	9	3D110M8D
75	500	AGG	9	110M
846	501	CN	8	20D113M6D
1229	502	consensus	6	110M
58009	503	consensus	9	110M
9322	504	consensus	14	11D110M3D
9323	505	consensus	5	1M5D109M
1636	506	CTCCGTAGG	10	110M
9324	507	consensus	7	110M
4671	508	consensus	4	9D110M4D
9325	509	consensus	5	10D110M8D
9326	510	consensus	7	110M
9327	511	GGG	6	110M13D
9328	512	consensus	6	1M12D109M
9329	513	consensus	5	110M
2615	514	consensus	5	110M1D
1724	515	consensus	7	110M
9330	516	consensus	5	110M
3755	517	AAGA	6	110M
3276	518	T	4	110M
2997	519	AAT	5	110M
9331	520	C	6	6D110M
2942	521	C	8	110M
1476	522	GATG	10	110M
1757	523	T	4	110M
9332	524	C	5	68M6D44M
3898	525	GCTCC	6	12M1D98M
9333	526	consensus	7	110M
9334	527	consensus	4	110M
2628	528	consensus	6	110M
3552	530	GT	6	110M
9335	531	A	5	1M1D109M16D
9336	532	consensus	4	1M5D109M
3641	533	T	8	68M1D42M1D
9337	535	consensus	9	110M
1439	536	AA	12	110M
5696	537	GG	4	110M1D
9338	538	consensus	8	110M
9339	539	consensus	4	110M
9340	540	consensus	5	11D110M6D
1392	541	AA	4	110M
9341	542	consensus	7	110M1D
9342	543	A	4	110M8D
9342	543	G	4	110M8D
9343	544	G	8	110M23D
2476	545	T	7	110M1D
9344	546	consensus	5	110M
9345	547	consensus	5	4D110M14D
1452	548	T	11	110M
3331	549	consensus	5	110M
5940	550	GG	5	110M
9346	551	consensus	7	110M
9347	552	consensus	8	8D110M1D
3441	553	TATT	6	110M
14986	554	consensus	4	110M
9348	555	consensus	4	6M8D104M4D
2201	556	GATAC	9	102M1D8M
9349	557	consensus	5	110M
3897	558	consensus	5	3D110M13D
2418	559	CA	13	110M
2935	560	consensus	5	110M
9350	561	consensus	5	110M
9351	562	ATAA	6	110M
9352	563	GTTG	4	57M1D25M2D28M
9353	564	consensus	8	110M
3777	565	consensus	6	110M
3557	566	T	4	110M
9354	567	consensus	4	6D110M6D
696	568	G	4	110M
2595	569	CGAA	9	110M
9355	570	consensus	5	110M
9356	571	T	4	3D110M1D
9357	572	consensus	17	5M5D111M5D
3932	573	consensus	5	110M
9358	574	consensus	10	110M
7651	575	GG	4	1M14D109M
4006	576	GG	9	110M
3840	577	GAG	4	110M
2705	578	CAGT	9	16D117M11D
1447	579	T	5	4D110M7D
5535	580	A	5	110M
9359	581	consensus	14	110M
1312	582	G	21	110M
9360	583	GG	6	110M7D
9361	584	consensus	7	110M
9362	585	consensus	9	1M9D109M
9363	586	consensus	10	1M8D109M9D
9364	587	consensus	12	110M
9365	588	consensus	6	6D110M
106	589	TTTTAATATGTAGAC	13	110M1D
106	589	TTTTAGTATGTAGAC	13	110M1D
4134	590	AC	5	110M
286	591	C	6	110M
1667	592	consensus	6	2M12D108M2D
9366	593	consensus	8	114M9D
2062	594	consensus	4	3D110M11D
9367	595	consensus	5	110M
3820	596	GT	10	110M
1305	597	T	10	110M
9368	598	consensus	7	2D111M
9369	599	AAAT	5	110M
7805	600	AGC	12	110M2D
9370	602	consensus	5	110M
3397	603	A	4	110M
1510	604	consensus	15	12D114M10D
1430	605	GA	4	17D110M5D
9371	606	consensus	6	110M
7009	607	AT	4	110M
9372	608	CCTCCATTG	10	9M4D101M
9373	609	GATGC	9	110M7D
9373	609	GCTGC	9	110M7D
7982	610	GA	4	110M
3783	611	AC	9	110M
11	612	consensus	6	2D110M4D
54397	613	CCCCGC	10	110M
9374	614	consensus	5	110M
3509	615	AACG	6	98M1D11M1D1M
9375	616	consensus	4	110M
3030	617	C	5	110M
9376	618	consensus	7	2D110M
9377	619	consensus	6	110M
4372	620	consensus	4	11D110M7D
3520	621	C	7	110M
1797	622	A	10	110M
9378	623	consensus	4	110M
412	624	T	5	110M
9379	625	consensus	5	12D110M
261	626	consensus	10	111M2D
3459	627	CCAT	7	110M
9380	628	consensus	6	110M
9381	629	consensus	7	9D110M2D
6134	630	consensus	11	14D110M4D
338	631	GG	18	110M
58400	632	T	6	110M1D
690	633	CTTTATCTA	8	110M1D
4149	634	A	6	110M
1023	635	CT	9	110M1D
2518	636	consensus	13	110M2D
9382	637	consensus	6	110M
9383	638	consensus	8	110M
9384	639	consensus	7	110M
9385	640	consensus	7	110M
9386	641	T	4	10D110M9D
3284	642	G	4	110M
9387	643	CC	4	1D110M
9388	644	consensus	5	110M
9389	645	consensus	10	113M
711	646	AG	10	20M9D90M
711	646	CG	10	20M9D90M
9390	647	consensus	4	3D110M11D
2338	648	consensus	9	110M
9391	649	consensus	5	110M
9392	650	consensus	5	110M
9393	651	consensus	10	110M
2171	652	TGA	12	110M
9394	653	consensus	8	110M
9395	654	consensus	12	12D110M4D
9396	655	CATCAT	5	110M
4174	656	consensus	7	17D109M5D1M
9397	657	AG	6	2M9D108M12D
9398	658	consensus	5	110M6D
741	659	TC	9	110M
7942	660	C	7	110M
408	661	CGT	11	110M
1401	662	C	5	110M
9399	663	CTAG	5	1M7D109M10D
7308	664	G	5	110M
9400	665	consensus	4	110M
65044	666	consensus	7	110M
1909	667	TCC	4	22D110M
9402	668	consensus	4	110M
3493	669	G	5	110M
9403	670	A	4	113M
9403	670	C	3	113M
9404	671	consensus	22	110M
4864	672	A	5	110M
1851	674	T	4	110M1D
9405	675	consensus	6	110M
9406	676	consensus	13	110M6D
6564	677	consensus	4	1M3D109M
2936	678	GGGGA	16	110M
4097	679	T	11	110M
722	680	consensus	18	110M
9407	681	consensus	8	110M
9408	682	consensus	8	110M
9409	683	consensus	4	110M
7522	684	consensus	8	110M
9410	685	consensus	17	110M
3615	686	consensus	6	16D110M5D
9411	687	consensus	4	2M14D108M1D
9412	688	consensus	6	110M
9413	689	CGGAGACC	4	110M
1158	690	CT	7	110M
4071	691	TATTGG	9	108M1D2M2D
7128	692	consensus	5	110M
9414	693	consensus	19	110M
9415	694	consensus	6	110M
4040	695	consensus	6	110M
469	696	consensus	8	122M22D
64635	697	A	5	110M
64635	697	G	5	110M
5011	698	C	5	68M2D42M
9416	699	consensus	4	110M
9417	700	TG	5	6M3D48M1D56M6D
9418	701	consensus	5	110M
9419	702	consensus	7	110M
9420	703	TG	4	110M
2807	704	G	5	110M
1644	705	AT	7	110M1D
9421	706	consensus	5	110M7D
2149	707	consensus	9	110M
9422	708	consensus	5	110M
9423	709	consensus	6	110M
2060	710	TCA	13	110M
9424	711	consensus	12	110M
9425	712	consensus	6	110M
9426	713	consensus	5	110M
85	714	consensus	9	110M
9427	715	consensus	4	110M
8608	716	CA	4	110M
9428	717	T	10	110M1D
9429	718	consensus	4	110M
8615	719	consensus	6	110M4D
239	720	C	11	110M
4760	721	consensus	5	1D110M10D
3832	722	G	4	110M1D
2024	723	AAT	12	110M
9430	724	consensus	13	2M8D108M
40972	725	consensus	12	110M
9431	726	consensus	6	110M
615	727	TTCGGACGG	20	100M1D10M1D
9432	728	consensus	6	110M
2952	729	G	10	110M1D
145	730	consensus	12	110M
9433	731	consensus	6	110M
9434	732	consensus	9	110M
9435	733	consensus	4	2M12D108M13D
4236	735	GCG	6	1M6D113M11D
2609	736	consensus	5	110M3D
9436	737	consensus	4	110M
9437	738	consensus	6	110M
9438	739	consensus	15	110M
4983	740	CG	5	110M
9439	741	consensus	7	110M
3865	742	ACGTGAG	11	110M6D
3589	743	consensus	4	110M
3273	744	A	7	110M
3203	745	consensus	18	110M
4776	746	consensus	14	110M
9440	747	consensus	8	110M
116	748	T	6	110M
9441	749	consensus	6	110M
9442	750	consensus	4	11D110M
9443	751	consensus	4	110M
1916	752	consensus	4	110M
5617	753	A	8	110M
9444	754	consensus	4	110M
1238	755	T	10	18M1D92M2D
9445	756	consensus	5	110M
1091	757	CCAAAC	8	61M1D49M2D
8372	758	consensus	7	17D110M
5283	759	consensus	5	110M
5590	760	C	7	1M7D109M
62611	761	consensus	7	110M
9446	762	consensus	8	110M
9447	763	consensus	7	110M
1155	764	C	6	110M
9448	765	consensus	5	110M
1877	784	CAGGTTT	4	110M
9449	785	consensus	5	3M22D107M4D
9450	786	consensus	6	110M
9451	788	consensus	6	110M
1698	789	AA	24	110M
9452	790	consensus	7	2M6D108M11D
9453	791	consensus	4	110M
2475	792	AAGACTNNC	12	102M4D12M1D1M
4877	793	A	14	110M
4108	794	TGT	5	110M
9454	795	consensus	4	110M
4412	796	AAGC	11	110M
4412	796	AAGT	9	110M
4412	796	ATGT	11	110M
472	797	CCGAGCTA	5	6M1D33M7D71M
9455	798	C	9	110M
9455	798	T	7	110M
9456	799	consensus	8	9D110M
2591	800	consensus	5	110M
471	801	consensus	7	67M1D44M
9457	802	consensus	6	110M
421	803	consensus	12	110M
4425	804	CGT	7	110M
9458	805	consensus	4	110M
393	806	GT	6	110M
2870	807	consensus	4	110M
9459	808	consensus	6	1M13D109M6D
9460	809	C	8	110M
9460	809	T	23	110M
7749	810	G	6	3D110M7D
9461	811	TC	5	1M2D109M
9462	812	consensus	10	110M
589	813	AA	7	110M
2574	814	GT	6	86M1D24M
3389	815	TCGG	6	74M2D36M12D
1906	816	C	7	110M1D
9463	817	AC	9	110M
9463	817	GG	6	110M
9464	818	consensus	10	110M
9465	819	consensus	7	110M
7880	820	consensus	8	110M
2272	821	TCT	5	63M1D47M
2146	822	consensus	6	110M
9466	823	C	28	110M1D
9467	824	consensus	5	110M
2103	825	consensus	5	1M6D109M9D
1759	826	TTTGGCAAGAAGT	8	110M
1759	826	TTTGGCAAGAGGT	11	110M
1759	826	TTTGGCAAGTAGT	1	110M
1759	826	TTTGGCAAGTGGT	8	110M
4841	827	consensus	4	1M5D109M2D
4613	828	AAGG	6	8D119M
9468	829	consensus	8	110M
8330	830	GC	6	110M
2968	831	CA	6	110M
9469	832	consensus	4	110M
284	833	GACG	25	44M1D66M1D
284	833	GGCG	25	44M1D66M1D
2732	834	TAAC	26	102M1D8M
2653	835	CAC	15	4D110M15D
2653	835	CGC	15	4D110M15D
2307	836	consensus	6	110M
7234	837	CT	4	110M
9470	838	C	6	3M3D107M7D
5340	839	CC	19	110M
2659	840	GGGC	5	55M1D55M2D
9471	841	consensus	8	4D110M12D
8238	842	A	9	110M
1132	843	GGC	4	1D110M23D
9472	844	consensus	6	110M
1838	845	consensus	5	110M
5456	846	consensus	19	110M1D
9473	847	T	6	110M5D
5488	849	TT	7	110M
9474	850	consensus	4	110M
846	851	TC	21	121M18D
788	852	consensus	7	110M
2913	853	AG	12	110M
7682	854	consensus	7	110M
9475	855	T	9	1M1D109M5D
3100	856	C	8	110M1D
5018	857	ATT	5	110M
9476	858	C	5	110M3D
9477	859	consensus	6	110M
9478	860	C	11	2M5D108M
56658	861	ATAC	6	110M
1105	862	A	17	110M
9479	863	consensus	16	110M
9480	864	consensus	5	110M
3826	865	consensus	4	1M7D109M6D
9481	866	consensus	5	5D110M
8090	867	GGA	6	110M
9482	868	consensus	6	110M
127	869	TA	26	110M1D
2802	870	A	5	110M
9483	871	GTGA	5	110M
9484	872	consensus	10	110M6D
321	873	consensus	4	110M2D
9485	874	consensus	8	110M13D
9486	875	consensus	5	1M6D109M12D
9487	877	consensus	9	110M
44	878	AGGCG	13	8D116M18D
4532	879	consensus	7	110M
1356	880	consensus	6	110M1D
7726	881	T	5	110M
9488	882	consensus	5	110M
9489	883	NCAA	7	14D110M9D
8369	884	T	5	110M
1884	885	G	5	110M
9490	886	consensus	4	110M
9491	887	consensus	4	110M
9492	888	consensus	4	12D110M7D
220	889	CGG	6	110M
1057	890	GACG	4	110M
1711	891	TG	14	28M11D82M
2314	892	T	15	110M
9493	893	consensus	5	110M
424	894	A	12	110M
1152	895	A	12	110M
630	896	consensus	5	1M14D44M3D65M9D
9494	897	G	4	101M2D9M
2116	898	G	8	110M8D
9495	899	C	7	110M
47970	900	ATACGGC	5	110M
450	901	consensus	15	110M
3575	902	T	18	112M
1577	903	consensus	4	110M
4377	905	TA	13	110M
9496	906	consensus	6	1M13D109M7D
9497	907	consensus	7	110M1D
3371	908	G	10	110M
165	909	CTT	14	36M1D74M
9498	910	consensus	7	3M15D107M2D
9499	911	consensus	4	110M
9500	912	consensus	4	110M
1169	913	consensus	8	110M
1381	914	AAACTAAT	12	110M
8932	915	consensus	6	110M
9501	916	GCC	8	2M6D111M11D
9502	917	consensus	5	110M
3556	918	A	4	110M
9503	919	consensus	7	3D110M
4038	920	AGCGA	9	110M
2875	921	C	7	110M
679	922	TCGCGGAGT	20	110M1D
679	922	TCGTGGAGT	20	110M1D
2346	923	consensus	9	5D110M
2068	924	CA	10	110M
9063	925	consensus	9	110M
490	926	TGA	17	110M1D
9504	927	G	5	110M
3744	928	C	7	110M
2706	929	consensus	4	110M
2731	931	consensus	6	3M4D107M10D
251	932	AGGGG	7	110M3D
873	934	consensus	9	100M1D10M1D
5158	935	A	5	105M1D5M5D
1701	936	consensus	5	110M
1756	937	GC	8	110M
9505	938	consensus	6	110M
5457	939	consensus	12	110M
72862	940	CCTCGT	27	110M
7599	941	consensus	11	110M
1277	942	consensus	5	110M
9506	943	consensus	7	110M
5210	944	consensus	4	110M
9507	945	G	5	110M
2889	946	consensus	11	110M
80801	947	consensus	13	110M1D
9508	948	consensus	10	2D110M16D
2301	949	AC	6	110M
2301	949	AT	8	110M
9509	950	consensus	6	110M
9510	951	consensus	13	110M
9511	952	consensus	13	110M
9512	953	consensus	16	110M
427	954	GA	8	110M
1606	955	C	17	110M1D
1028	956	T	4	110M
5632	957	C	5	110M
9513	958	consensus	8	110M
1470	959	CA	11	35M1D75M2D
1046	960	GA	4	110M
59896	961	T	8	110M
5693	962	consensus	5	110M
51229	963	consensus	15	110M
348	964	C	6	110M
7991	966	consensus	4	110M7D
9514	967	A	5	1M1D109M16D
3656	968	AA	5	110M
273	969	CG	4	8M2D102M
1061	970	T	24	110M
9515	971	consensus	6	110M
1443	972	CG	21	110M
7787	973	G	13	28M2D83M3D
362	974	consensus	11	110M
3014	975	consensus	8	110M
2182	976	consensus	15	110M1D
9516	977	consensus	5	110M
84140	978	consensus	7	110M
9517	979	consensus	7	110M
7190	980	GT	8	110M
368	981	consensus	29	110M
9518	982	consensus	8	1M12D109M
9519	983	consensus	6	11D110M7D
9520	984	GCGGGGGGTCAA	5	110M
9521	985	consensus	11	110M
9522	986	consensus	4	110M
9523	987	G	5	4D110M11D
4317	988	G	18	110M
9524	989	consensus	7	2D110M
2286	990	TA	12	110M
3536	991	consensus	11	110M
9525	992	consensus	4	110M
4454	993	TAT	4	42M1D68M
3103	994	AGC	12	110M
1412	995	GC	15	110M1D
2811	996	GATTT	5	110M
9526	997	consensus	6	9D110M
1677	998	consensus	9	110M1D
56653	999	AT	5	110M
9527	1000	consensus	4	3M3D107M
9528	1001	consensus	6	110M
9529	1002	consensus	6	110M
4155	1003	ACGT	6	110M
335	1004	T	4	110M1D
334	1005	C	7	99M1D11M
3880	1006	A	11	110M
7870	1007	consensus	11	110M
1070	1008	consensus	13	4D114M11D
1207	1009	TGAG	13	110M
1207	1009	TGAT	5	110M
232	1010	AA	4	110M1D
9530	1011	consensus	4	110M
5369	1012	consensus	8	1M11D109M4D
9531	1013	consensus	8	110M
1004	1014	TA	10	110M
1004	1014	TG	12	110M
9532	1015	consensus	7	110M
9533	1016	consensus	4	110M
9534	1017	consensus	7	8D110M11D
8069	1018	C	4	110M
9535	1019	consensus	4	110M
9536	1020	consensus	5	110M19D
9537	1021	consensus	4	2M1D108M
4518	1022	T	8	110M
3494	1023	A	22	110M
9538	1024	consensus	9	8D110M3D
9539	1025	consensus	6	110M
2310	1026	GCAA	6	110M1D
6861	1027	A	16	110M
745	1028	consensus	5	71M1D39M
9540	1029	consensus	4	110M
4469	1030	TC	5	1M14D109M4D
9541	1031	CA	10	110M
3236	1032	A	10	110M
859	1033	T	4	110M1D
9542	1034	consensus	10	16D114M
647	1035	consensus	6	10D110M
9543	1036	consensus	7	110M
5580	1037	G	6	15D110M3D
31	1038	TACAAAA	7	118M
31	1038	TGCAAAA	8	118M
31	1038	TGCAGAA	6	118M
9544	1039	consensus	4	110M
9545	1040	A	7	15D109M1D1M
9546	1041	consensus	4	110M
4011	1042	consensus	26	110M
2562	1043	consensus	12	5D110M
7742	1044	AC	14	74M1D36M
9547	1045	consensus	4	110M
9548	1046	TAAGG	5	110M
5518	1047	T	6	53M1D57M
4489	1048	C	7	110M13D
118	1049	TG	4	110M
3943	1050	C	4	110M
9549	1051	consensus	4	110M
679	1052	TAGTGGGAT	17	110M1D
679	1052	TCGTGAGAT	17	110M1D
9550	1053	A	7	7D110M1D
9551	1054	T	8	68M5D42M
3258	1055	TAA	17	110M1D
14	1056	CGCA	8	10D115M6D
5428	1057	consensus	8	110M1D
3699	1058	C	15	110M
3475	1059	G	9	110M
9552	1060	consensus	4	110M
71	1061	C	10	110M
50	1062	CGTCNN	5	2M10D109M17D
9553	1063	consensus	10	110M
60093	1064	consensus	5	110M
9554	1065	consensus	7	110M
7208	1066	consensus	4	9D110M11D
9555	1067	consensus	8	110M
3625	1068	TTCCTTT	5	110M2D
2165	1069	TGGC	12	110M1D
9556	1070	consensus	6	110M
9557	1071	C	10	110M
9558	1072	consensus	14	110M
2168	1073	A	11	19D110M
959	1074	consensus	5	110M1D
3978	1075	TAA	5	64M1D46M
7252	1076	TT	9	7D110M6D
4046	1077	CA	13	110M9D
1668	1078	CTCGT	11	20M5D90M5D
9559	1079	consensus	5	11D110M6D
9560	1080	consensus	9	110M
2707	1081	consensus	16	110M
1171	1082	CTCCA	14	110M
9561	1083	consensus	4	110M
4977	1084	consensus	4	7D110M
9562	1085	consensus	11	110M
9564	1087	CTC	12	110M
7123	1088	C	10	110M
9565	1089	consensus	11	110M
7761	1090	consensus	4	110M
3948	1091	TT	7	108M2D2M
9566	1092	consensus	5	110M
9567	1093	consensus	4	110M
1536	1094	CGAC	13	110M
7362	1095	consensus	6	110M
9568	1096	C	7	14D109M1D1M
7434	1097	T	4	110M1D
136	1098	A	16	110M
3067	1099	TTCG	12	110M
8412	1100	GA	17	116M
3225	1101	T	4	110M
2219	1103	GT	7	110M
7227	1104	consensus	7	28M1D82M
9569	1105	G	8	110M6D
5320	1106	consensus	4	8M6D102M3D
1420	1107	TA	34	110M1D
4234	1108	consensus	18	1M13D113M
9570	1109	CG	9	110M
1798	1110	TC	4	109M2D1M
5686	1111	consensus	6	110M2D
7557	1112	GAT	5	110M
9571	1113	A	4	110M
936	1114	GC	9	110M3D
59	1115	GCTGA	8	16D116M7D
9572	1116	consensus	6	110M
1702	1117	consensus	7	110M
69305	1118	consensus	5	110M
4836	1119	G	6	110M
9573	1120	consensus	15	110M
5042	1121	G	6	110M
737	1122	consensus	5	110M
636	1123	CAAACATGGGTA	15	110M5D
3660	1124	G	10	110M
9574	1125	consensus	4	110M
8829	1126	consensus	4	110M
1856	1127	T	13	110M1D
764	1128	A	4	110M1D
9575	1129	consensus	6	10D110M
423	1130	TAACC	5	110M3D
3533	1131	consensus	11	110M1D
381	1132	GTACT	26	110M
4163	1133	T	18	110M1D
9576	1134	consensus	4	110M8D
470	1135	AA	17	1M4D126M1D
2767	1136	CCT	4	110M
4083	1137	consensus	8	1M14D109M1D
9136	1138	CGTC	9	112M19D
9577	1139	consensus	4	110M
9578	1140	consensus	9	110M
63	1141	CT	6	110M1D
1670	1142	consensus	7	110M
9579	1143	T	4	110M
828	1144	consensus	6	110M
9580	1145	consensus	4	110M
9581	1146	consensus	7	110M
9582	1147	AT	6	110M
3860	1148	consensus	9	7M1D103M
4541	1149	A	10	110M
9583	1150	consensus	7	110M
5483	1151	consensus	13	110M
149	1152	TTGG	11	110M
716	1153	G	17	110M
4971	1154	NG	11	5D110M15D
9584	1155	consensus	5	110M4D
9585	1156	consensus	7	110M
2539	1157	AT	21	110M
9586	1158	consensus	9	110M
9587	1159	A	6	110M
2206	1160	TGTCTAC	17	110M
59555	1161	consensus	5	110M1D
3676	1162	T	4	110M
4891	1163	T	5	110M
59560	1164	consensus	12	1D110M
819	1165	CGC	13	3M16D112M3D
819	1165	CGT	13	3M16D112M3D
9588	1166	consensus	5	110M
9589	1167	consensus	7	1M8D109M3D
5842	1168	consensus	4	110M
3174	1169	GGAG	6	110M1D
9590	1170	consensus	9	110M7D
2637	1171	C	7	110M
9591	1172	consensus	5	110M
5746	1173	T	11	110M
9592	1174	consensus	11	110M
982	1175	ATA	5	110M
982	1175	ATT	3	110M
9593	1176	consensus	4	110M
9594	1177	T	17	110M4D
50	1178	TGTCNN	17	1M13D117M7D
9595	1179	consensus	13	110M
2962	1180	GTATA	8	110M
4632	1181	C	14	110M4D
4632	1181	G	6	110M4D
626	1182	T	9	110M
4127	1183	T	6	107M1D3M
292	1184	A	9	110M
7540	1185	AC	7	110M
9596	1186	consensus	10	118M
7786	1187	CC	4	110M
9597	1188	consensus	4	110M
1804	1189	T	16	110M
7466	1190	consensus	6	110M1D
657	1191	CCGCAGGGAT	6	110M4D
317	1192	GAT	10	110M
9598	1194	G	7	110M
9598	1194	T	5	110M
9599	1195	consensus	5	110M
9600	1196	G	12	110M
9601	1197	consensus	10	4D110M16D
9602	1198	consensus	7	110M
9603	1199	consensus	8	12D110M
1601	1200	consensus	10	110M
299	1201	AGCCCCACTT	12	107M1D3M
9604	1202	consensus	4	110M
3677	1203	TCA	19	110M1D
888	1204	ATG	6	10M1D100M
9605	1205	consensus	4	110M
9606	1206	consensus	4	110M11D
7373	1207	consensus	5	6D110M4D
4205	1208	consensus	12	57M3D53M
2673	1209	GT	16	110M
9607	1210	consensus	5	10D110M3D
9608	1212	consensus	6	1M1D109M16D
7909	1213	GA	10	110M1D
71072	1214	consensus	11	110M11D
1822	1215	TTCA	6	97M4D13M
7727	1217	A	8	14D110M12D
9609	1218	consensus	11	110M
9610	1219	consensus	5	110M
1297	1220	G	7	84M2D26M
9611	1221	consensus	5	83M2D27M
5606	1222	T	11	110M1D
9612	1223	consensus	11	110M11D
9613	1224	consensus	10	110M
2080	1225	CG	5	110M
549	1226	consensus	4	110M
3910	1227	TG	7	110M
9614	1228	consensus	14	116M
4678	1229	GA	5	110M
1806	1230	C	6	73M1D37M1D
2469	1231	ATA	4	110M
2469	1231	CTA	9	110M
1755	1232	GTA	14	110M1D
1005	1233	consensus	8	110M
2016	1234	AAAAGGT	7	9D110M17D
9615	1235	A	7	110M
9615	1235	G	3	110M
9616	1236	consensus	15	110M
54152	1237	consensus	9	114M
9617	1238	consensus	8	110M
9618	1239	consensus	6	110M
9619	1240	consensus	5	110M12D
359	1241	GA	6	110M
3693	1242	CC	9	110M1D
9620	1243	T	6	7D110M13D
9621	1244	consensus	8	110M
9622	1245	consensus	10	110M
1736	1246	GGGGGTAGGCTACA	12	110M
8007	1247	consensus	8	110M
9623	1248	consensus	6	110M
225	1249	TT	11	110M
2971	1250	TC	5	10D107M6D3M
7659	1251	T	4	110M
9624	1252	consensus	4	13D110M
9625	1253	consensus	4	110M
1331	1254	consensus	6	110M
9626	1255	consensus	9	110M
584	1257	consensus	11	66M4D44M
1259	1258	consensus	12	110M
9627	1259	GT	5	110M
6531	1260	T	7	110M1D
9628	1261	consensus	11	110M
41943	1262	consensus	54	110M1D
9629	1263	consensus	7	1M7D109M5D
9630	1264	consensus	21	110M
9631	1265	C	4	4D110M6D
620	1266	TCGGT	4	110M1D
734	1267	consensus	10	110M
360	1268	consensus	30	110M
4568	1269	consensus	7	110M
4538	1270	CACCTT	12	110M1D
941	1271	A	11	110M
4157	1272	consensus	13	110M
4158	1273	consensus	11	110M
9632	1274	consensus	7	110M
4008	1275	consensus	9	110M
1058	1276	T	7	82M1D28M
9633	1277	consensus	10	110M10D
8087	1278	A	7	110M
7714	1279	GGTT	6	110M
9634	1280	consensus	4	110M
2050	1281	TT	11	110M
9635	1282	TCA	6	110M
9636	1283	consensus	12	110M
9637	1284	consensus	4	8D110M8D
7861	1285	CG	9	3D110M16D
9638	1286	consensus	7	110M
7311	1287	A	9	110M
4159	1288	A	7	11D110M5D
1221	1289	consensus	5	5D110M13D
4079	1290	TGG	4	110M
1788	1291	A	13	110M
4227	1293	TGTTCCAA	12	110M
4795	1294	AG	4	7D110M8D
1311	1295	AAA	14	110M1D
1311	1295	ATG	14	110M1D
851	1296	AA	21	110M
176	1297	consensus	5	110M
9639	1298	consensus	6	13D110M
9640	1299	consensus	4	110M12D
7236	1300	TAG	12	110M
9641	1301	C	5	110M2D
9642	1302	consensus	8	10D110M
3485	1303	consensus	11	110M
1822	1304	GCCG	5	110M4D
9643	1306	consensus	12	110M
184	1307	C	6	110M7D
3313	1308	consensus	16	110M1D
3576	1309	A	9	20M2D90M1D
467	1310	TG	9	110M
9644	1311	consensus	15	110M
4703	1312	TG	12	85M1D25M
9645	1313	consensus	5	1M5D109M12D
9646	1314	consensus	4	110M
4840	1315	consensus	7	110M
423	1316	GGGTC	5	74M2D36M1D
1117	1317	A	16	110M
576	1318	TCTT	22	110M1D
6027	1319	GG	11	110M1D
9647	1320	consensus	7	110M
5118	1321	TCAG	4	110M
9648	1322	consensus	5	110M7D
29	1323	consensus	14	2M22D108M4D
4109	1325	GTCC	4	110M1D
9649	1326	consensus	9	1M1D109M
1691	1327	G	4	110M
9650	1328	consensus	5	110M
8531	1329	GGGA	8	44M2D66M
3196	1330	G	5	42M1D68M
1762	1331	CGG	9	11M1D60M2D39M
1069	1332	consensus	5	110M
9651	1333	consensus	6	1D110M
2032	1334	AA	7	110M
5381	1335	AA	4	110M
9652	1336	C	12	6D110M8D
4609	1337	consensus	7	110M
1183	1338	AAGGGA	9	110M
2814	1339	GTT	6	110M1D
3112	1340	GGGGAG	16	110M
4058	1341	C	12	110M
7282	1342	consensus	7	110M
2777	1343	C	7	110M1D
9653	1344	AG	5	1D115M15D
5674	1345	consensus	9	110M
7534	1346	CT	8	110M1D
9654	1347	consensus	7	9D110M
5327	1348	A	15	110M
9655	1349	consensus	11	4D110M
5485	1350	TC	8	110M
9656	1351	consensus	10	5M13D105M
1302	1352	consensus	9	110M
9657	1353	consensus	7	110M
4180	1354	T	8	110M1D
1132	1355	GGC	4	110M24D
153	1357	GC	6	110M
1550	1358	CT	16	110M
9658	1360	consensus	12	110M
9659	1361	consensus	12	120M7D
4497	1362	TT	8	110M1D
2886	1363	GC	10	110M
9660	1364	consensus	6	110M
75294	1365	consensus	10	120M
4562	1367	AG	11	1M11D114M12D
3861	1368	A	9	37M2D73M1D
5734	1369	G	6	110M1D
9661	1370	TCTC	12	110M
636	1371	CAGTCATGACTA	14	110M5D
636	1371	TAGTCATGACTA	14	110M5D
2014	1372	ATGA	10	110M
3664	1373	TCGG	8	110M
5615	1374	TAT	8	110M1D
2076	1375	consensus	8	110M
2075	1376	consensus	8	110M
1425	1377	consensus	9	66M1D44M
9662	1378	consensus	12	110M
3722	1379	consensus	5	110M1D
2366	1380	A	6	110M
9663	1381	G	10	110M
9664	1382	consensus	18	110M
7916	1383	TT	7	110M
9665	1384	consensus	22	12D108M3D2M
9666	1385	G	10	110M
9666	1385	T	8	110M
925	1386	TGCAAC	13	110M
9667	1387	consensus	8	110M
9668	1388	AG	7	111M
9669	1389	T	4	110M3D
9670	1390	consensus	5	7D110M
1630	1391	CT	5	110M
259	1392	AATAT	5	104M2D6M
9671	1393	consensus	4	1M14D109M5D
1761	1394	consensus	9	110M
1911	1395	TAG	15	1M8D122M7D
1949	1396	consensus	15	110M20D
4230	1397	AGC	6	1M20D109M5D
3617	1398	A	19	110M
1254	1399	GT	5	110M
8670	1400	AC	18	81M12D29M
3166	1401	AC	10	79M1D31M
1123	1402	GTG	12	110M15D
9672	1403	consensus	12	110M
5557	1404	consensus	7	1M13D109M6D
3132	1405	C	13	110M1D
9673	1406	consensus	8	110M
135	1407	consensus	4	110M
8283	1408	AC	9	110M1D
5703	1409	consensus	9	110M1D
9674	1410	consensus	4	110M
9675	1411	consensus	4	2M1D108M
7133	1412	consensus	4	110M1D
7228	1413	consensus	31	110M
3006	1414	AGAGA	5	110M
9676	1415	consensus	9	110M
548	1416	T	24	66M1D44M1D
9677	1417	consensus	7	110M
422	1418	G	5	2M3D108M6D
4244	1419	consensus	9	5D114M12D
4130	1420	consensus	9	110M
9678	1421	consensus	10	110M
138	1422	consensus	5	110M1D
3690	1423	consensus	10	19D110M
943	1424	CA	9	110M1D
3111	1425	GT	7	110M
9679	1426	G	7	2M10D108M3D
3342	1427	A	6	110M
5299	1428	A	6	110M
1544	1429	GC	11	110M
5133	1430	consensus	8	110M1D
1585	1431	consensus	7	110M
9680	1432	consensus	4	110M
13994	1433	consensus	5	2D112M1D
7685	1434	consensus	5	110M
9681	1435	consensus	11	1M2D109M15D
4593	1436	A	5	110M
4593	1436	T	13	110M
1054	1437	C	5	110M
9682	1438	consensus	5	110M5D
9683	1439	consensus	6	110M
1148	1440	consensus	13	110M1D
7884	1441	consensus	5	1M2D109M15D
1705	1442	consensus	4	110M1D
9684	1443	consensus	4	6D110M3D
9685	1444	consensus	4	110M12D
1886	1445	ACTA	20	110M
2481	1446	consensus	9	110M1D
1449	1447	T	4	4D110M16D
1427	1448	CG	14	110M
9686	1449	consensus	7	110M
2571	1450	A	4	110M1D
3797	1451	GG	8	110M
9687	1452	C	7	110M
182	1453	consensus	4	110M10D
9688	1454	consensus	4	110M
7289	1455	G	9	110M
5437	1456	consensus	14	10D110M6D
3685	1457	consensus	8	110M
9689	1458	consensus	6	110M
8491	1459	consensus	8	110M
7554	1460	A	6	110M
9690	1461	consensus	4	110M
9691	1462	GC	6	8D110M7D
9692	1463	GC	5	15D108M6D2M
858	1464	consensus	9	104M2D6M
9693	1465	consensus	6	7D110M
9694	1466	C	6	9D110M1D
8891	1467	AATT	4	110M
9695	1468	consensus	9	1D110M12D
9696	1470	TCC	8	110M12D
1365	1471	T	14	110M1D
8314	1472	C	4	17D110M6D
9697	1473	CCTCCAT	7	1D8M2D102M
9698	1474	consensus	8	110M
1656	1475	GGGAT	6	110M
1068	1476	CCTATT	12	110M1D
3618	1477	AGCA	19	110M
818	1478	GGCAAATGGACA	6	110M
# sstacks completed on 2026-03-06 12:14:56
