# sstacks version 2.68; generated on 2026-03-06 12:14:58
1362	2	consensus	35	15D121M
15	6	AT	47	7D114M14D
281	8	C	26	24D120M2D
7508	9	T	17	64M4D48M6D
459	10	CACAG	26	20M10D91M
459	10	CACGG	26	20M10D91M
857	11	AA	37	7D114M11D
21	14	GACN	22	2M14D114M13D
31	17	TGCAAAA	14	118M
31	17	TGTAAAA	11	118M
44	18	AGGCG	33	18D114M10D
3430	19	AC	13	16D116M8D
7434	21	G	7	111M
7434	21	T	6	111M
19689	23	CG	19	121M6D
6	24	consensus	36	1M10D117M14D
49338	25	consensus	19	117M1D
62031	26	consensus	15	113M
1110	29	TC	20	1M6D112M7D
71793	31	consensus	24	118M1D
19690	32	consensus	29	114M
19691	34	consensus	19	111M
73919	35	consensus	27	112M3D
19692	37	consensus	12	114M
846	39	CN	19	20D116M3D
26	41	consensus	28	1M2D116M27D
1212	43	GCG	28	110M1D
7553	44	C	15	110M
14366	45	consensus	13	110M1D
1495	46	ACTAAT	30	99M5D11M
2872	47	TT	4	110M1D
1794	48	C	16	110M
1886	49	ACCA	5	110M
299	50	GGCCCCACTC	11	110M1D
19693	51	consensus	16	110M
1677	52	consensus	34	111M
953	53	CT	21	17D110M5D
2856	54	consensus	5	10D110M7D
19694	55	consensus	10	110M
1869	56	GT	38	110M1D
6196	57	CAA	10	110M
472	58	CCGAGCTA	19	6M1D33M7D71M
629	59	C	18	110M1D
2320	60	consensus	4	77M6D33M4D
2651	61	GA	5	110M3D
5148	62	AA	7	110M
19695	63	consensus	7	8D110M
2910	64	AT	15	102M3D8M
1661	65	T	49	110M
4532	66	consensus	18	110M
3180	67	T	8	110M
19696	68	consensus	9	2D110M4D
4622	69	CATACCAAT	8	110M
3581	70	A	21	110M
19697	71	consensus	11	110M
19698	72	consensus	10	110M
5358	73	GCC	11	110M
19699	74	CC	23	43M1D67M1D
6052	75	AC	26	110M
7625	76	A	4	110M1D
15715	77	consensus	9	110M4D
3136	78	A	18	110M
19700	79	consensus	12	110M
641	80	consensus	9	110M1D
3377	81	consensus	8	110M
19701	82	consensus	39	110M
5673	83	consensus	7	110M
4321	84	AC	7	110M
3061	85	G	8	110M1D
2206	86	CGTTTGC	20	110M
9069	87	consensus	5	5D110M10D
19702	88	consensus	15	1M12D109M
19703	89	consensus	11	11D110M
19704	90	AATAC	5	14D110M
9397	91	AG	4	2M5D108M16D
19705	92	T	22	110M7D
5606	93	T	22	110M1D
19706	94	consensus	13	110M
1078	95	TAC	17	110M
19707	96	consensus	10	110M1D
19708	97	consensus	4	110M
19709	98	consensus	5	2D110M
19710	99	consensus	8	110M
477	100	GGTCT	4	110M
70510	101	consensus	21	110M
2425	102	GA	5	110M
76832	103	consensus	9	110M
403	104	consensus	7	110M
19711	105	consensus	19	1D110M12D
3174	106	GGAG	5	110M1D
19712	107	consensus	11	1M2D109M8D
9900	108	consensus	21	110M
14462	109	A	5	110M
19713	110	consensus	11	11D110M
10994	111	C	12	3M5D107M2D
233	112	CT	6	110M
3905	113	A	12	110M10D
3836	114	G	17	18D110M
19714	115	consensus	14	110M
19715	116	consensus	10	110M
6942	117	consensus	13	1M12D109M
240	118	consensus	22	1D108M1D2M
4315	119	G	14	110M
19716	120	consensus	8	110M
19717	121	consensus	12	110M
10795	122	G	4	110M
15056	123	consensus	17	2D110M5D
4915	124	GC	23	110M
1536	125	CGAC	4	110M
3288	126	C	9	110M
3181	127	TCGAT	5	110M
19718	128	consensus	16	110M
14209	129	consensus	10	110M
19719	130	consensus	13	1M5D109M9D
519	131	G	19	110M1D
2277	132	A	6	110M
19720	133	consensus	11	110M
7262	134	AT	29	110M
26312	135	AGGGGG	6	69M12D41M4D
16251	136	consensus	4	110M
1763	137	G	9	110M
19721	138	consensus	30	110M
5640	139	A	10	110M
19722	140	consensus	7	7D110M
1111	141	GGC	25	110M
3978	142	TAA	12	111M
19723	143	G	21	110M
19723	143	T	8	110M
6899	144	G	10	110M
8874	145	AGG	6	110M
4030	146	AATTCCCTTCAG	7	44M1D66M3D
1596	147	CTCA	11	110M
2952	148	G	14	110M1D
9172	149	G	24	110M1D
2391	150	consensus	10	110M
393	151	GT	9	110M
19724	152	consensus	8	110M
19725	153	consensus	7	110M
593	154	CC	17	110M
19726	155	consensus	9	3M8D107M4D
3913	156	C	5	110M2D
19727	157	consensus	10	110M
3449	158	TAT	8	110M1D
5775	159	T	10	110M
19728	160	consensus	10	110M10D
3677	161	TAA	40	110M1D
19729	162	consensus	7	110M
19730	163	consensus	11	110M
2888	164	consensus	11	110M
1924	165	AG	11	110M1D
19731	166	consensus	5	110M
19732	167	consensus	6	110M14D
19733	168	consensus	7	2D110M11D
2387	169	consensus	5	13M1D54M1D43M1D
19734	170	consensus	9	110M
748	171	consensus	13	110M1D
931	172	A	21	110M
4635	173	A	17	31M1D79M
1538	174	A	6	110M
1679	175	consensus	19	110M1D
9571	176	A	29	110M
19735	177	consensus	8	3D110M
19736	178	G	40	1M4D109M10D
14130	179	TC	4	8D110M12D
6946	180	consensus	15	2M12D108M
2489	181	G	19	110M
7481	182	GGA	15	110M
2653	183	AAC	31	13D110M6D
1755	184	GTA	5	110M1D
3012	185	C	7	110M
2028	186	consensus	5	70M1D40M8D
1591	187	consensus	25	110M1D
4834	188	consensus	46	110M2D
19737	189	consensus	6	110M
836	190	TT	13	56M1D54M
8330	191	GC	30	110M
11919	192	consensus	10	110M
19738	193	consensus	9	2M4D108M6D
531	194	consensus	11	2D110M
8965	195	GACG	20	110M
3475	196	G	52	110M
4194	197	consensus	5	110M
2349	198	consensus	5	110M
3593	199	consensus	13	110M
19739	200	consensus	15	110M
4022	201	ATA	21	110M2D
3418	202	consensus	9	110M
52684	203	consensus	12	110M
546	204	T	7	110M
19740	205	consensus	10	110M4D
62592	206	consensus	9	110M
19741	207	consensus	4	110M
1046	208	GA	7	110M
3203	209	consensus	13	110M
814	210	T	20	67M1D43M2D
4464	211	consensus	8	110M
2018	212	AA	9	110M
19742	213	consensus	4	110M
1203	214	GGGC	35	110M
1204	215	consensus	20	110M
19743	216	consensus	12	110M
19744	217	consensus	9	110M2D
2290	218	consensus	18	113M
19745	219	consensus	9	110M
846	220	TC	7	9D112M18D
19746	221	consensus	17	110M
2709	222	consensus	5	28M6D34M6D48M
19747	223	consensus	11	110M
1952	224	CCC	40	110M
19748	225	consensus	4	110M
1589	226	consensus	27	110M
3686	227	AG	7	110M
5124	228	consensus	5	110M
19749	229	consensus	26	4D110M
1005	230	consensus	19	110M
3607	231	CTC	13	110M
2268	232	consensus	13	15D110M1D
1542	233	TGA	7	110M
9154	234	consensus	4	6M5D104M11D
1983	235	A	8	6M1D104M
2870	236	consensus	29	110M
16060	237	T	4	110M
3492	238	T	7	110M
10481	240	consensus	12	110M
1436	241	consensus	5	110M
19751	243	consensus	7	110M
19752	244	consensus	10	110M
9685	245	consensus	5	11D110M1D
19753	246	consensus	4	110M
19754	248	consensus	13	9D110M6D
327	249	consensus	20	110M
18143	250	CG	5	8D110M
251	251	AGGGG	4	110M3D
19755	252	consensus	5	110M
9365	254	consensus	17	110M6D
2443	255	C	7	110M1D
19756	256	consensus	6	110M
19757	257	consensus	17	110M
19758	258	consensus	7	110M
2345	259	A	8	110M
3820	260	GT	6	110M
1286	261	consensus	13	110M1D
3840	262	GAG	12	110M
1586	263	ACG	7	110M
19759	264	consensus	10	2D110M
19760	265	consensus	5	110M
4466	266	T	8	110M1D
19761	267	consensus	4	110M
19762	268	consensus	18	110M
2924	269	ACTCAAG	10	110M
1197	270	G	10	5M1D105M
19763	272	consensus	11	110M
13876	273	consensus	5	110M
19764	274	consensus	7	110M
2075	275	consensus	8	110M
19765	276	consensus	14	110M
1637	277	TAA	18	110M
19766	278	C	16	3D110M10D
19767	279	consensus	9	110M10D
3754	280	T	25	110M
4050	281	consensus	13	1M4D109M14D
2201	282	TGTAC	30	102M1D8M
1881	283	ATACGGCAC	11	103M2D9M1D
1881	283	ATACGGTAC	11	103M2D9M1D
821	284	T	6	110M1D
19768	285	consensus	7	110M
19769	286	consensus	5	110M
1365	287	T	12	110M1D
19770	288	consensus	12	110M1D
285	289	CG	8	110M1D
2900	290	AT	17	110M
102	291	CCCG	12	110M
17260	292	consensus	7	110M3D
5299	293	A	8	110M
1600	294	A	7	110M
1398	296	C	8	110M
2726	297	TGA	13	110M
915	298	consensus	4	110M
8027	299	consensus	10	111M2D
3997	300	consensus	6	110M
4808	301	C	15	110M
19771	302	consensus	16	110M
3678	303	AG	11	22D110M
1235	304	GG	13	110M
3771	305	T	6	110M
5893	306	consensus	7	110M
6433	307	consensus	6	7D110M5D
5909	308	G	37	110M
818	309	GGCAAATGGACA	13	110M
2947	311	GG	5	110M
3666	312	consensus	14	24M1D86M1D
1148	313	consensus	24	110M1D
19773	314	consensus	9	110M
13322	315	ATT	10	110M
2407	316	consensus	15	110M
19774	317	consensus	19	110M
19775	318	consensus	10	10D110M6D
5667	319	consensus	8	103M2D7M10D
10708	320	TGAC	9	110M
19776	321	AAC	9	5D110M11D
19777	322	consensus	19	110M
3664	323	TCGG	23	110M
19778	324	consensus	4	5D110M6D
58841	325	consensus	5	110M
12015	326	C	7	9D109M4D1M
4627	327	consensus	6	2M7D108M11D
2223	328	GTTG	7	110M1D
4086	329	consensus	4	110M
19779	330	consensus	7	110M
19046	331	consensus	11	110M
19780	332	consensus	13	110M
19781	333	consensus	18	1D110M3D
19782	334	C	11	110M7D
19783	335	consensus	5	110M
106	336	TTTTAATATGTAGAC	25	110M1D
8268	337	consensus	4	110M
14858	338	consensus	11	110M8D
2437	340	AG	5	110M
2529	341	consensus	23	110M
19784	342	consensus	6	110M
4766	343	AA	13	110M
1142	344	TC	28	110M
1048	345	consensus	11	110M1D
19785	346	consensus	10	110M
19786	347	consensus	7	110M
4015	348	CT	30	110M
19787	349	T	6	1M10D109M
1705	350	consensus	4	110M1D
19788	351	consensus	14	110M
19789	352	consensus	20	110M
4377	353	TA	15	110M
19790	354	T	10	13D109M1D1M
19791	355	consensus	6	110M9D
19792	356	consensus	8	110M
2097	357	CA	7	110M
2894	358	AGC	6	110M
19793	359	consensus	15	110M
3317	360	AT	10	110M
3424	361	AA	12	110M
3964	362	TG	16	110M
19794	363	consensus	16	110M
19795	364	consensus	17	110M
2300	365	C	6	26M8D84M4D
19796	366	consensus	8	1M4D109M
19797	367	consensus	14	110M
333	368	C	12	110M
3165	369	GCC	7	110M
9539	370	consensus	17	110M
19798	371	C	6	1M2D109M
19799	372	consensus	10	110M
3439	373	G	26	110M
5293	374	A	4	13D110M9D
427	375	GA	7	110M
3360	376	consensus	4	22D110M
19800	377	consensus	8	110M
1527	378	C	17	110M1D
1291	379	G	4	5D110M14D
19801	380	consensus	8	1M18D109M1D
17826	381	G	6	110M
5461	382	C	8	110M
2370	383	G	17	110M5D
19802	384	consensus	4	1M11D109M
7836	385	G	7	110M
4538	386	CACCTT	17	110M1D
3107	387	consensus	11	110M
61644	388	consensus	5	110M
2184	389	consensus	16	11D110M
19803	390	consensus	16	110M
19804	391	consensus	12	110M
312	392	ACG	8	2M23D108M3D
19805	393	consensus	16	4D68M4D42M12D
9211	394	CA	11	110M
19806	395	consensus	7	110M
19807	396	consensus	7	110M
7942	397	C	8	110M
1545	398	G	4	110M
19808	399	consensus	5	110M
19809	400	consensus	8	110M
7508	401	T	16	56M12D54M
19810	402	consensus	5	3M4D107M
2974	403	G	14	110M1D
19811	404	consensus	7	110M
2702	405	consensus	4	10M5D100M
8237	406	GCGTT	84	17D102M1D2M1D6M
1594	407	consensus	20	110M
1515	408	AG	29	110M
7466	409	consensus	6	110M1D
3211	410	consensus	10	110M
5287	411	GCAGGCCG	19	25M3D85M
19812	412	consensus	11	2M7D108M3D
2019	413	GC	15	110M
19813	414	ACAC	12	82M4D28M
4219	415	TTC	15	110M
19814	416	consensus	8	110M
19815	417	consensus	13	110M
1752	418	TA	11	110M
19561	419	A	9	110M
19816	420	consensus	18	110M
19817	421	consensus	32	110M
19818	423	G	3	110M
19818	423	T	5	110M
4454	424	TAT	16	42M1D68M
987	425	consensus	25	110M
19819	426	consensus	11	110M
423	427	GGGTC	4	74M2D36M1D
19254	428	consensus	5	6D9M1D101M2D
3708	429	GT	17	110M
19820	430	G	15	3M8D107M8D
2539	431	AT	11	110M
16947	432	consensus	6	110M17D
19821	433	consensus	14	110M
19822	434	consensus	9	110M
1901	435	consensus	32	37M1D73M
59896	436	T	4	110M
19823	437	consensus	10	110M
3110	438	C	25	110M
19824	439	consensus	6	110M
19825	440	consensus	7	116M
7946	441	T	12	110M
19826	442	consensus	9	110M
19827	443	A	11	110M
7536	444	T	6	110M
8525	445	GAC	6	2D110M12D
131	446	AAA	18	110M
7344	447	consensus	5	110M
39	448	GC	7	1M10D109M16D
2060	449	CCA	3	110M
2060	449	TCA	6	110M
372	450	G	5	110M
19828	451	consensus	8	110M
19829	452	consensus	17	110M
19830	453	consensus	4	110M
19831	454	consensus	15	110M
1580	455	CA	7	110M
19832	456	consensus	6	110M
10102	457	consensus	5	110M
4007	458	CA	5	110M1D
1654	459	consensus	4	110M1D
19833	460	consensus	24	110M
19834	462	consensus	4	110M4D
3503	463	consensus	17	1M12D109M4D
1325	464	consensus	13	8D110M
19835	465	consensus	9	110M
1839	466	consensus	9	110M
3924	467	consensus	12	110M
19836	468	consensus	11	110M3D
7828	469	consensus	13	1M11D109M6D
626	470	T	13	110M
19837	471	consensus	4	110M
9218	472	C	4	12D110M
1583	473	consensus	12	110M
1141	474	G	10	110M
352	475	G	6	110M
2623	476	AG	7	110M
18350	477	consensus	9	6D110M12D
2546	478	CTC	4	110M1D
19838	479	consensus	14	110M
2893	480	AC	11	110M
3835	481	T	8	2M14D108M2D
543	482	GC	12	110M
695	483	consensus	10	1M6D109M
19839	484	consensus	6	3M9D107M11D
19840	485	TG	6	110M
19841	486	consensus	5	110M13D
10685	487	consensus	5	110M14D
9629	488	consensus	6	6D110M6D
1392	489	AA	12	110M
2905	490	AA	38	110M
8266	491	consensus	11	1D108M5D2M
1210	492	consensus	14	110M
3683	493	A	10	110M
19842	494	consensus	10	110M
19843	495	CT	29	110M5D
5217	496	consensus	5	110M1D
19844	497	consensus	5	110M
19845	498	consensus	8	110M
286	499	C	15	110M
2165	500	TGGC	5	110M1D
19846	501	AA	6	10D110M1D
19847	502	consensus	7	4D109M6D1M
2191	503	T	5	110M
3545	504	C	37	50M1D60M
19848	505	consensus	6	110M
12420	506	ATT	5	110M
19849	507	consensus	9	110M10D
1006	508	AT	11	110M
19850	509	A	6	110M
1285	510	consensus	4	110M1D
14410	511	consensus	5	2M17D108M6D
4717	512	consensus	7	110M12D
5483	513	consensus	8	110M
62175	514	consensus	13	110M
3232	515	AA	29	110M
19851	516	consensus	8	2M5D108M11D
19852	517	consensus	13	5D110M7D
2612	518	C	10	110M
19853	519	consensus	6	110M
368	520	consensus	6	110M
2542	521	G	14	110M
19854	522	consensus	9	110M
19855	523	consensus	5	110M
942	524	AAGTA	11	110M
3918	525	consensus	10	102M3D8M
7659	526	T	24	110M
19856	527	A	19	110M
19857	528	consensus	19	110M
8351	529	AAC	5	110M
19858	530	C	9	1M3D109M2D
19859	531	consensus	4	110M
13544	532	CAAGGCCTA	6	99M1D10M3D5M
19860	533	consensus	4	110M16D
19861	534	consensus	4	110M
19862	535	A	9	8D110M
5434	536	CGT	13	110M5D
19863	537	consensus	9	110M
19864	538	consensus	6	3M1D107M5D
19865	539	consensus	6	110M8D
7681	540	consensus	5	50M2D60M
19866	541	consensus	6	110M
2305	542	ATG	11	110M
2919	543	TCC	17	99M3D11M
19867	544	consensus	8	110M
11923	545	consensus	10	110M11D
19868	546	consensus	4	110M
7577	547	G	8	2M6D108M7D
338	548	GG	5	110M
15845	549	A	10	110M13D
15755	550	CTGACG	9	110M10D
2049	551	GGGT	25	110M1D
6880	552	CA	4	110M
605	553	consensus	4	110M
19869	554	consensus	4	110M
7228	555	consensus	11	110M
19536	556	G	5	110M
12181	557	consensus	11	110M
19870	558	consensus	8	110M
19871	559	consensus	10	110M
19872	560	consensus	6	63M1D48M3D
19873	561	consensus	4	110M2D
1068	562	CCTATT	8	110M1D
6426	563	consensus	10	1M7D109M1D
1205	564	AC	7	110M
61097	565	consensus	6	110M
5327	566	A	15	110M
3766	567	T	5	110M1D
3336	568	TTA	13	110M1D
2790	569	consensus	15	110M
503	570	consensus	4	4D110M4D
7612	571	A	14	110M1D
3441	572	TATT	6	110M
19874	573	consensus	8	110M
6027	574	GG	13	110M1D
19875	575	T	8	2D83M6D27M
19876	576	consensus	7	110M
19877	577	consensus	8	110M
4259	578	TT	8	110M
1360	579	C	14	101M1D9M
19878	580	consensus	7	110M
274	581	consensus	9	110M
3226	583	consensus	4	2M4D108M1D
1926	584	consensus	18	110M
254	585	GT	6	110M
2497	586	TAA	13	110M1D
16	587	A	5	1M13D109M1D
19879	588	consensus	13	1M1D109M7D
19880	589	consensus	22	110M
19881	590	consensus	6	110M
40241	591	AA	6	111M
1757	592	T	12	110M
30533	593	consensus	6	6D110M10D
1371	594	T	4	110M
19882	595	consensus	11	110M
9844	596	T	12	110M
62559	597	consensus	8	113M
9280	598	consensus	12	110M
19883	599	consensus	7	110M
3202	600	consensus	6	1M10D109M
19884	601	consensus	8	110M
3576	602	A	9	20M2D90M1D
78819	603	consensus	5	110M1D
2359	604	C	8	110M1D
2359	604	G	3	110M1D
4180	605	T	6	110M1D
8381	606	consensus	9	110M1D
19885	607	consensus	7	110M10D
19886	608	consensus	4	110M
5206	609	consensus	12	110M10D
563	610	G	9	110M
10633	611	C	7	110M
14196	612	G	8	2M7D108M
10205	613	consensus	6	110M6D
54397	614	CTCCGT	11	110M
19887	615	consensus	4	110M
19888	616	consensus	6	110M
4541	617	A	5	110M
13220	618	A	7	8D110M7D
3341	619	TT	11	110M
19889	620	consensus	8	113M
47970	621	TCACGGT	5	110M
12564	622	GG	5	110M
17485	623	G	13	110M
13771	624	T	23	1M5D59M5D50M
577	625	TGG	7	110M
9183	626	consensus	12	110M9D
19890	627	consensus	7	110M
3774	628	AGCAT	5	110M
19891	629	consensus	16	110M3D
3932	630	consensus	8	110M
3315	631	consensus	4	110M
4145	632	consensus	6	110M
1497	633	consensus	9	110M1D
2295	634	TACA	8	110M
14119	635	AG	4	10D110M10D
8829	636	consensus	16	110M
1856	637	T	7	110M1D
7755	638	G	5	110M1D
2512	639	consensus	20	1M4D109M16D
14600	640	consensus	15	110M
19892	641	consensus	16	111M14D
19893	642	CA	8	8M2D102M
2269	643	consensus	13	12D109M1D1M
7331	644	TGATG	5	110M
4836	645	G	5	110M
154	646	G	8	110M8D
3168	647	CC	43	10D110M12D
19894	648	consensus	13	110M
13891	649	consensus	27	18D110M9D
5734	650	G	25	110M1D
19895	651	consensus	10	110M
16576	653	consensus	10	5D111M6D
4389	654	A	6	43M2D67M4D
19896	655	consensus	4	110M
16172	656	consensus	10	2D107M3D3M
4030	657	AAGTTCCTGCGG	12	43M2D5M1D62M1D
1243	658	CGGGT	12	110M
15033	660	T	13	110M
18864	661	consensus	5	110M
9699	662	T	10	1M8D109M4D
291	663	GGT	31	110M
1075	664	CCC	13	66M3D35M3D9M
2302	665	GA	4	110M2D
8535	666	consensus	11	110M
19897	667	consensus	6	110M
1667	668	consensus	10	2M12D108M2D
19898	669	consensus	8	1M4D109M
1689	670	C	17	110M1D
2714	671	consensus	10	110M
3869	672	consensus	14	110M
888	673	ATG	17	10M1D100M
1636	674	CCTCGTAAG	8	110M
4847	675	T	6	110M1D
5675	676	consensus	5	11D109M5D1M
19899	677	T	15	7D110M
19900	678	consensus	13	110M
19901	679	consensus	6	110M
65044	680	consensus	5	110M
169	681	A	14	110M
2314	682	T	22	110M
7485	683	T	14	110M
19902	684	consensus	7	5D110M7D
6777	685	A	24	110M
1494	686	GC	6	110M
19903	687	consensus	11	110M
2082	688	A	9	110M
1648	689	T	12	110M
19904	690	consensus	11	10D110M
19905	691	consensus	12	4D110M
19906	692	consensus	7	110M
1916	693	consensus	6	110M
19907	694	CG	9	110M2D
7176	695	consensus	32	110M
18844	696	consensus	10	110M
1057	697	GACT	10	110M
19908	698	consensus	10	110M
370	699	A	21	110M
3116	700	CGA	16	110M
677	701	GA	9	110M1D
19909	702	consensus	7	110M
19910	703	T	13	110M
17701	704	consensus	4	1M10D109M4D
7685	705	consensus	11	110M
7303	706	AAG	13	110M
19911	707	consensus	7	110M
19912	708	consensus	12	110M
4593	709	T	5	110M
19913	710	consensus	5	110M
4280	711	T	15	110M
19914	712	consensus	16	110M
825	713	TA	7	110M
21936	714	CT	18	110M
19915	715	consensus	14	110M
2617	716	GCGA	16	110M
668	717	consensus	11	60M1D50M
72862	718	CCGCGC	24	110M
72862	718	CCTCGC	1	110M
72862	718	CCTCGT	35	110M
4203	719	consensus	16	110M
10530	720	consensus	10	110M
19916	721	consensus	4	110M
690	722	TCCCATCTA	11	110M1D
622	723	consensus	11	110M
10595	724	consensus	23	1M14D109M8D
18895	725	consensus	14	11D110M
19917	726	consensus	15	110M
7318	727	consensus	7	2M12D108M2D
2814	728	GTT	8	110M1D
800	729	C	8	110M1D
19918	730	consensus	9	110M
2048	731	CG	20	18D110M
3252	732	TTC	17	110M
10637	733	T	9	110M
19919	734	consensus	6	110M
19920	735	consensus	7	110M
3258	736	TAA	14	110M1D
5096	737	G	30	110M1D
299	738	GGACCCACTT	22	107M1D3M
74088	739	consensus	6	110M
19921	740	C	12	6D110M3D
14794	741	A	4	51M6D59M1D
4568	742	consensus	9	110M
1207	743	TGAG	9	110M
2595	744	CGAA	16	110M
19922	745	consensus	4	110M
1964	746	CCTAA	23	110M
4737	747	consensus	13	110M
8661	748	CTT	13	110M
3594	749	GATA	10	111M1D
1606	750	C	25	110M1D
15827	751	G	4	110M
19923	752	consensus	7	110M
4584	753	GGG	5	110M2D
3722	754	consensus	23	110M1D
19924	755	consensus	12	110M
4208	756	CT	13	110M
3210	757	CT	15	110M
19925	758	consensus	8	111M2D
3851	759	C	6	1D110M
10186	760	TCCTC	18	110M
14380	761	consensus	35	110M
1035	762	TCAT	7	110M
19926	763	consensus	13	8D110M
17518	764	consensus	15	9D119M1D2M
1100	765	T	5	110M
9899	766	consensus	6	6D110M12D
1152	767	A	19	110M
1272	768	consensus	21	1M9D109M10D
19927	769	consensus	8	110M
12416	770	consensus	15	10D110M5D
19928	771	consensus	30	110M
19929	772	consensus	6	110M
2400	773	GCGA	11	110M
2400	773	GTGA	10	110M
512	774	consensus	24	90M8D20M
19930	775	consensus	5	110M
3006	776	AAGTC	21	110M
4555	777	T	14	110M
3351	778	C	6	81M1D29M1D
19931	779	consensus	19	110M
8608	780	CA	25	110M
3676	781	T	13	110M
19932	782	consensus	7	110M
5228	783	consensus	8	110M
3463	784	consensus	18	110M1D
423	785	TAACC	18	110M3D
1944	786	GCC	10	110M
19933	787	T	11	8D110M3D
3138	788	GC	9	110M1D
1309	789	GA	4	110M
2628	790	consensus	32	110M
19934	791	consensus	15	10D110M6D
1511	792	G	11	110M
2236	793	consensus	4	110M
19935	794	consensus	15	11D110M7D
16159	795	consensus	24	9D110M7D
14419	796	consensus	16	6D115M
33	797	AAGAA	18	9D114M14D
2440	798	G	3	110M
2440	798	T	4	110M
2763	799	consensus	30	110M
19936	800	consensus	6	7D110M2D
3298	801	ACTC	6	110M
86	802	ACT	12	111M1D
168	803	AT	8	110M
19937	804	consensus	4	110M
9298	805	T	29	110M
1872	806	A	7	110M
1872	806	G	3	110M
18998	807	consensus	22	8D110M
7524	808	consensus	7	110M2D
657	809	CCGCAGGGCT	4	110M4D
19938	810	consensus	15	110M
3395	811	T	15	110M
1774	812	GG	15	110M
4518	813	T	5	110M
19939	814	consensus	29	110M
19940	815	consensus	5	110M
19941	816	consensus	6	110M
12686	817	consensus	7	110M
19942	818	consensus	9	110M
19943	819	consensus	6	110M4D
3520	820	T	7	110M
19944	821	G	4	110M
1326	822	G	12	110M
19945	823	consensus	4	110M
19946	824	consensus	11	110M
19947	825	G	20	110M8D
19948	826	consensus	10	110M
19949	827	consensus	7	110M
19950	828	consensus	10	110M
8080	829	consensus	23	110M
19951	830	consensus	19	110M
2272	831	TCT	16	63M1D47M
19952	832	consensus	7	7D110M6D
5522	833	T	14	110M
3999	834	consensus	13	95M4D15M4D
4108	835	TGT	16	110M
8148	836	AAT	7	110M
8148	836	GAT	3	110M
1822	837	GCCG	6	110M4D
2573	839	T	9	110M
5428	840	consensus	19	110M1D
19953	841	consensus	10	110M
7786	842	CC	13	110M
19415	843	consensus	4	13D110M
8101	844	consensus	17	16D110M
19954	845	consensus	7	110M
705	846	CA	5	110M
19955	847	consensus	7	110M
19956	848	consensus	8	110M
7236	849	TAG	6	110M
1158	850	CT	15	110M
2976	851	AG	9	55M1D55M1D
19957	852	consensus	24	12D110M
201	853	GCG	8	15D111M9D
19958	854	consensus	16	110M8D
1563	855	T	6	110M1D
19959	856	consensus	16	110M
4640	857	consensus	6	110M
197	858	A	21	110M1D
19960	859	consensus	14	110M
19961	860	consensus	13	110M1D
19962	861	consensus	17	110M
19963	862	T	4	1M10D109M4D
3132	863	C	19	110M1D
17961	864	consensus	15	110M10D
19964	865	consensus	8	110M
2977	866	CG	34	110M1D
19965	867	consensus	6	6D110M8D
19966	868	ACTC	11	110M
19967	869	consensus	12	110M
3721	870	C	12	58M1D52M1D
362	871	consensus	14	110M
4148	872	consensus	13	110M1D
3719	873	consensus	24	110M
84140	874	consensus	7	110M
80733	875	consensus	13	110M
19968	876	consensus	16	110M
19969	877	AG	12	44M2D66M10D
19970	878	consensus	17	110M
20831	879	consensus	53	110M1D
19971	880	consensus	10	110M
19972	881	consensus	10	110M
5253	882	GTC	13	110M1D
10621	883	C	11	89M1D21M1D
67319	884	consensus	11	110M
4079	885	TGG	10	110M
2068	886	GA	40	110M
19973	887	consensus	10	110M
19974	888	consensus	6	110M
19975	889	C	9	10D110M
8170	890	G	12	110M
734	891	consensus	11	110M
12700	892	consensus	11	12D110M7D
14971	893	consensus	11	3M14D107M
19976	894	consensus	8	110M
2603	895	consensus	10	110M
10698	896	consensus	39	110M
19977	897	consensus	11	110M
2626	898	TC	6	110M1D
19978	899	consensus	7	110M
2263	900	T	20	110M
19979	901	consensus	5	110M
639	902	T	11	110M
19980	903	A	4	110M
5042	904	G	33	110M
19981	905	consensus	16	2M5D108M10D
19982	906	consensus	14	110M
8090	907	GAA	15	110M
6199	908	A	6	1M8D109M1D
8132	909	CT	10	110M
8020	910	consensus	4	110M
192	911	G	10	20D110M
19983	912	consensus	12	110M
147	913	ATTT	14	103M1D7M
2809	914	C	9	4D110M15D
19984	915	consensus	18	110M
18587	916	A	11	7D110M16D
17417	917	consensus	5	110M2D
1331	918	consensus	4	110M
71072	919	consensus	15	110M11D
2189	920	G	6	110M
4736	921	consensus	14	110M
2886	922	GC	13	110M
19985	923	consensus	8	110M
19986	940	G	7	110M15D
19986	940	T	14	110M15D
2476	941	T	26	110M1D
19987	942	ACT	18	5D110M11D
19988	943	consensus	6	110M
19989	944	CC	20	13D110M10D
19989	944	TC	20	13D110M10D
19990	945	consensus	8	111M9D
271	946	GTA	18	110M1D
1262	947	consensus	5	110M
19991	948	consensus	6	110M
439	949	G	4	110M1D
4619	950	T	6	110M
49066	951	consensus	7	110M
5628	952	C	5	110M
10692	953	A	8	110M
10692	953	C	6	110M
12959	954	consensus	6	6D110M9D
4272	955	consensus	7	110M
19992	956	consensus	4	9D109M4D1M
3045	957	T	7	110M
1984	958	GG	7	110M
19993	959	consensus	5	110M10D
19994	960	consensus	9	110M
19995	961	consensus	9	110M
19996	962	consensus	4	110M
7582	963	consensus	4	6D110M7D
9501	964	GCC	9	16D109M4D1M
225	965	TT	13	110M
19997	966	consensus	5	110M
9767	967	ATA	6	112M4D
4961	968	consensus	5	1M5D109M4D
19998	969	consensus	14	110M
2054	970	A	10	2M14D108M10D
19999	971	consensus	5	110M5D
10450	973	consensus	4	110M
20000	974	consensus	5	110M
20001	975	consensus	4	110M
20002	976	consensus	18	111M
637	977	consensus	4	110M
20003	978	consensus	5	3D110M5D
20004	979	consensus	4	110M
11410	980	consensus	26	2M7D108M
14002	981	consensus	5	110M
6056	982	consensus	4	110M
898	983	CTATA	5	110M1D
8932	984	consensus	11	110M
3880	985	A	11	110M
20005	986	consensus	5	1M4D109M4D
1785	987	GA	11	110M
20006	988	consensus	11	110M
7847	989	T	6	110M
383	990	AA	4	110M
20007	991	consensus	8	110M
2942	992	C	16	110M
20008	993	consensus	18	110M
3898	994	TCTCC	8	110M1D
20009	995	consensus	6	110M
20010	996	consensus	18	110M
270	997	CAA	25	110M
20011	998	C	5	8D110M
20012	999	consensus	17	110M
20013	1001	T	6	110M
4192	1002	CT	28	84M1D26M1D
8028	1003	consensus	11	13D110M4D
20014	1004	consensus	6	3D110M8D
16625	1006	T	8	110M
7699	1007	AACC	10	104M1D7M4D
723	1008	consensus	9	110M
73802	1009	consensus	6	110M
20016	1011	consensus	5	110M
20017	1012	consensus	6	11D109M4D1M
1183	1013	AAGGGG	16	110M
11224	1014	consensus	4	110M13D
20018	1015	consensus	6	110M
847	1016	TATACGT	4	110M
3263	1017	G	7	110M
9351	1018	ATAA	7	110M
9351	1018	GTAA	3	110M
10476	1019	consensus	25	110M
5638	1020	C	8	110M
1979	1021	AG	16	110M1D
20019	1022	consensus	6	110M
1382	1023	consensus	14	110M
20020	1024	consensus	5	110M3D
4914	1025	consensus	27	1M1D109M
2673	1026	TT	4	110M
5375	1027	consensus	6	110M
20021	1028	consensus	6	110M
470	1029	AA	6	8D110M14D
20022	1030	consensus	5	110M
2950	1031	consensus	13	110M
68889	1032	G	17	110M
1094	1033	consensus	5	110M
5082	1034	AT	15	2M7D108M18D
5686	1035	consensus	5	110M2D
1798	1036	TC	19	109M2D1M
4789	1037	ACT	23	110M1D
7785	1038	G	14	118M11D
1169	1039	consensus	13	110M
16258	1040	T	16	44M2D66M18D
2717	1041	A	20	110M
3539	1042	A	5	110M
20023	1043	consensus	9	110M
2267	1044	C	4	110M
9397	1045	AG	11	2M21D108M
4342	1046	consensus	9	110M
20024	1047	consensus	8	4D110M8D
8767	1048	TAC	21	110M
9620	1049	T	23	3D110M17D
2804	1050	consensus	30	110M1D
670	1051	C	4	110M1D
20025	1052	consensus	4	110M
10565	1053	T	17	110M
3657	1054	C	21	110M
3535	1055	consensus	14	110M
1396	1056	GATCAACAACC	22	110M
20026	1057	consensus	6	2M2D108M17D
20027	1058	CG	17	110M
3409	1059	CAG	9	110M
3409	1059	TAG	8	110M
4000	1060	consensus	11	110M
20028	1061	consensus	12	110M
1431	1062	TTTCG	10	110M1D
5246	1063	G	10	110M
17232	1064	C	7	110M
20029	1065	T	13	110M10D
20030	1066	AGT	6	1M7D109M
1439	1067	AA	12	110M
20031	1068	consensus	14	110M
20032	1069	consensus	10	110M
3942	1070	consensus	12	47M1D64M
8025	1071	A	21	21D110M1D
2307	1072	consensus	10	110M
447	1073	CG	12	110M1D
2812	1074	consensus	6	110M
2051	1075	GGAAAC	6	35M1D75M
56325	1076	consensus	12	110M
20033	1077	consensus	5	110M
20034	1078	CA	7	3M7D107M
20035	1080	consensus	22	110M
2099	1081	C	20	110M
2777	1082	C	27	110M1D
3777	1083	consensus	13	110M
1571	1084	AC	20	110M
20036	1085	consensus	10	110M
1098	1086	consensus	6	110M
20037	1087	A	10	110M
5029	1088	A	27	110M
20038	1089	G	5	4D110M
2827	1090	AC	59	110M
20039	1091	consensus	7	1D110M
20040	1092	consensus	7	110M
14021	1093	consensus	13	110M
9389	1094	consensus	10	25M3D85M
20041	1095	consensus	4	110M
636	1096	CAGTCATAACTA	24	110M5D
636	1096	CAGTCATGACTA	24	110M5D
8456	1097	consensus	11	110M1D
20042	1098	consensus	8	110M11D
20043	1099	consensus	11	110M
5786	1100	C	10	110M
14518	1101	consensus	8	110M
7126	1102	consensus	15	110M
2021	1103	consensus	10	110M
5485	1105	CC	10	110M
20044	1106	consensus	5	10D110M1D
2078	1107	consensus	33	110M
20045	1109	consensus	10	110M
3912	1110	GACT	13	110M
1601	1111	consensus	15	110M
3877	1112	GC	25	110M1D
39	1113	GC	9	26D110M
712	1114	A	27	110M
7063	1115	consensus	17	110M13D
20046	1116	A	5	110M
20046	1116	C	9	110M
20047	1117	consensus	9	110M
10134	1118	CA	7	16D110M4D
20048	1119	consensus	18	2M9D108M14D
2080	1120	CG	15	110M
3370	1121	consensus	7	110M
2591	1122	consensus	11	110M
20049	1123	consensus	21	110M
20050	1124	C	11	110M
2481	1125	consensus	6	110M1D
2160	1126	consensus	4	110M
20051	1127	consensus	4	110M17D
3797	1128	GG	41	110M
13992	1129	AAGTG	8	14D110M4D
163	1130	AT	15	111M
20052	1131	consensus	12	110M
8488	1132	CAGT	13	92M3D18M2D
20053	1133	T	15	2M3D108M
2067	1134	TTGA	9	110M
20054	1135	consensus	9	110M
12822	1136	consensus	4	110M
3484	1137	TCACCGC	9	110M1D
6863	1138	consensus	9	110M
604	1139	consensus	7	110M
20055	1140	consensus	6	110M
20056	1141	consensus	6	110M
1033	1142	ATTCAC	10	110M
62699	1143	consensus	10	110M
20057	1144	consensus	9	110M
9472	1145	consensus	9	110M
3861	1146	C	14	37M2D73M1D
20058	1147	consensus	6	110M
3995	1148	C	10	110M
20059	1149	consensus	27	110M
572	1150	consensus	15	110M
13214	1151	A	8	110M
4653	1152	AT	12	110M
10469	1153	consensus	18	110M
20060	1155	T	14	110M
20061	1156	consensus	4	110M
20062	1157	consensus	19	110M
20063	1158	consensus	17	110M
4322	1159	consensus	15	110M9D
11621	1160	T	16	110M
106	1161	TTTTTATACGTAGGC	14	110M1D
300	1163	consensus	4	110M
47970	1164	ATACGGC	11	110M
20064	1165	consensus	9	110M
20065	1166	consensus	7	15D110M
1629	1167	consensus	11	110M
1598	1168	consensus	12	1M9D110M1D
20066	1169	consensus	4	110M
18892	1170	TCTC	15	1M5D109M
3313	1171	consensus	11	110M1D
8053	1172	AA	33	110M
20067	1173	C	12	3D110M
20067	1173	T	7	3D110M
9345	1174	consensus	5	1D110M17D
17187	1175	consensus	25	8D110M10D
2253	1176	consensus	12	110M
7495	1177	T	9	110M
20068	1178	consensus	23	110M12D
20069	1179	consensus	5	110M7D
20070	1180	consensus	4	110M12D
2037	1181	consensus	23	110M
1508	1182	consensus	30	110M1D
20071	1183	consensus	43	110M
3684	1184	GC	6	1M10D109M
20072	1185	G	8	110M
20073	1186	consensus	11	9D29M1D81M6D
20074	1187	consensus	14	110M8D
12343	1188	TT	13	1D110M11D
20075	1189	consensus	11	110M
3133	1190	consensus	9	10D110M6D
3780	1191	A	8	110M
29491	1192	AAGC	26	110M1D
4126	1193	consensus	23	110M
1010	1194	TTC	22	110M
818	1195	TCTGATTATGCG	12	110M
27768	1196	consensus	15	110M
43209	1197	G	38	110M2D
449	1198	G	4	110M1D
20077	1199	consensus	5	6D110M6D
20078	1200	consensus	11	11D110M7D
20079	1201	consensus	24	110M
15003	1202	CA	5	5D110M
20080	1203	consensus	11	1M1D109M
# sstacks completed on 2026-03-06 12:14:58
