# sstacks version 2.68; generated on 2026-03-06 12:15:04
12747	1	CC	13	110M
12747	1	TC	11	110M
38673	5	consensus	14	5D115M
25996	7	consensus	12	114M
2016	8	AAAAGGT	19	12D124M
56	9	AT	23	20D117M8D
431	10	consensus	18	4D120M14D
749	12	AGC	15	5D119M11D
846	13	NC	23	20D119M
45817	14	consensus	11	111M
31878	15	consensus	16	115M
10207	16	consensus	16	2M12D116M
470	19	AA	32	2M3D113M14D
17	20	AC	40	12D118M12D
45818	21	consensus	17	112M
20771	23	consensus	43	111M
857	25	AA	10	7D117M8D
218	26	A	14	1M16D119M
627	27	A	17	4D121M
45819	28	consensus	20	121M
44	30	AGGCG	19	15D117M10D
60529	33	consensus	25	111M
1181	34	consensus	10	8D113M12D
7787	35	G	14	28M2D86M
686	36	CT	29	1M7D118M10D
1881	37	ATACGGCAC	14	103M2D9M1D
45820	55	consensus	5	110M
45821	56	consensus	8	110M
45822	57	consensus	5	110M
45823	58	consensus	8	110M
45824	59	C	3	1M6D109M
45824	59	T	6	1M6D109M
45825	60	consensus	6	110M
121	61	TAA	6	110M
45826	62	consensus	5	110M
45827	63	consensus	6	110M
3518	64	consensus	4	110M
474	65	consensus	7	110M
2314	66	C	5	110M
45828	67	consensus	5	110M
1504	68	consensus	5	110M
677	69	GA	8	110M1D
2206	70	CGTCTAC	4	110M
2206	70	CGTTTGC	6	110M
2206	70	TGTCTAC	13	110M
45829	71	A	14	110M
45829	71	G	7	110M
9150	72	consensus	5	5D110M
22574	73	GA	6	110M
45830	74	ACACA	5	110M
1964	75	CTTAA	12	110M
5228	76	consensus	8	110M
45831	77	consensus	8	110M
45832	78	consensus	9	110M
4461	79	TTTTGC	5	110M1D
16060	80	T	7	110M
7172	81	A	6	10D110M4D
10691	82	consensus	8	1M15D109M7D
45833	83	consensus	10	110M
33578	84	TTCT	5	110M
45834	85	consensus	17	110M
97	86	TCCTCCTCTTGTCC	5	102M8D8M
3690	87	consensus	15	110M19D
45835	88	consensus	13	110M
45836	89	A	15	110M
45836	89	G	6	110M
45837	90	consensus	6	110M
45838	91	consensus	8	110M
3924	92	consensus	7	110M
45839	93	consensus	8	110M
5674	94	consensus	9	110M
1403	95	consensus	5	110M1D
45840	96	consensus	6	110M
27093	97	G	10	110M
45841	98	consensus	6	110M
45842	99	consensus	6	110M
45843	100	consensus	6	110M
7821	101	CGA	4	110M19D
45844	102	consensus	5	110M
45845	103	consensus	6	110M
880	104	G	5	110M
45846	105	consensus	5	110M14D
45847	106	consensus	8	110M
45848	107	consensus	5	110M
45849	108	consensus	5	110M
45850	109	consensus	6	110M
1795	110	A	9	110M
45851	111	C	6	110M
45851	111	T	4	110M
358	112	TA	5	110M
955	113	T	13	110M
14560	114	consensus	4	9D110M
45852	115	consensus	6	110M
5632	116	C	7	110M
45853	117	consensus	4	110M
21095	118	consensus	5	2D109M3D1M
45854	119	consensus	7	110M
4466	120	T	4	110M1D
45855	121	GCC	8	110M
201	122	TCT	4	16D110M9D
45856	123	consensus	17	110M
45857	124	consensus	5	110M
368	125	consensus	4	110M
28731	126	consensus	5	12D110M
5375	127	consensus	4	110M
31	128	TGTGATA	6	110M8D
1930	129	ACG	4	110M
45858	130	consensus	11	110M
3353	131	consensus	15	110M
45859	132	consensus	4	110M
3204	133	GTG	4	105M1D5M
3883	134	A	17	110M1D
7077	135	C	9	110M
1261	136	TT	4	1M24D109M
45860	137	consensus	7	110M
45861	138	consensus	15	110M
45862	139	consensus	6	110M
2018	140	AA	12	110M
58824	141	A	5	110M
7704	142	consensus	4	110M12D
45863	143	consensus	4	110M
45864	144	consensus	16	110M
45865	145	consensus	4	110M
8219	147	A	11	11M4D99M
45866	148	consensus	8	110M
10008	149	G	7	110M
45867	150	consensus	10	110M
45868	151	consensus	9	110M
13847	152	consensus	6	16D110M
4531	153	consensus	6	110M
45869	154	consensus	6	110M
45870	155	consensus	13	110M
45871	156	consensus	5	112M
45872	157	consensus	9	110M
45873	158	consensus	7	110M
1134	159	ATGT	7	4D110M2D
3018	160	A	4	110M
45874	161	consensus	12	110M
36524	162	A	7	3D110M5D
9129	163	T	4	10D110M6D
45875	164	consensus	8	110M
45876	165	consensus	6	110M
45877	166	consensus	9	110M
45878	167	consensus	5	8D110M
45879	168	consensus	4	110M
45880	169	AGA	7	110M
45881	170	TA	15	110M
45882	171	consensus	5	110M
8023	172	GCCTGG	10	42M1D20M11D48M
45883	173	CT	15	110M
45884	174	consensus	6	110M
45885	175	consensus	4	110M
2613	176	ACTGC	4	110M
45886	177	consensus	5	110M
106	178	TTGTAATATGTAGAC	29	110M1D
106	178	TTTTAATATATAGAC	29	110M1D
106	178	TTTTAATATGTAGAC	29	110M1D
7836	179	G	12	110M
45887	180	consensus	9	110M
26876	181	G	5	2M3D115M5D
14089	182	CTA	5	5D110M5D
45888	183	consensus	7	110M
1765	184	TA	7	110M
2916	185	GA	4	110M
45889	186	consensus	11	110M
45890	187	consensus	5	110M
971	188	AGA	6	10D108M16D2M
8037	189	A	18	110M
1654	190	consensus	6	110M1D
45891	191	consensus	4	110M
3794	192	AAA	6	4M4D106M4D
37995	193	A	7	1M4D81M3D28M2D
45892	194	consensus	6	110M
1105	195	A	15	110M
45893	196	consensus	6	110M
1533	197	G	42	110M
61879	198	consensus	8	110M
13697	199	consensus	6	110M9D
45894	200	consensus	18	110M
164	201	G	19	110M2D
45895	202	consensus	14	110M
9551	203	T	5	68M5D42M
3258	204	TAA	13	110M1D
45896	205	consensus	16	110M
45897	206	consensus	7	110M
9321	207	consensus	12	110M11D
45898	208	consensus	16	110M
2253	209	consensus	14	110M
45899	210	GCC	20	110M
657	211	CCGCAGTGCT	6	110M4D
45900	212	consensus	9	110M
45901	213	consensus	4	110M
45902	214	consensus	5	110M
641	215	consensus	8	110M1D
1132	216	GGC	7	17D114M3D
45903	217	consensus	4	110M
45904	218	consensus	5	110M
43846	219	A	16	111M
2714	220	consensus	14	110M
5532	221	G	4	110M1D
45905	222	consensus	5	110M
14151	223	G	16	1M1D109M
3719	224	consensus	7	110M
4085	225	consensus	5	110M
5431	226	consensus	14	1M7D109M7D
800	227	C	7	110M1D
45906	228	consensus	7	110M
2868	229	consensus	5	110M
2570	230	consensus	8	110M
27975	231	consensus	12	1D110M
8773	232	consensus	8	1M1D109M
45907	233	consensus	10	110M
45908	234	consensus	5	110M
1364	235	consensus	13	110M
8691	236	consensus	6	110M
45909	237	consensus	7	110M
1470	238	CA	7	35M1D56M1D19M1D
45910	239	consensus	8	110M
45911	240	consensus	14	110M
45912	241	consensus	6	110M
675	242	consensus	37	113M
45913	243	consensus	16	110M
45914	244	consensus	7	110M
59	245	GCTGA	8	7D114M18D
4827	246	A	7	110M
5321	247	consensus	10	120M4D
45915	248	consensus	4	110M
2947	249	GC	7	110M
2947	249	GG	17	110M
45916	250	consensus	11	110M
45917	251	consensus	25	110M
690	252	CTTTATCTA	11	110M1D
41439	253	consensus	22	2M7D108M8D
45918	254	consensus	24	110M
45919	255	consensus	11	110M
1311	256	ATA	21	110M1D
2792	257	GTAGG	4	110M
18764	258	consensus	11	1M4D109M4D
45920	259	consensus	5	110M
45921	260	consensus	16	110M
7331	261	TGATG	11	110M
45922	262	consensus	8	110M
45923	263	consensus	10	110M
45924	264	consensus	7	110M
45925	265	consensus	4	110M
21011	266	GACA	9	13D110M
21011	266	GATA	9	13D110M
1467	267	consensus	21	110M1D
44101	268	TT	29	110M
4789	269	ACT	12	110M1D
1130	270	ATT	4	11D110M13D
45926	271	consensus	16	110M
11621	272	T	6	110M
45927	273	consensus	13	110M
5370	274	T	14	110M
45928	275	consensus	25	110M
931	276	A	10	110M
1552	277	C	9	110M
9057	278	AT	18	110M
57231	279	consensus	6	110M
1841	280	consensus	10	110M
5992	281	consensus	25	63M2D47M11D
45929	282	consensus	12	110M
45930	283	consensus	15	110M
5133	284	consensus	12	110M1D
45931	285	consensus	6	110M
45932	286	consensus	13	110M
1192	287	T	4	110M
45933	288	C	5	110M
45934	289	consensus	12	110M
45935	290	consensus	10	110M
45936	291	consensus	13	110M
45937	292	consensus	6	110M
4006	293	GG	12	110M
45938	294	consensus	10	110M
3677	295	TCA	9	110M1D
6957	296	TC	7	110M
45939	297	CA	9	110M
4318	298	AGT	16	110M1D
45940	299	consensus	9	110M
45941	300	consensus	10	110M
45942	301	consensus	14	110M
5637	303	A	14	2M7D108M3D
45943	304	consensus	12	110M
45944	305	consensus	9	110M
1433	306	NNNNNNNNANCTGGAACTTTA	18	15D6M8D104M
45945	307	consensus	17	110M
45946	308	consensus	13	110M
37756	309	consensus	4	1M6D109M6D
5283	310	consensus	10	110M
45947	311	consensus	9	110M
7720	312	CTA	5	110M
1994	313	AACAC	6	110M
45948	315	consensus	17	110M
45949	316	GGAGGC	9	110M
45950	317	consensus	8	110M
45951	318	consensus	19	110M
7619	319	consensus	7	110M
1454	320	CAAGAG	8	110M
45952	321	consensus	5	110M
41450	322	consensus	13	12D110M
716	323	G	13	110M
5285	324	T	8	110M
45953	325	consensus	15	110M
4008	326	consensus	6	110M
45954	327	consensus	19	110M
45955	328	consensus	15	110M
45956	329	consensus	4	110M
322	330	ATG	5	110M19D
45957	331	consensus	8	110M
577	332	TGT	11	110M
45958	333	consensus	13	110M
3970	334	A	16	11D110M14D
45959	335	consensus	8	110M
45960	336	consensus	15	110M
9038	337	consensus	22	110M
45961	338	consensus	5	110M
3576	339	A	6	20M2D90M1D
45962	340	consensus	5	110M
39169	341	consensus	5	110M10D
4236	342	GAG	10	21D110M
45963	343	consensus	11	110M
45964	344	consensus	13	110M
3763	345	T	6	110M
45965	346	consensus	10	110M
29055	347	consensus	4	1M2D109M6D
3958	348	GC	6	110M
39144	349	T	15	1M2D109M3D
45966	350	consensus	11	110M
7368	351	consensus	28	110M
45967	352	consensus	12	110M
23066	353	A	15	110M
45968	354	consensus	24	110M
2333	355	CTAG	11	14D110M
45969	356	consensus	4	110M
45970	357	consensus	8	110M
6852	358	consensus	4	2M1D108M10D
45971	359	consensus	14	110M
45972	360	consensus	9	110M
45973	361	consensus	10	110M
45974	362	consensus	5	110M
850	363	T	5	110M
45975	364	consensus	5	110M
45976	365	consensus	7	110M
45977	366	consensus	10	110M
3990	367	consensus	8	110M
6651	368	A	9	1M3D109M
45978	369	consensus	4	110M
45979	370	consensus	5	110M
29779	371	G	6	1M6D109M
43285	372	consensus	6	110M
45980	373	consensus	20	110M
45981	374	consensus	11	110M
45982	375	consensus	8	111M
3111	376	GT	25	110M
45983	377	consensus	13	110M
45984	378	consensus	22	2D110M
45985	379	consensus	5	110M
45986	380	consensus	5	110M
846	381	TC	25	5M7D115M12D
18616	382	consensus	7	1M12D109M
45987	383	consensus	9	110M
45988	384	consensus	9	110M
45989	385	consensus	5	110M
45990	386	consensus	11	110M
13933	387	T	9	110M
1952	388	CCC	10	110M
3332	389	CC	10	101M1D9M
45991	390	consensus	5	110M
45992	391	consensus	5	110M
45993	392	consensus	19	110M
4668	393	consensus	9	110M
45994	394	consensus	5	110M
4289	395	TTAGCA	5	110M3D
526	396	consensus	19	30M1D69M2D11M
45995	397	consensus	17	110M
45996	398	consensus	4	110M
45997	399	consensus	10	110M5D
45998	400	consensus	14	110M
13759	401	consensus	6	4D110M
645	402	T	14	110M
45999	403	consensus	13	110M
46000	404	A	8	110M
46001	405	consensus	5	110M
46002	406	consensus	6	110M
46003	407	consensus	10	110M
16359	408	consensus	9	7D110M8D
46004	409	consensus	13	110M
47970	410	ACGTAAC	20	110M
7403	411	TG	5	110M
7633	412	consensus	5	3M7D107M8D
46005	414	consensus	8	110M
9356	415	C	11	110M4D
1600	416	A	12	110M
46006	417	consensus	11	110M
8767	418	CAG	10	110M
45423	419	CAAC	7	110M
8195	420	AG	13	110M
46007	421	consensus	12	110M
4099	422	CCT	11	105M2D5M
1370	423	CAGATT	14	78M7D32M
1640	424	consensus	17	110M
4836	425	G	7	110M
46008	426	consensus	13	110M
408	427	CGT	16	110M
46009	428	consensus	11	110M
46010	429	A	11	110M5D
7541	430	G	22	7D110M9D
46011	431	consensus	7	110M
26817	433	A	17	1D110M6D
46012	434	consensus	5	110M
32518	435	consensus	14	110M5D
10336	436	TNGTCACGGC	4	2M1D7M1D101M1D
4914	437	consensus	17	110M1D
1757	438	T	8	110M
46013	439	consensus	27	110M
46014	440	consensus	17	110M
8020	441	consensus	16	110M
22291	442	consensus	8	110M
5082	443	AT	9	2M7D108M18D
5054	444	consensus	9	110M
788	445	consensus	8	110M
46015	446	consensus	9	110M
5019	447	consensus	12	110M
5394	448	consensus	31	110M
30107	449	consensus	4	2M6D108M
46016	450	consensus	6	110M
1067	451	C	8	110M
814	452	T	10	67M1D43M2D
46017	453	consensus	9	110M
46018	454	consensus	22	110M
46019	455	consensus	4	110M
46020	456	consensus	4	110M
1499	457	consensus	9	3D110M5D
2142	458	A	13	9M1D101M1D
469	459	consensus	19	2M12D114M16D
46021	460	consensus	11	110M
46022	461	consensus	5	110M
39814	462	consensus	13	12D110M
46023	463	C	14	110M
1136	464	consensus	5	2M22D108M
46024	465	consensus	7	110M
1972	466	consensus	9	110M
8611	467	CTC	8	110M
3537	468	T	10	110M
1481	469	CTGCCGCCCT	11	110M
46025	470	consensus	10	110M
1948	471	consensus	10	110M
46026	472	consensus	4	110M
46027	473	consensus	5	110M
4573	474	T	24	61M5D49M
46028	475	consensus	13	110M
28915	476	consensus	15	110M23D
46029	477	consensus	13	110M
46030	478	consensus	11	110M
46031	480	consensus	20	110M
4325	481	CCT	23	110M10D
46032	482	consensus	14	110M
46033	483	consensus	5	110M
828	484	consensus	13	110M
18930	485	consensus	5	12D109M1D1M
5606	486	T	4	110M1D
46034	487	consensus	13	110M
693	488	consensus	9	110M2D
46035	489	consensus	6	110M
28438	490	consensus	4	1M4D109M1D
29389	491	A	10	110M
46036	492	consensus	4	110M1D
46037	493	consensus	5	110M
12128	494	AA	4	110M
2518	495	consensus	12	110M2D
46038	496	consensus	19	110M
46039	497	consensus	8	110M
43440	498	consensus	19	110M
46040	499	consensus	14	110M
4187	500	consensus	9	110M
15717	501	consensus	9	11D110M
46041	502	consensus	5	110M
3969	503	CA	5	110M1D
787	504	consensus	7	14D113M13D
46042	505	consensus	10	110M
8395	506	consensus	13	110M1D
1035	507	CCGC	20	110M
46043	508	consensus	7	110M
46044	509	consensus	10	110M
46045	510	consensus	19	110M
2995	511	GATC	10	111M
46046	512	consensus	9	110M
1545	513	G	5	110M
46047	514	consensus	10	110M
42065	515	consensus	4	9D110M
21185	516	T	4	1M13D36M6D73M
46048	517	consensus	10	110M
46049	518	consensus	15	110M
46050	519	consensus	6	110M
46051	520	AA	8	101M1D9M
26885	521	CCAGCAT	8	110M
46052	522	consensus	31	110M
46053	523	consensus	6	110M
5457	524	consensus	16	110M
46054	525	consensus	8	110M
46055	526	GAC	8	110M
46056	527	consensus	15	110M
46057	528	consensus	17	110M
46058	529	consensus	5	110M
7830	530	consensus	17	1D110M2D
46059	531	consensus	10	110M
46060	532	consensus	12	110M
1284	533	consensus	6	110M
3430	534	AC	13	16D113M11D
3381	536	TTT	13	110M
46061	537	consensus	16	110M
46062	538	consensus	4	110M
46063	539	consensus	13	110M
12339	540	consensus	5	7D110M
890	541	GT	12	7D110M10D
46064	542	consensus	23	110M
35623	543	consensus	7	110M
932	544	A	15	110M3D
7328	545	T	14	110M1D
2976	546	AG	19	55M1D55M1D
46065	547	consensus	7	110M
4721	548	T	4	38M1D72M
46066	549	consensus	9	110M
46067	550	consensus	26	117M
46068	551	consensus	6	110M
46069	552	consensus	9	1M11D109M
4851	553	TA	13	110M
46070	554	consensus	8	8D111M3D
46071	555	consensus	12	110M
7968	556	consensus	10	11D110M6D
1055	557	consensus	5	110M
46072	558	consensus	21	110M
1736	559	GGAGGTGGCCTACA	4	110M
46073	560	consensus	10	110M
46074	561	consensus	21	110M
46075	562	consensus	14	110M
46076	563	consensus	5	110M
4038	564	AGCAA	5	110M
46077	565	consensus	6	110M
46078	566	consensus	13	110M
40626	567	consensus	10	110M
30780	568	T	17	4D110M5D
4059	569	G	4	110M1D
35066	570	consensus	10	12D110M5D
4167	571	consensus	8	110M
333	572	C	6	110M
19790	573	T	9	14D110M
7614	574	consensus	13	10D110M
1822	575	GCCG	12	110M4D
46079	576	consensus	18	110M
46080	577	consensus	8	110M
46081	578	consensus	6	110M
46082	579	consensus	9	110M
15051	581	CAAA	12	110M
46083	582	consensus	23	110M
46084	583	consensus	22	110M
46085	584	consensus	14	110M4D
46086	585	GCAC	12	110M1D
46087	586	consensus	21	110M
58400	587	T	13	110M1D
46088	588	consensus	15	110M
812	589	A	6	12D110M10D
37809	590	AGT	21	110M
7405	591	CCG	7	47M4D63M2D
46089	593	consensus	4	110M
46090	594	consensus	8	110M
20963	595	consensus	8	20D110M
2573	596	T	25	110M
46091	597	consensus	5	110M
2094	598	consensus	8	110M
4230	599	ATC	7	13D110M12D
1476	600	GATG	8	110M
46092	601	consensus	12	110M
942	602	GATAC	7	110M
46093	603	consensus	23	110M
2973	604	G	8	110M
5483	605	consensus	8	110M
46094	606	consensus	4	110M
46095	607	consensus	6	110M
28514	608	consensus	7	1M3D109M11D
8530	609	G	8	110M
1663	610	T	5	97M2D2M2D11M
46096	612	consensus	5	110M
46097	613	consensus	11	110M
3657	614	T	9	110M
46098	615	consensus	5	110M
3659	616	consensus	25	110M
46099	617	consensus	6	110M
46100	618	consensus	4	110M
20770	619	consensus	8	15D110M6D
2856	620	consensus	15	5D110M12D
96	621	T	20	110M
46101	622	consensus	8	110M
46102	623	consensus	10	110M
46103	624	consensus	4	110M
46104	625	consensus	18	110M
46105	626	consensus	17	110M
46106	627	consensus	5	110M
67319	628	consensus	11	110M
46107	629	consensus	11	110M
46108	630	consensus	8	110M
19938	631	consensus	4	110M
1636	632	TCCTGTGGG	4	110M
45659	633	consensus	9	1M10D109M10D
46109	634	consensus	4	110M
7285	635	TCT	5	110M
50	636	TGTCNN	15	1M7D117M13D
46110	637	consensus	26	110M
46111	638	A	5	110M
46111	638	G	8	110M
46112	639	consensus	7	110M
22313	640	consensus	11	114M
4217	641	C	5	110M2D
11849	642	consensus	8	110M3D
46113	643	consensus	9	110M
4040	644	consensus	25	110M
46114	645	CCC	6	110M4D
46115	646	consensus	14	110M
9913	647	GCACCG	5	110M
46116	648	consensus	16	110M
46117	649	consensus	9	110M
46118	650	consensus	19	110M
3371	651	G	20	110M
23409	652	consensus	7	110M
46119	653	consensus	6	110M
46120	654	ATCAGGATCA	10	110M1D
3299	655	C	5	1M15D109M8D
4258	656	TG	10	110M
682	657	G	14	107M1D3M
3556	658	T	8	110M
20108	659	GA	7	7D110M9D
46121	660	consensus	25	110M
8724	661	G	5	110M
5163	662	consensus	17	110M1D
46122	663	consensus	6	110M
46123	664	consensus	16	110M
7078	665	consensus	7	110M
15387	666	consensus	5	110M5D
46124	667	consensus	21	110M
29518	668	NT	9	3D110M13D
46125	669	consensus	5	110M
5718	670	ACG	15	110M
46126	671	CTA	6	110M
5414	672	TT	4	35M7D75M8D
46127	673	consensus	9	110M
46128	674	consensus	6	110M
46129	675	consensus	9	110M
46130	678	consensus	5	110M
46131	679	consensus	9	110M
46132	680	consensus	8	110M
14411	681	TAA	10	97M1D13M
46133	682	consensus	4	110M
46134	683	consensus	7	110M
2919	684	TCC	22	99M3D11M
2496	685	TAA	5	110M1D
1171	686	ATTGA	15	110M
46135	687	consensus	7	110M
7355	688	consensus	7	110M
722	689	consensus	5	110M
1171	690	CTCCA	4	110M
46136	691	consensus	9	111M
46137	692	consensus	5	110M
564	693	GAA	7	110M
46138	694	consensus	5	110M
46139	695	consensus	8	110M
2952	696	G	11	110M1D
46140	697	consensus	8	110M
19839	698	consensus	4	110M20D
46141	699	consensus	5	2M8D108M
59773	700	consensus	4	110M
539	701	GGG	11	60M1D50M1D
46142	702	consensus	11	110M
3930	703	consensus	10	110M21D
14419	704	consensus	4	1M7D109M4D
46143	705	consensus	6	110M
46144	706	G	9	110M
3912	707	GACT	11	110M
1809	708	C	11	110M
46145	709	consensus	17	110M
46146	710	consensus	11	110M
46147	711	consensus	8	110M
46148	712	consensus	7	110M
881	713	consensus	33	110M
46149	714	consensus	16	111M
679	715	GCACGGAGT	10	110M1D
679	715	TCGCGGAGT	10	110M1D
21193	716	consensus	6	3M5D107M2D
46150	717	consensus	4	110M
46151	718	consensus	4	110M
46152	719	consensus	4	110M
630	720	consensus	5	1M4D54M3D55M19D
268	721	G	11	110M
170	722	consensus	11	110M
14	723	GGCA	18	1M7D109M14D
46153	724	consensus	8	110M
46154	725	consensus	14	110M
745	726	consensus	7	71M1D39M
46155	727	consensus	4	110M
46156	728	consensus	7	110M
17202	729	AAAG	7	110M
8009	730	consensus	11	9D110M6D
5027	731	TC	5	110M1D
46157	732	consensus	6	110M
46158	733	consensus	11	110M
1142	734	TC	12	110M
46159	735	consensus	6	110M
31652	736	T	10	1D110M7D
46160	737	consensus	12	110M
46161	738	consensus	7	110M
46162	739	consensus	9	110M
46163	740	consensus	13	110M18D
46164	741	consensus	17	110M
46165	742	consensus	5	110M
4781	743	consensus	4	6D110M13D
1461	744	GTG	14	110M1D
2434	746	consensus	9	1M16D109M
60779	747	consensus	7	110M
25367	748	consensus	7	110M
27432	749	consensus	10	110M
1543	750	consensus	6	110M
1159	751	TCA	11	110M2D
46166	752	consensus	5	110M
46167	753	consensus	14	110M
46168	754	consensus	4	110M
34747	755	consensus	12	15D110M3D
46169	756	consensus	16	110M
46170	757	consensus	4	110M
46171	758	consensus	17	110M
46172	759	consensus	6	110M
46173	760	consensus	10	110M
46174	761	consensus	18	110M
403	762	consensus	14	110M
5277	763	consensus	11	2M2D108M
30	764	consensus	17	2M12D108M15D
46175	765	consensus	10	10D110M1D
46176	766	consensus	5	110M
46177	767	consensus	7	110M
46178	768	consensus	7	110M
46179	769	consensus	8	110M
2576	770	consensus	4	2M15D108M
46180	771	consensus	5	110M
46181	772	consensus	17	110M
20831	773	consensus	28	110M1D
46182	774	consensus	7	110M
46183	775	consensus	4	110M
46184	776	consensus	6	110M
44373	777	consensus	4	5D110M
19224	778	consensus	7	7D110M9D
29760	779	consensus	15	110M3D
46185	780	consensus	23	110M
45127	781	consensus	4	110M
7700	782	TA	10	110M
46186	783	consensus	14	110M
46187	784	consensus	6	110M
3726	785	T	4	110M
46188	786	consensus	7	110M
1431	787	TTTCG	26	110M1D
46189	788	consensus	15	110M
9741	789	consensus	5	6D110M4D
46190	790	consensus	6	110M
46191	791	consensus	8	110M
3820	792	GT	5	110M
46192	793	consensus	4	110M1D
7434	795	T	8	110M1D
5640	796	A	8	110M
2428	798	TCA	6	110M
2199	799	ATAC	6	110M
55648	800	consensus	13	110M
46193	801	consensus	22	110M
1636	802	CCTCGTAAG	19	110M
1759	803	CCCGGCAAGAGGT	7	110M
46194	804	consensus	6	110M
79861	805	consensus	4	110M
3543	806	ACG	11	110M1D
18770	807	A	6	1M3D109M4D
46195	808	consensus	23	110M
5330	809	CTG	8	110M
46196	810	consensus	6	110M
1979	811	AG	4	110M1D
46197	812	consensus	13	110M
3913	813	C	16	110M2D
7540	814	AC	13	110M
46198	815	consensus	4	110M
1216	816	T	8	110M
33032	817	consensus	12	8D110M1D
2812	818	consensus	4	110M
46199	819	consensus	11	6D110M2D
46200	820	consensus	27	1M5D109M6D
2872	821	TT	4	110M1D
7303	822	AAG	4	110M
20026	823	consensus	6	14D110M5D
46201	824	consensus	6	110M
4673	825	TGG	6	76M6D34M
3649	826	consensus	11	110M
8608	827	CA	17	110M
46202	828	consensus	9	110M
1110	829	TC	6	2M7D108M9D
4585	830	G	6	110M
1686	831	AGG	13	110M
32259	832	CG	4	110M
46203	833	consensus	8	110M
2827	834	GC	7	110M
46204	835	consensus	26	110M
7538	836	A	21	110M1D
46205	837	consensus	6	110M
4061	838	T	14	18D110M5D
46206	839	consensus	26	110M
46207	841	consensus	12	110M
15197	842	consensus	13	3D110M6D
46208	843	consensus	12	110M
46209	844	consensus	6	1D110M5D
46210	845	consensus	5	110M
20666	846	CT	17	59M1D51M1D
46211	847	consensus	16	9D110M
46212	848	consensus	12	110M
46213	849	consensus	10	110M
46214	850	consensus	7	110M
523	851	AA	14	110M
46215	852	consensus	6	110M
46216	853	consensus	5	110M
46217	854	consensus	7	110M
3994	856	G	13	110M
2757	857	T	9	110M
28208	858	consensus	6	1M1D109M
46218	859	consensus	8	110M
46219	860	consensus	16	110M2D
3494	861	C	22	110M
46220	862	consensus	26	110M
46221	863	consensus	4	110M
46222	864	consensus	18	110M
46223	865	consensus	15	110M
322	867	ATG	13	5M5D112M7D
46224	868	consensus	9	111M
46225	869	consensus	4	110M
46226	870	consensus	6	110M
2254	871	TAA	16	110M
1987	872	consensus	12	110M
46227	873	consensus	7	110M
46228	875	consensus	11	110M
16	876	A	8	1M13D109M1D
41943	877	consensus	75	110M1D
925	878	TGCAAC	4	110M
8501	879	consensus	4	15D110M1D
46229	880	consensus	5	110M
46230	881	consensus	7	110M
46231	882	consensus	5	110M
15994	883	CC	5	110M
46232	884	consensus	13	110M
46233	885	consensus	22	110M
46234	886	consensus	4	110M
46235	887	consensus	8	110M
1019	888	consensus	6	110M
46236	889	consensus	9	110M
46237	890	consensus	4	110M
46238	891	consensus	15	110M
3898	893	GCTCT	5	12M1D98M
46239	894	consensus	10	110M
46240	895	consensus	7	110M
46241	896	consensus	6	110M
46242	897	consensus	10	110M
46243	898	consensus	9	110M
46244	899	consensus	6	110M
18864	900	consensus	10	110M
44157	901	C	6	110M
46245	902	consensus	6	110M
46246	903	consensus	16	110M
72862	905	CCTCGC	13	110M
3215	906	TG	22	110M2D
46247	907	consensus	15	110M
1033	908	ACTTAC	22	110M
5010	909	consensus	8	6D110M6D
127	910	GA	36	110M1D
4160	911	consensus	21	110M1D
2378	912	CCCAC	23	110M1D
1396	913	GTTCAGCGGCC	14	110M
694	914	consensus	15	110M
40126	916	T	4	110M6D
46248	917	GG	6	110M
46249	918	consensus	15	110M
46250	919	TC	6	110M
2391	920	consensus	9	110M
5958	921	consensus	7	110M1D
46251	922	consensus	10	110M
19838	923	consensus	6	110M
32405	924	consensus	7	6D110M2D
75	925	AAG	18	110M
14103	926	consensus	5	110M1D
46252	927	consensus	6	110M
1916	928	consensus	8	110M
46253	929	consensus	7	110M
4535	930	ACGGTTA	12	110M
46254	931	consensus	30	110M
112	932	CCA	4	110M11D
46255	933	consensus	17	121M
1856	934	T	7	110M1D
46256	935	consensus	4	110M
163	936	AT	11	110M1D
46257	937	consensus	22	5D110M
46258	938	consensus	16	110M
46259	939	consensus	13	110M
46260	940	consensus	5	110M
1608	941	consensus	4	110M
69305	942	consensus	8	110M
30677	943	CG	21	6D110M
284	944	GGCG	4	44M1D66M1D
46261	945	consensus	7	110M
46262	946	consensus	11	110M
46263	947	consensus	8	110M
2246	948	consensus	9	1M20D109M
46264	949	consensus	6	110M
46265	950	consensus	13	110M
55	951	TNNNG	27	1M19D109M1D
46266	952	consensus	12	110M
46267	953	consensus	13	110M
46268	954	TC	9	110M
46269	955	consensus	4	110M
46270	956	consensus	5	110M
1773	957	consensus	7	110M
3693	958	CC	13	110M1D
17187	959	consensus	18	10D118M
46271	960	consensus	4	110M
46272	961	consensus	8	110M
46273	962	consensus	4	110M7D
46274	963	consensus	11	110M
7070	964	consensus	4	4D98M6D12M4D
46275	965	consensus	6	110M
46276	966	consensus	22	110M
1801	967	AC	5	110M
46277	968	consensus	8	110M
46278	969	consensus	9	110M
8376	970	consensus	14	110M1D
46279	971	consensus	7	110M
46280	972	A	8	110M
8755	974	A	4	1D110M19D
46281	975	consensus	7	110M
46282	976	consensus	6	110M
21204	977	T	6	9D110M4D
3901	978	TTG	6	110M
5456	979	consensus	21	110M1D
46283	980	consensus	8	110M
46284	981	consensus	14	110M
847	982	CCTACGA	4	110M
46285	983	consensus	12	110M
46286	984	consensus	5	110M
46287	985	consensus	9	110M
20809	986	T	10	1M1D109M
46288	987	consensus	9	110M
2247	988	A	4	110M1D
46289	989	consensus	7	110M
46290	990	consensus	16	110M
30864	991	consensus	8	4D110M15D
7625	992	A	8	110M1D
3461	993	consensus	14	4D110M19D
46291	994	consensus	7	110M
46292	995	consensus	8	110M
46293	996	consensus	14	110M
46294	997	consensus	17	1M12D109M
46295	998	consensus	5	110M
46296	999	consensus	6	110M
2465	1000	consensus	23	110M
46297	1001	consensus	12	110M
46298	1002	consensus	10	110M
46299	1003	consensus	7	110M
32646	1004	G	22	110M
46300	1005	TTGT	8	110M
1724	1006	consensus	5	110M
46301	1007	consensus	21	110M
46302	1008	consensus	10	110M
11167	1009	A	10	13D110M5D
46303	1010	consensus	18	110M
46304	1011	AT	12	10M1D100M
5118	1012	TCAG	14	110M
197	1013	A	7	110M1D
10111	1014	consensus	13	13D110M
46305	1015	consensus	18	110M
46306	1016	consensus	8	110M
153	1017	GC	10	110M
46307	1018	consensus	12	110M15D
3448	1019	consensus	25	1M18D109M
633	1020	AACCTCTCTTC	9	98M2D12M
1206	1021	TC	7	24D120M1D
46308	1022	consensus	7	110M
10515	1023	T	14	110M
9202	1024	TGAG	25	110M
507	1025	consensus	13	1M3D109M16D
46309	1026	consensus	17	110M
46310	1027	consensus	8	110M
46311	1028	consensus	4	110M
2272	1029	TCC	16	63M1D47M
2272	1029	TCT	16	63M1D47M
46312	1030	consensus	7	110M
46313	1031	consensus	31	110M
46314	1032	consensus	20	110M
46315	1033	consensus	7	110M
20256	1034	consensus	9	1M9D109M
46316	1035	GTG	5	110M
46317	1036	consensus	4	110M
46318	1037	consensus	8	110M
22796	1038	consensus	12	110M12D
46319	1039	consensus	8	110M
39518	1040	consensus	4	110M17D
46320	1041	TC	12	110M
9264	1042	consensus	20	11D110M2D
3656	1043	AA	4	110M
315	1044	C	5	110M
46321	1045	consensus	11	110M
46322	1046	consensus	8	110M
2904	1047	C	4	110M
4203	1048	consensus	29	110M
46323	1049	consensus	4	110M
46324	1050	consensus	15	110M
18981	1051	A	10	110M5D
46325	1052	consensus	9	110M
46326	1053	consensus	9	110M
46327	1054	consensus	10	110M
46328	1055	consensus	8	110M
46329	1056	consensus	9	110M
46330	1057	consensus	5	1M2D109M
12554	1058	AT	6	110M
3932	1059	consensus	6	110M
46331	1060	consensus	7	110M
46332	1061	consensus	7	110M
46333	1062	consensus	7	110M
62040	1063	consensus	6	110M
46334	1064	consensus	5	110M
576	1065	TCTT	5	110M1D
6027	1066	GG	5	110M1D
46335	1067	consensus	9	110M
46336	1068	consensus	15	110M
1392	1069	AA	15	110M
1356	1070	consensus	4	110M1D
25954	1071	TGCG	13	110M6D
219	1072	consensus	10	110M
30404	1073	consensus	9	2D110M11D
3180	1074	T	8	110M
2032	1075	AA	13	110M
46337	1076	consensus	4	110M
46338	1077	consensus	27	110M
15404	1078	GA	10	17D110M1D
46339	1079	consensus	12	110M
8799	1080	G	21	110M
2437	1081	AG	7	110M
46340	1082	consensus	6	110M
46341	1083	consensus	8	110M
46342	1084	consensus	12	110M
46343	1085	consensus	6	110M
2614	1086	C	12	9D109M1D1M
46344	1087	consensus	18	110M
4204	1088	consensus	6	110M
31314	1090	consensus	5	110M
41901	1092	CA	4	4M1D106M
13682	1093	consensus	7	110M
46345	1094	consensus	6	110M
46346	1095	consensus	7	110M
4316	1096	ATG	7	110M
46347	1097	consensus	16	110M
1009	1098	T	5	110M1D
46348	1099	consensus	5	110M
1298	1100	consensus	16	3D110M
46349	1101	consensus	15	110M
2129	1102	C	9	110M
5477	1103	CT	20	110M1D
46350	1104	consensus	4	110M
5628	1105	C	6	110M
46351	1106	consensus	9	110M
944	1107	ACCGC	9	110M
1178	1109	consensus	6	11D109M8D1M
8619	1110	A	11	110M
46352	1111	consensus	15	110M3D
4191	1112	CTG	12	110M
46353	1114	consensus	5	110M
46354	1116	C	20	111M
28384	1117	consensus	11	110M
1228	1118	GTAAC	9	6D3M7D107M8D
46355	1119	consensus	10	110M
3475	1120	G	9	110M
46356	1121	consensus	4	110M
70	1122	A	6	110M
46357	1123	consensus	5	110M
46358	1124	consensus	8	110M
46359	1125	consensus	9	110M
46360	1126	consensus	6	110M
46361	1127	consensus	10	110M
46362	1128	consensus	11	110M
3020	1129	consensus	12	110M
46363	1130	consensus	5	110M
1589	1131	consensus	8	110M
46364	1132	consensus	17	110M
82	1133	T	10	110M
46	1134	TNGAT	29	1M17D109M5D
46365	1135	consensus	11	110M
46366	1136	consensus	11	110M
46367	1137	consensus	4	110M
46368	1138	consensus	17	110M
46369	1139	consensus	13	110M5D
46370	1140	consensus	9	110M
46371	1141	consensus	8	110M
3840	1142	GAG	10	110M
18111	1143	consensus	12	1M22D109M
46372	1144	consensus	8	110M
46373	1145	consensus	8	110M
46374	1146	consensus	8	110M
13133	1147	consensus	4	110M
46375	1148	consensus	9	110M
46376	1149	CTC	4	110M
407	1150	G	26	110M
5287	1151	GCAGGCCG	12	25M3D85M
46377	1152	consensus	16	110M
4244	1153	consensus	13	2M3D113M13D
14131	1154	C	6	16D110M
15164	1155	AA	7	67M2D43M2D
622	1156	consensus	5	110M
46378	1157	consensus	6	110M
46379	1158	consensus	12	110M6D
5575	1159	AT	10	110M
46380	1160	consensus	20	110M
46381	1161	consensus	12	110M
46382	1162	consensus	6	110M
31	1163	TGCAGAA	18	110M8D
31	1163	TGTAAAA	18	110M8D
13606	1164	G	6	110M4D
46383	1165	consensus	15	110M
37143	1166	GA	10	110M
46384	1167	GA	14	28M6D82M
46385	1168	consensus	9	110M
46386	1170	consensus	6	110M
33030	1171	consensus	20	7D111M7D
7118	1172	consensus	6	14D110M
14381	1173	consensus	6	4D110M
7938	1174	CCT	10	12D110M5D
3864	1175	consensus	16	110M
34253	1177	consensus	8	3D110M
46387	1178	consensus	12	110M
2609	1179	consensus	9	110M3D
1025	1180	CGA	10	110M
46388	1181	consensus	7	110M
809	1182	AC	10	110M
46389	1183	consensus	9	110M
46390	1184	consensus	12	110M
46391	1185	consensus	14	110M6D
46392	1186	A	7	110M
8192	1187	T	8	48M3D62M
46393	1188	TTT	12	110M
46394	1189	consensus	5	110M
46395	1190	consensus	4	110M
46396	1191	C	8	110M
46396	1191	G	4	110M
46397	1192	consensus	5	110M
46398	1193	consensus	5	111M
1290	1194	consensus	9	110M16D
46399	1195	consensus	5	110M
46400	1196	consensus	9	110M
46401	1197	consensus	7	110M
46402	1198	consensus	10	110M
1901	1199	consensus	7	37M1D73M
7234	1200	CT	17	110M
46403	1201	consensus	5	110M
17074	1202	consensus	5	4D110M
46404	1203	consensus	7	110M
46405	1204	consensus	7	110M
14010	1205	C	9	12D110M8D
43539	1206	consensus	11	110M
46406	1207	consensus	10	110M
46407	1208	consensus	4	110M
46408	1209	consensus	8	110M
14358	1210	consensus	8	1M5D109M16D
2497	1211	TAA	14	110M1D
14350	1212	consensus	8	1M12D109M7D
28150	1213	consensus	6	5M1D105M13D
35630	1214	consensus	4	8D110M3D
205	1215	A	5	118M11D
46409	1216	consensus	9	110M
1691	1217	G	9	110M
17334	1218	consensus	5	5D110M
3451	1219	CG	15	110M
1497	1220	consensus	9	110M1D
4351	1221	consensus	10	110M
7123	1222	C	4	110M
46410	1223	consensus	11	110M
46411	1225	consensus	8	110M
1203	1226	GGGC	15	110M
46412	1227	consensus	18	110M
1204	1228	consensus	14	110M
46413	1229	consensus	4	110M
35893	1230	consensus	6	110M16D
4831	1231	A	4	110M1D
5186	1232	TC	6	110M
46414	1233	consensus	7	110M9D
859	1234	A	4	110M1D
1511	1235	G	23	110M
15	1236	AT	7	1M16D109M9D
3832	1237	G	14	110M1D
2763	1238	consensus	6	110M
22787	1239	A	17	8D110M9D
46415	1240	G	12	3D110M
46416	1241	consensus	12	111M
46417	1242	consensus	8	110M
46418	1243	consensus	15	111M
46419	1244	consensus	10	110M
7645	1245	C	13	1D110M18D
46420	1246	consensus	4	110M
15251	1247	T	5	2M4D90M2D18M
46421	1248	consensus	5	110M
1074	1249	CGC	5	110M
5232	1250	consensus	5	110M
3764	1251	consensus	11	110M16D
46422	1252	consensus	5	110M
46423	1253	consensus	6	110M
20420	1254	consensus	17	18D110M2D
46424	1255	consensus	16	110M
46425	1256	consensus	9	110M
46426	1257	consensus	7	110M
46427	1258	consensus	4	110M
46428	1259	consensus	22	110M
1884	1260	G	7	110M
46429	1261	A	8	110M
4412	1262	AAGT	4	110M
46430	1263	consensus	13	110M
6074	1264	GG	13	110M
7251	1265	consensus	6	110M
37672	1266	C	9	7D110M12D
1550	1267	CT	11	110M
46431	1268	consensus	5	110M
9100	1269	A	8	110M
46432	1270	consensus	8	13D110M
3835	1271	T	20	2M13D108M3D
36810	1272	consensus	12	110M
22233	1273	consensus	9	1M19D109M
46433	1274	consensus	4	110M
46434	1275	consensus	11	110M
46435	1276	consensus	12	15D110M9D
551	1277	consensus	6	110M
1500	1278	consensus	6	16D110M
46436	1279	consensus	9	110M
2027	1281	GC	4	110M
95	1282	GGCAAGA	6	79M7D31M
2339	1283	consensus	4	110M
46437	1284	consensus	8	110M
46438	1285	consensus	10	110M
46439	1286	consensus	6	110M
3139	1287	CA	12	110M
44291	1288	consensus	7	1M8D109M1D
46440	1289	consensus	8	110M
46441	1290	consensus	17	110M
361	1291	CTC	49	110M2D
46442	1292	consensus	20	110M
46443	1293	consensus	4	110M
46444	1294	C	4	110M10D
46445	1295	consensus	7	110M
46446	1296	consensus	8	110M
4829	1297	C	13	110M1D
46447	1298	consensus	8	110M
6107	1299	GTT	7	110M
2913	1300	AG	5	110M
46448	1301	consensus	5	110M
19197	1302	consensus	8	110M
46449	1303	consensus	7	110M
46450	1304	consensus	7	110M
46451	1305	consensus	6	110M
46452	1306	consensus	6	110M
46453	1307	consensus	4	110M
46454	1308	consensus	6	110M
2021	1309	consensus	4	110M
46455	1310	consensus	7	110M
46456	1311	consensus	14	110M
46457	1312	consensus	6	110M
46458	1313	consensus	22	110M
46459	1314	consensus	6	110M11D
36923	1315	consensus	6	110M
984	1316	CT	6	99M1D11M
39235	1317	consensus	7	5D110M
46460	1318	consensus	13	110M
46461	1319	consensus	5	110M
2637	1320	C	18	110M
46462	1321	consensus	14	110M
46463	1322	consensus	6	110M
7712	1323	consensus	9	11D110M6D
4513	1324	CT	13	110M
46464	1325	consensus	10	110M
2977	1326	CG	5	110M1D
46465	1328	TGA	5	110M
12	1329	G	7	110M23D
7365	1330	CCCCC	6	110M
1603	1331	CC	15	39M7D71M
46466	1332	consensus	10	110M
46467	1333	consensus	4	110M
46468	1334	consensus	11	110M
46469	1335	A	8	110M
46469	1335	G	3	110M
46470	1336	consensus	9	110M
2510	1337	AT	9	110M
46471	1338	consensus	33	110M
46472	1339	consensus	7	110M
46473	1340	consensus	4	110M
46474	1341	consensus	6	110M
224	1342	A	9	110M
2834	1343	T	4	14D110M6D
46475	1344	consensus	11	110M
15885	1345	T	13	1M10D109M2D
45517	1346	consensus	4	1M8D109M4D
3428	1347	consensus	7	8D110M10D
46476	1348	consensus	9	110M
46477	1349	consensus	6	110M
46478	1350	consensus	5	110M
4155	1351	ACGT	7	110M
3490	1352	C	6	110M
3787	1353	GCTCCC	24	79M4D31M
46479	1354	consensus	9	110M
46480	1355	consensus	7	110M
20504	1356	consensus	6	10D110M10D
10265	1357	consensus	7	2M1D108M10D
28448	1358	consensus	13	14D110M
27723	1360	T	10	110M
46481	1361	consensus	7	110M
2739	1362	C	9	110M1D
46482	1363	consensus	5	1D110M
46483	1364	consensus	6	110M
46484	1365	consensus	12	110M
46485	1366	consensus	12	110M
46486	1367	consensus	7	110M
46487	1368	consensus	6	110M
62619	1369	consensus	4	110M
1656	1370	GGGAT	4	110M
46488	1371	consensus	5	63M3D47M6D
46489	1372	consensus	6	110M
40756	1373	consensus	4	16D110M
30284	1374	consensus	5	110M
46490	1375	consensus	5	110M
46491	1376	consensus	4	110M
46492	1377	consensus	9	110M
46493	1378	consensus	4	110M
11585	1379	T	5	110M
46494	1380	consensus	6	110M
490	1381	TAA	5	110M1D
10729	1382	consensus	7	110M13D
46495	1383	consensus	9	110M
46496	1384	consensus	4	110M
# sstacks completed on 2026-03-06 12:15:04
