# sstacks version 2.68; generated on 2026-03-06 12:14:54
2	2	A	23	2M10D115M14D
3	3	consensus	18	111M
12841	5	CGG	22	12D119M
29657	6	consensus	20	5D112M19D
7	7	consensus	24	111M
8	8	G	16	62M1D49M
9	9	consensus	11	121M6D
10	10	C	13	10D122M6D
11	11	consensus	13	111M5D
846	13	CN	14	20D113M6D
14	14	GGCA	23	1M7D111M12D
14	14	CTCA	23	7D112M12D
15	15	AT	26	7D122M6D
17	17	AC	17	13D116M13D
32469	18	G	20	116M2D
46067	19	consensus	34	117M
78993	20	consensus	21	113M
22	22	TT	10	66M2D45M
23	23	TA	22	10D115M13D
24	24	consensus	18	111M
68766	26	consensus	21	115M
27	27	C	22	111M
28	28	consensus	11	2D123M3D
29	29	consensus	13	1M8D117M10D
30	30	consensus	17	2M12D114M9D
31	31	TACAAAA	9	118M
31	31	TGTAAAA	26	118M
32	32	consensus	21	121M
34	34	consensus	14	111M
35	35	GG	11	113M11D
62321	37	consensus	23	1D117M
13192	38	C	15	1M10D121M17D
79612	40	consensus	43	123M
7582	41	consensus	16	2M12D109M
42	42	G	12	115M20D
43	43	AA	15	14D112M11D
44	44	AGGCG	45	9D115M18D
29657	45	consensus	41	10D111M15D
46	46	TNGAT	33	1M10D116M5D
47	47	consensus	12	4D58M7D53M
50	50	CGTCNN	41	12D111M15D
51	51	consensus	16	1D113M
52	52	consensus	19	15D122M9D
79329	53	consensus	11	4D112M1D1M
55	55	TTCTG	17	1M10D119M
37911	56	consensus	17	113M
58	58	consensus	20	111M
59	59	GCTGA	25	11D113M15D
60	60	G	17	1D113M12D
61	61	GTTA	29	9D120M
62	62	consensus	13	110M
63	63	CT	7	110M1D
64	64	C	5	110M
65	65	consensus	6	1M10D109M
66	66	AGTGTC	6	110M1D
67	67	consensus	6	110M9D
68	68	consensus	8	110M
69	69	TAG	10	110M
70	70	A	4	110M
71	71	C	14	110M
72	72	consensus	5	110M
73	73	consensus	10	110M
74	74	consensus	15	110M15D
75	75	AAG	7	110M
76	76	consensus	4	110M
77	77	consensus	12	110M
78	78	consensus	4	110M
31	79	TGTGATA	4	110M8D
80	80	consensus	9	110M
81	81	consensus	34	110M2D
82	82	T	23	110M
83	83	CGAC	11	7D110M1D
83	83	CGCC	11	7D110M1D
84	84	C	10	110M6D
85	85	consensus	4	110M
86	86	ACT	7	22M1D88M1D
87	87	consensus	17	1M11D109M
88	88	consensus	6	110M
89	89	A	4	1M13D109M11D
90	90	G	36	110M1D
91	91	C	8	110M
77373	92	consensus	5	110M3D
93	93	consensus	6	110M
95	95	GCCGAGA	8	59M7D51M
96	96	T	4	110M
97	97	AAGAGTTCTCTTCC	20	110M8D
98	98	consensus	9	110M
99	99	consensus	21	110M
100	100	consensus	5	110M
101	101	consensus	4	12D110M
102	102	CCCG	12	110M
104	104	consensus	6	110M
105	105	C	11	2M15D108M10D
106	106	TTTTTATACGTATGC	11	110M1D
107	107	consensus	5	110M7D
108	108	consensus	8	110M
62576	109	consensus	11	110M
110	110	GACCCC	15	12D111M
111	111	TC	12	110M
112	112	CCT	12	110M11D
113	113	consensus	18	110M
114	114	consensus	19	15D110M
115	115	consensus	4	110M1D
116	116	T	26	110M
117	117	consensus	13	1M2D109M
118	118	TG	16	110M
120	120	A	5	110M
121	121	TAC	18	110M
59896	122	T	7	110M
123	123	consensus	6	110M
124	124	consensus	4	110M
125	125	consensus	18	110M
126	126	consensus	6	110M
127	127	GA	4	110M1D
128	128	consensus	8	110M
129	129	consensus	8	110M2D
130	130	consensus	17	110M
131	131	AAA	10	110M
132	132	consensus	9	110M
133	133	consensus	10	110M
134	134	TG	4	110M4D
135	135	consensus	9	110M
136	136	A	12	110M
137	137	consensus	10	59M4D51M1D
138	138	consensus	21	110M1D
139	139	consensus	15	110M
140	140	consensus	19	110M
141	141	TT	12	110M9D
142	142	G	6	110M1D
143	143	consensus	4	110M
144	144	ACT	17	110M
145	145	consensus	6	110M
146	146	CGCAG	7	110M
147	147	GTTT	28	103M1D7M
148	148	consensus	17	110M
149	149	TTGG	23	110M
150	150	TT	18	2M1D110M16D
151	151	TC	5	110M
152	152	A	5	6D110M10D
153	153	GC	12	110M
154	154	G	7	110M8D
155	155	consensus	6	110M1D
157	157	consensus	6	110M
158	158	consensus	10	1M1D49M2D60M
159	159	consensus	20	110M3D
160	160	consensus	6	110M
161	161	TGTGG	12	110M
162	162	consensus	5	110M
163	163	AT	8	110M1D
164	164	G	5	104M2D6M
165	165	CTT	10	36M1D74M
166	166	consensus	14	110M
167	167	A	4	4D110M
168	168	CT	12	110M
169	169	A	6	110M
170	170	consensus	4	110M
171	171	GAA	13	110M1D
172	172	consensus	10	110M
173	173	TA	81	100M1D10M2D
174	174	consensus	4	110M
175	175	G	15	110M
176	176	consensus	7	110M
177	177	consensus	10	110M
178	178	consensus	12	110M
179	179	consensus	16	1M8D109M10D
180	180	consensus	9	110M10D
182	182	consensus	17	3D110M7D
183	183	A	5	9D110M
184	184	C	5	110M7D
185	185	consensus	4	110M
186	186	consensus	10	110M
187	187	consensus	5	110M
188	188	GT	15	110M1D
189	189	G	23	110M1D
190	190	consensus	7	110M
191	191	consensus	4	9D110M6D
192	192	A	4	12D55M1D55M7D
193	193	CC	4	110M
194	194	consensus	12	4D110M5D
195	195	T	7	110M
196	196	AG	11	110M
197	197	A	5	110M1D
198	198	consensus	7	110M
199	199	consensus	7	110M
200	200	consensus	13	110M4D
2705	201	CAGT	14	23D121M
202	202	consensus	8	1M2D109M
203	203	A	4	110M
204	204	A	4	2D110M12D
207	207	consensus	7	110M
208	208	C	10	15D110M1D
209	209	consensus	22	110M
210	210	consensus	8	110M
212	212	consensus	5	1M12D109M2D
213	213	consensus	10	110M6D
214	214	consensus	16	110M
215	215	consensus	4	110M
216	216	TCT	8	110M
217	217	consensus	12	110M
219	219	consensus	6	110M
220	220	CAT	7	110M
221	221	A	11	5D110M4D
222	222	consensus	7	110M
223	223	consensus	6	110M
224	224	A	28	110M
225	225	TT	40	110M
226	226	consensus	11	3D110M
64635	227	A	31	110M
64635	227	G	11	110M
228	228	consensus	4	6D110M6D
229	229	A	4	110M
230	230	G	7	110M
231	231	consensus	13	12D110M
232	232	AA	13	110M1D
233	233	CT	5	110M
234	234	consensus	10	110M
235	235	A	7	110M
236	236	consensus	17	111M
237	237	consensus	13	110M
238	238	consensus	5	110M
239	239	C	17	110M
240	240	consensus	13	112M
241	241	consensus	7	110M
242	242	consensus	6	110M1D
7769	243	C	9	1M14D109M12D
244	244	T	7	110M
245	245	T	8	110M1D
246	246	consensus	11	110M
247	247	consensus	16	115M
248	248	consensus	4	110M
249	249	consensus	5	110M
250	250	consensus	20	110M
57387	251	CA	5	110M
252	252	T	4	110M5D
253	253	consensus	5	110M
254	254	CT	11	110M
41943	255	consensus	83	110M1D
256	256	consensus	9	1D110M10D
257	257	T	5	110M15D
258	258	consensus	15	10D110M
259	259	AATAT	13	104M2D6M
260	260	consensus	4	7D110M10D
261	261	consensus	20	113M
262	262	consensus	4	110M
263	263	consensus	6	110M
264	264	consensus	8	110M
265	265	A	6	110M
265	265	G	16	110M
50895	266	G	10	110M
267	267	consensus	5	110M
268	268	G	9	110M
269	269	consensus	8	7D110M
270	270	CGA	4	110M
271	271	GTA	20	110M1D
272	272	consensus	10	110M
273	273	CG	6	8M2D102M
274	274	consensus	4	110M
275	275	consensus	14	110M
276	276	consensus	10	110M
277	277	consensus	8	110M
278	278	consensus	6	12D110M7D
279	279	consensus	13	110M
280	280	consensus	24	110M
283	283	consensus	26	110M
284	284	GACG	22	44M1D66M1D
284	284	GGCG	22	44M1D66M1D
285	285	CG	7	110M1D
286	286	C	16	110M
287	287	consensus	5	110M
288	288	G	12	110M
289	289	CGCC	5	110M
290	290	consensus	11	110M
291	291	GGT	5	110M
292	292	A	12	110M
293	293	C	12	110M12D
294	294	consensus	8	110M
295	295	T	13	110M
296	296	C	10	110M
297	297	consensus	5	6D110M
298	298	TAA	5	17M1D93M
299	299	GGCCTCACTT	8	107M1D3M
300	300	consensus	21	110M
301	301	T	16	110M
302	302	consensus	9	110M12D
303	303	CT	10	110M
304	304	consensus	4	110M
305	305	AATC	8	110M1D
306	306	A	20	110M1D
307	307	TCT	21	7D110M10D
308	308	ACTTA	17	110M
309	309	consensus	6	110M
310	310	consensus	7	110M7D
311	311	consensus	8	110M
312	312	ACC	5	2M12D108M14D
313	313	consensus	6	11D110M7D
314	314	consensus	12	110M
315	315	C	18	110M
316	316	consensus	19	110M
317	317	GAC	4	110M
318	318	consensus	16	1D110M
319	319	consensus	10	110M
320	320	consensus	8	110M
321	321	consensus	9	110M2D
323	323	consensus	10	110M
324	324	consensus	5	110M7D
325	325	consensus	8	6D110M7D
41494	326	consensus	6	110M
327	327	consensus	10	110M
328	328	consensus	6	110M
329	329	consensus	4	110M
330	330	G	5	110M
331	331	consensus	6	18D110M
332	332	consensus	4	4D107M4D3M
333	333	C	9	110M
334	334	C	7	99M1D11M
335	335	T	14	110M1D
336	336	consensus	14	110M6D
337	337	consensus	9	110M
338	338	GG	8	110M
339	339	C	11	110M3D
340	340	consensus	12	3D110M
341	341	TG	14	110M
342	342	consensus	8	110M
343	343	consensus	4	1D110M
344	344	G	17	110M
345	345	A	9	1M12D111M16D
346	346	consensus	22	110M
347	347	C	5	67M1D43M3D
348	348	C	20	110M
349	349	consensus	20	110M14D
350	350	consensus	5	6D110M8D
351	351	consensus	5	110M
352	352	G	8	110M
71072	353	consensus	8	110M11D
354	354	consensus	13	110M
355	355	consensus	9	110M
356	356	consensus	6	110M
357	357	consensus	6	2M9D108M
358	358	TA	10	110M
359	359	GA	6	110M
360	360	consensus	8	110M
361	361	CTC	18	110M2D
362	378	consensus	4	110M
363	379	consensus	6	1M4D120M11D
364	380	consensus	5	1M5D114M4D
365	381	consensus	5	110M
366	382	AA	5	110M
367	383	consensus	4	110M
368	384	consensus	4	110M
369	385	consensus	42	110M
370	386	A	7	110M
371	387	consensus	7	110M
372	388	G	7	110M
373	389	consensus	7	110M
374	390	consensus	18	110M
375	391	consensus	5	43M1D17M2D50M
376	392	consensus	6	110M
377	393	consensus	10	4D110M9D
378	394	consensus	7	110M
379	395	consensus	4	110M14D
380	396	G	4	110M16D
381	397	GTACT	5	110M
382	398	consensus	7	110M
383	399	AA	8	110M
384	400	consensus	4	1M5D109M3D
385	401	C	4	3D110M9D
386	402	consensus	6	110M
387	403	consensus	5	110M
388	404	T	9	111M1D
389	405	consensus	7	110M
390	406	C	7	110M
391	407	consensus	4	110M
392	408	consensus	5	110M
393	409	GT	8	110M
394	410	AG	12	6D120M15D
396	412	consensus	4	110M
397	413	consensus	4	110M
398	414	consensus	9	110M
399	415	consensus	4	110M
400	416	consensus	4	110M
80274	417	consensus	7	1D115M
402	418	consensus	10	111M
403	419	consensus	6	110M
404	420	CCCC	5	8D110M4D
405	421	TTG	10	110M
406	422	consensus	4	17D110M3D
407	423	G	11	110M
408	424	GAT	4	110M
409	425	consensus	8	7D110M16D
411	427	AAGG	6	110M
411	427	GACA	3	110M
412	428	T	4	110M
35433	429	ACTCAT	7	110M5D
414	430	consensus	5	1M11D109M
415	431	consensus	9	110M
416	432	consensus	5	110M
417	433	CACGTGT	5	110M
61381	434	consensus	14	1D118M
419	435	consensus	9	110M
420	436	T	15	110M
421	437	consensus	4	110M
422	438	G	12	2M3D108M6D
423	439	GGGTC	12	74M2D36M1D
424	440	A	9	110M
426	442	consensus	7	110M
427	443	GA	5	110M
48533	444	consensus	10	110M7D
429	445	consensus	7	110M
430	446	consensus	6	110M
23581	447	consensus	6	110M
432	448	consensus	9	110M
433	449	consensus	7	110M
435	451	consensus	6	110M
436	452	consensus	4	110M
437	453	consensus	4	110M
438	454	consensus	6	9D113M13D
439	455	G	7	110M1D
440	456	consensus	4	110M
441	457	consensus	5	110M
442	458	consensus	6	1M2D109M
444	460	consensus	4	7D110M10D
61851	461	consensus	4	110M
446	462	consensus	4	110M
447	463	CG	9	110M1D
448	464	consensus	5	110M
449	465	G	8	110M1D
450	466	consensus	9	110M
451	467	consensus	12	110M
452	468	GC	11	110M
453	469	C	9	110M
453	469	T	4	110M
454	470	A	5	43M2D67M2D
455	471	consensus	8	110M1D
456	472	consensus	14	110M
457	473	consensus	11	110M
458	474	consensus	11	110M
7108	475	CACA	5	110M
460	476	GC	6	110M
461	477	consensus	5	4D110M
462	478	consensus	4	110M9D
463	479	A	9	110M1D
464	480	consensus	5	10D110M
465	481	CT	19	110M
466	482	consensus	7	3D110M12D
467	483	TG	6	110M
54397	484	CTCCGT	7	110M
470	486	AA	6	8D110M14D
471	487	consensus	6	67M1D43M1D
472	488	CCGAGTAG	9	110M8D
473	489	consensus	8	110M
474	490	consensus	7	110M
475	491	consensus	8	110M
476	492	consensus	4	110M
477	493	GGTCT	6	110M
478	494	G	6	110M
479	495	AAGA	16	65M1D45M1D
480	496	consensus	7	16D110M4D
481	497	consensus	6	110M
39144	498	T	17	1M2D112M
483	499	C	3	110M
483	499	T	8	110M
484	500	consensus	9	110M
485	501	GA	8	110M
485	501	TC	7	110M
486	502	AAG	8	110M4D
487	503	consensus	4	110M
488	504	consensus	11	51M1D59M
489	505	C	24	110M
490	506	TGA	6	110M1D
491	507	consensus	10	1M5D109M1D
492	508	consensus	8	110M11D
493	509	consensus	14	110M
77714	510	consensus	26	110M
495	511	consensus	17	110M
496	512	consensus	6	110M
497	513	consensus	6	110M
498	514	consensus	10	110M
499	515	consensus	4	110M
500	516	C	4	110M
501	517	consensus	14	110M
502	518	GGT	13	110M
503	519	consensus	13	110M8D
504	520	AA	7	7M1D103M
505	521	AGG	5	76M5D34M
506	522	G	13	110M18D
507	523	consensus	7	1M10D113M5D
508	524	G	11	110M2D
509	525	ACTATC	12	110M
510	526	A	8	13D110M1D
511	527	consensus	6	110M
512	528	consensus	11	90M8D20M
513	529	consensus	29	110M
514	530	T	4	110M
515	531	consensus	8	110M
516	532	CCA	6	1M4D109M16D
517	533	T	8	1M1D109M7D
518	534	CTTTAA	15	74M1D36M
519	535	A	6	110M1D
519	535	G	14	110M1D
520	536	consensus	9	110M
522	538	consensus	6	12D110M
523	539	GG	5	110M
524	540	consensus	4	110M
525	541	consensus	17	16D110M
526	542	consensus	4	30M1D80M2D
527	543	AACG	4	110M
528	544	A	5	2M13D108M9D
529	545	consensus	4	110M
531	547	consensus	24	112M
532	548	consensus	4	1M13D109M
533	549	consensus	16	110M
534	550	consensus	9	4D114M
535	551	consensus	4	110M
536	552	consensus	9	8D110M
537	553	AAA	5	110M
538	554	consensus	16	110M11D
539	555	GAA	12	59M2D51M
540	556	CG	26	110M
541	557	C	6	1M15D113M13D
542	558	consensus	4	110M
543	559	GC	29	110M
544	560	consensus	11	110M
545	561	consensus	7	3D110M8D
546	562	C	12	110M
547	563	consensus	6	110M
548	564	T	8	66M1D44M1D
549	565	consensus	8	110M
550	566	consensus	13	96M1D14M
551	567	consensus	5	110M
552	568	TTTG	8	29M2D81M
553	569	consensus	13	111M4D
554	570	consensus	9	110M
555	571	consensus	9	110M
556	572	TGTTT	7	110M
557	573	consensus	7	1M5D109M6D
558	574	consensus	22	110M
559	575	G	11	1M5D109M9D
560	576	consensus	5	110M9D
561	577	consensus	12	110M
562	578	consensus	7	110M
563	579	G	5	110M
564	580	GAA	10	110M
565	581	consensus	30	110M
566	582	AAG	13	110M
567	583	consensus	6	110M
568	584	AATA	5	2M8D108M15D
569	585	consensus	8	110M
570	586	consensus	17	110M
571	587	consensus	18	110M
572	588	consensus	6	110M
573	589	consensus	11	110M
574	590	consensus	18	110M2D
575	591	consensus	4	110M19D
576	592	TCTT	17	110M1D
577	593	TGG	7	110M
578	594	consensus	10	14D110M5D
579	595	G	5	110M
580	596	consensus	13	110M
581	597	AAG	6	19M9D23M1D68M
582	598	consensus	33	111M
583	599	G	15	110M
584	600	consensus	14	66M4D44M
585	601	consensus	14	110M
586	602	CG	5	2M6D108M3D
587	603	consensus	4	1M12D109M4D
588	604	consensus	14	110M6D
589	605	AA	8	110M
590	606	GT	16	1M14D120M10D
591	607	consensus	8	110M11D
592	608	C	9	110M1D
592	608	G	11	110M1D
593	609	CC	6	110M
594	610	T	13	110M1D
595	611	consensus	12	110M
596	612	consensus	8	110M
597	613	consensus	10	110M
598	614	consensus	9	110M
599	615	consensus	7	12D110M3D
600	616	consensus	6	110M
601	617	consensus	5	110M
602	618	consensus	8	1M1D109M12D
48478	619	consensus	4	77M20D33M
604	620	consensus	23	110M
605	621	consensus	11	110M
606	622	consensus	5	110M
607	623	consensus	10	110M
608	624	consensus	10	110M
609	625	TAC	7	110M
610	626	consensus	4	110M
612	628	consensus	5	110M
613	629	consensus	5	110M12D
614	630	CT	29	110M
615	631	TTCGGACGG	6	100M1D10M1D
616	632	consensus	11	110M
617	633	consensus	6	110M
618	634	consensus	5	102M2D7M1D1M
619	635	consensus	17	110M
620	636	TCGGT	7	110M1D
621	637	consensus	11	110M
622	638	consensus	15	110M
623	639	consensus	10	1M1D109M7D
624	640	consensus	10	4D110M1D
625	641	consensus	8	1D110M6D
626	642	C	5	110M
627	643	A	5	1M13D109M2D
627	643	G	4	1M13D109M2D
628	644	CGTT	9	110M
629	645	C	6	110M1D
630	646	consensus	7	1M14D44M3D65M9D
631	647	consensus	7	15D110M
632	648	consensus	5	110M
633	649	AACCCCTAGTT	8	104M2D6M
634	650	consensus	8	2M3D108M8D
635	651	ATT	5	110M
636	652	CAGTCATGACTA	24	110M5D
636	652	CAGTCATGATTA	24	110M5D
637	653	consensus	20	110M
638	654	GT	9	110M1D
639	655	T	10	110M
640	656	consensus	7	4D110M1D
641	657	consensus	15	110M1D
642	658	consensus	4	110M
643	659	consensus	8	110M
644	660	consensus	10	110M
645	661	C	19	110M
646	662	consensus	17	111M
647	663	consensus	7	110M10D
648	664	consensus	21	110M
649	665	consensus	8	110M
650	666	consensus	11	110M10D
652	668	consensus	14	110M
653	669	AATG	13	110M
654	670	consensus	8	110M5D
655	671	GC	10	110M
656	672	consensus	5	110M
657	673	CTGCAGGGCT	11	110M4D
658	674	T	8	110M1D
659	675	consensus	5	110M
660	676	consensus	7	110M
661	677	consensus	10	105M1D5M
662	678	consensus	11	110M
664	680	consensus	11	110M
30446	681	consensus	5	5D110M14D
666	682	consensus	29	110M
667	683	TTC	4	1M11D109M8D
668	684	consensus	8	60M1D50M
669	685	CTGCCT	22	110M1D
669	685	CTGCTT	22	110M1D
670	686	C	10	110M1D
671	687	consensus	5	110M
672	688	consensus	8	110M
673	689	consensus	18	110M
674	690	T	5	2M4D108M10D
675	691	consensus	20	113M
676	692	C	7	12D17M1D93M
677	693	GA	5	110M1D
678	694	consensus	8	110M
679	695	TCGCAGAGT	5	110M1D
680	696	G	9	110M2D
681	697	consensus	7	11D110M
682	698	A	25	107M1D3M
683	699	consensus	5	10D110M5D
684	700	consensus	10	110M
685	701	consensus	6	110M
686	702	CT	30	1M7D118M10D
687	703	GA	5	110M
688	704	consensus	17	110M
689	705	consensus	10	110M
690	706	CTTTATCTA	11	110M1D
691	707	consensus	9	110M
692	708	consensus	10	110M
693	709	consensus	9	74M2D36M
694	710	consensus	36	110M
695	711	consensus	14	1M6D109M
696	712	G	7	110M
697	713	consensus	7	110M
698	714	consensus	5	110M
699	715	consensus	5	110M
701	717	consensus	6	110M
702	718	C	9	110M
703	719	consensus	11	110M
704	720	consensus	4	110M
705	721	CA	8	110M
706	722	consensus	12	110M
707	723	consensus	5	110M
708	724	consensus	5	10D110M8D
709	725	consensus	5	110M
710	726	consensus	10	110M
711	727	CG	6	20M9D90M
712	728	G	16	110M
713	729	consensus	16	110M10D
714	730	G	17	110M1D
716	732	G	9	110M
717	733	G	10	18D110M
718	734	consensus	14	110M1D
719	735	A	7	12D110M8D
720	736	consensus	7	2M4D108M9D
721	737	consensus	23	110M
722	738	consensus	6	110M
723	739	consensus	10	110M
52221	740	consensus	24	117M
725	741	consensus	11	110M
726	742	consensus	4	9D110M
727	743	consensus	11	110M6D
728	744	consensus	6	110M
729	745	CAG	9	110M
730	746	TTATG	5	100M4D10M
731	747	consensus	7	16D110M1D
732	748	GTGG	9	110M
733	749	consensus	6	110M
734	750	consensus	6	110M
735	751	consensus	22	110M
736	752	consensus	11	110M
737	753	consensus	9	110M
738	754	TA	5	81M1D29M
739	755	consensus	16	6D110M
740	756	consensus	6	12D110M
741	757	TC	24	110M
742	758	consensus	11	110M17D
743	759	consensus	7	110M
744	760	AAG	9	110M
745	761	consensus	8	71M1D39M
746	762	T	5	110M
747	763	consensus	4	1M5D109M
748	764	consensus	20	110M1D
749	765	AGC	10	13D110M12D
750	766	consensus	6	110M
751	767	consensus	7	110M
752	768	AT	7	110M
753	769	A	6	110M9D
754	770	G	10	110M10D
755	771	consensus	4	110M
756	772	consensus	9	110M
757	773	C	10	6D110M9D
758	774	consensus	4	110M
759	775	consensus	14	110M
760	776	consensus	5	110M
761	777	consensus	7	7D110M
762	778	consensus	12	110M
763	779	consensus	13	11D110M1D
764	780	A	7	110M1D
765	781	G	17	110M
766	782	consensus	8	110M
52867	783	consensus	4	110M
768	784	consensus	14	110M5D
769	785	consensus	9	110M
770	786	A	4	4D110M19D
771	787	consensus	7	110M
772	788	consensus	4	110M
58824	789	A	7	110M
774	790	consensus	16	110M
775	791	consensus	12	6D110M
776	792	consensus	7	110M
777	793	consensus	4	110M
778	794	consensus	12	110M
779	795	consensus	10	110M1D
780	796	C	4	110M
781	797	consensus	4	110M
782	798	CAG	34	16D121M10D
783	799	consensus	8	110M2D
784	800	consensus	4	110M
785	801	consensus	20	110M
786	802	consensus	6	110M
788	804	consensus	5	110M
789	805	TC	7	110M
790	806	CG	4	110M
792	808	AA	6	110M
793	809	consensus	5	110M
794	810	T	12	110M2D
795	811	consensus	5	110M
796	812	consensus	6	114M6D
797	813	consensus	6	110M
798	814	consensus	5	110M
799	815	consensus	12	110M
800	816	C	9	110M1D
801	817	C	6	3M6D107M12D
802	818	consensus	13	1D110M9D
803	819	consensus	8	110M
804	820	T	4	110M8D
805	821	consensus	6	110M1D
806	822	consensus	8	110M11D
807	823	T	10	110M7D
808	824	consensus	4	1M6D109M
809	825	AC	10	110M
810	826	ATT	4	93M2D17M1D
811	827	A	15	110M
812	828	A	21	110M22D
813	829	consensus	15	110M
814	830	C	5	67M1D43M2D
815	831	GAT	5	110M
816	832	AGA	7	110M1D
817	833	consensus	5	110M
818	834	GGCAAATGGACA	6	110M
819	835	CGT	14	3M16D110M5D
820	836	consensus	12	110M
821	837	T	14	110M1D
56264	838	consensus	19	110M1D
823	839	C	6	105M1D5M1D
824	840	CGC	15	20D110M
825	841	TA	24	110M
826	842	consensus	8	110M
827	843	consensus	14	110M
828	844	consensus	5	110M
829	845	consensus	15	11D110M8D
830	846	consensus	5	110M
831	847	consensus	5	110M
832	848	consensus	14	110M
833	849	consensus	4	110M
834	850	consensus	7	8D110M6D
60779	851	consensus	11	110M
836	852	TT	10	56M1D54M
837	853	consensus	10	110M
838	854	consensus	8	110M
839	855	consensus	8	110M
840	856	consensus	18	111M23D
841	857	consensus	4	110M
842	858	consensus	5	110M
843	859	ACCAC	8	110M1D
844	860	consensus	10	110M
845	861	T	6	110M
59560	862	consensus	10	1D110M
847	863	TATACGT	11	110M
847	863	TGTACGT	10	110M
848	864	GAT	6	110M
849	865	consensus	14	110M
850	866	T	8	110M
851	867	AA	6	110M
852	868	consensus	6	110M
853	869	AT	9	110M
854	870	AGAA	6	110M
855	871	consensus	14	110M
856	872	consensus	4	110M
857	873	AA	12	7D110M15D
858	874	consensus	16	104M2D6M
859	875	A	15	110M1D
860	876	consensus	6	110M
861	877	A	12	110M
862	878	consensus	7	7D110M6D
863	879	consensus	6	110M
865	881	CGC	12	102M2D8M3D
866	882	consensus	10	110M
867	883	consensus	9	110M2D
1396	884	GTTCAGCGGCC	24	110M
869	885	consensus	4	110M
870	886	consensus	8	110M
871	887	G	10	110M
872	888	consensus	11	110M
873	889	consensus	5	111M1D
5200	890	consensus	4	110M
875	891	consensus	6	110M
876	892	AC	7	110M1D
876	892	GC	7	110M1D
877	893	consensus	10	110M
878	894	GTTTT	6	110M
879	895	consensus	4	110M
880	896	G	12	110M
881	897	consensus	11	110M
882	898	consensus	4	110M
883	899	consensus	5	110M
884	900	A	5	110M
885	901	consensus	5	110M
886	902	consensus	7	110M
887	903	consensus	8	51M1D59M
888	904	GCG	5	10M1D100M
889	905	consensus	4	110M
890	906	CG	4	7D42M10D68M
891	907	consensus	5	110M
892	908	consensus	10	110M
893	909	CG	5	110M
894	910	TGCG	4	110M
895	911	consensus	6	1M9D109M6D
896	912	consensus	8	110M
897	913	consensus	6	8D110M
898	914	CTATA	7	110M1D
818	915	TGCGATTGGACG	5	110M
900	916	consensus	10	110M
901	917	consensus	4	110M
902	918	A	4	110M
903	919	consensus	9	110M
904	920	consensus	4	5D110M
905	921	AAACATCG	10	1M2D4M5D105M1D
906	922	CT	10	110M
907	923	consensus	5	110M
908	924	consensus	7	110M9D
909	925	consensus	6	110M
910	926	A	3	110M
910	926	G	5	110M
911	927	consensus	6	110M
16	928	A	24	110M14D
913	929	consensus	9	110M
914	930	consensus	5	10D110M
915	931	consensus	6	110M
916	932	consensus	8	8D110M
917	933	A	7	110M
918	934	consensus	8	2M7D108M8D
919	935	consensus	6	110M
920	936	consensus	8	110M
921	937	consensus	5	110M
922	938	T	8	110M
923	939	consensus	7	110M5D
924	940	C	7	110M
925	941	TGCAAC	5	110M
926	942	consensus	11	110M
927	943	consensus	17	111M
928	944	consensus	4	110M16D
929	945	consensus	10	110M
930	946	consensus	4	110M
931	947	A	13	110M
932	948	A	7	71M3D39M
933	949	A	6	110M
934	950	consensus	6	7D59M2D51M
935	951	A	17	110M
936	952	GC	13	110M3D
937	953	consensus	4	110M
938	954	consensus	14	3M10D107M
939	955	consensus	13	15D110M
940	956	consensus	6	110M
941	957	A	5	110M
942	958	AAGTA	12	110M
943	959	CA	10	110M1D
944	960	ACCCC	18	110M
945	961	consensus	6	110M
946	962	consensus	5	110M
947	963	consensus	4	110M
948	964	consensus	4	110M
949	965	consensus	7	1M11D109M12D
950	966	consensus	10	110M
951	967	TTTT	6	111M3D
952	968	consensus	13	110M
953	969	CT	8	21D110M1D
954	970	consensus	14	12D110M9D
955	971	A	8	110M
956	972	consensus	7	110M
957	973	consensus	8	12D110M4D
958	974	consensus	8	110M
959	975	consensus	10	110M1D
960	976	ATT	9	110M
961	977	consensus	6	110M
962	978	consensus	12	2M12D108M
963	979	consensus	7	110M
106	980	TTTTAATATGTAGAT	7	110M1D
965	981	consensus	4	110M
966	982	consensus	8	110M
967	983	consensus	11	3D110M
968	984	consensus	4	110M
969	985	consensus	4	110M
970	986	consensus	10	110M
972	988	consensus	7	110M
973	989	consensus	14	1M10D109M4D
974	990	consensus	4	110M
41845	991	consensus	22	110M
976	992	consensus	8	110M
977	993	consensus	17	110M
978	994	consensus	28	110M
979	995	consensus	10	110M
980	996	consensus	9	110M
981	997	consensus	16	110M
982	998	ATA	5	110M
983	999	consensus	20	110M
984	1000	AT	16	99M1D11M
985	1001	consensus	9	110M
986	1002	consensus	8	110M8D
987	1003	consensus	8	110M
988	1004	consensus	5	110M
989	1005	consensus	11	110M
990	1006	consensus	4	110M
991	1007	consensus	5	110M
992	1008	consensus	12	110M8D
993	1009	consensus	10	110M
994	1010	consensus	5	1M14D109M2D
995	1011	consensus	15	110M
971	1012	AGA	15	6D110M20D
997	1013	consensus	10	110M1D
998	1014	CC	9	110M
999	1015	consensus	14	110M
1000	1016	consensus	26	110M
1001	1017	consensus	17	4D110M12D
1002	1018	consensus	9	110M5D
1003	1019	GCT	9	110M
1004	1020	TA	5	110M
1005	1021	consensus	8	110M
1006	1022	TC	4	110M
1007	1023	consensus	13	110M
1008	1024	consensus	9	2M11D108M4D
1009	1025	T	5	110M1D
1010	1026	TTC	7	110M
1011	1027	consensus	10	110M
1012	1028	consensus	24	110M
1013	1029	consensus	8	122M
1014	1030	consensus	4	110M12D
1015	1031	consensus	22	111M
1016	1032	consensus	5	110M
1017	1033	consensus	8	110M
1018	1034	consensus	9	110M
1019	1035	consensus	15	110M
1022	1038	CT	12	110M
1023	1039	CT	13	110M1D
1024	1040	G	5	110M
1025	1041	CTA	8	110M
1026	1042	C	6	110M
1027	1043	consensus	17	110M
1028	1044	T	10	110M
1029	1045	consensus	7	110M
1030	1046	A	4	110M
13646	1047	CGTGT	7	110M
1032	1048	TTA	8	110M
1033	1049	ATTCAC	6	110M
1034	1050	T	8	1M9D109M8D
1035	1051	CCAT	39	110M
1036	1052	consensus	14	110M
1037	1053	consensus	10	110M
1038	1054	G	6	110M
1039	1055	consensus	13	110M
1040	1056	CGG	11	110M
1041	1057	ATT	10	110M
1042	1058	T	12	5D110M15D
1043	1059	consensus	9	110M
1044	1060	consensus	8	110M
1045	1061	G	30	6D110M2D
1046	1062	GA	4	110M
1047	1063	consensus	4	110M
1048	1064	consensus	4	110M1D
1049	1065	G	7	110M
1050	1066	consensus	15	110M
1051	1067	consensus	36	110M
1052	1068	A	10	110M
1053	1069	consensus	12	10D110M4D
1054	1070	C	9	110M
1055	1071	consensus	10	110M
1056	1072	consensus	15	110M
1057	1073	GACT	4	110M
1058	1074	T	8	82M1D28M
1059	1075	consensus	16	110M
1060	1076	consensus	8	7D110M
1061	1077	T	13	110M
1062	1078	A	8	110M
1063	1079	consensus	16	110M
1064	1080	consensus	13	1M4D109M3D
1065	1081	consensus	5	110M
1066	1082	ATCT	4	110M1D
1067	1083	C	12	110M
1068	1084	CCTATT	12	110M1D
1069	1085	consensus	5	110M
1070	1086	consensus	32	7D111M11D
1071	1087	consensus	9	110M
1072	1088	consensus	6	110M
1073	1089	consensus	9	110M
1074	1090	CGC	6	110M
1075	1091	CCC	13	66M3D35M3D9M
1076	1092	consensus	5	2M10D108M
70320	1093	consensus	34	115M
1078	1094	TAC	10	110M
1079	1095	consensus	12	110M
1080	1096	consensus	5	9D110M7D
1081	1097	consensus	33	110M5D
1082	1098	consensus	4	110M
1083	1099	consensus	7	110M
1085	1101	consensus	4	110M
1086	1102	consensus	14	110M
1087	1103	G	4	110M
1088	1104	consensus	7	110M
1090	1106	consensus	5	110M
20666	1107	CT	13	59M1D51M1D
48	1109	GG	18	22D117M6D
1094	1110	consensus	4	110M
1095	1111	consensus	11	110M
1096	1112	G	6	110M
1097	1113	consensus	8	110M
1098	1114	consensus	9	110M
1099	1115	consensus	8	110M
1100	1116	T	4	110M
1101	1117	consensus	7	110M
1102	1118	consensus	9	110M
1103	1119	consensus	6	110M
1104	1120	consensus	11	110M
1105	1121	A	5	110M
1106	1122	AA	15	111M
1107	1123	consensus	10	110M
1108	1124	consensus	9	110M
1109	1125	consensus	5	110M
1110	1126	GC	16	9D110M7D
1111	1127	GGA	10	110M
1112	1128	consensus	4	110M
1113	1129	consensus	4	2M10D108M9D
1114	1130	T	17	110M1D
1115	1131	GC	8	110M
1117	1133	A	36	110M
1118	1134	A	6	110M
1119	1135	consensus	11	87M1D23M
1120	1136	consensus	26	110M
67902	1137	consensus	6	110M
1122	1138	G	6	110M
1123	1139	ACA	10	43M6D67M9D
1124	1140	consensus	7	7D110M7D
1125	1141	consensus	13	110M
1126	1142	consensus	15	110M
1127	1143	ACAC	10	110M
1128	1144	consensus	7	74M1D36M
1129	1145	AC	11	50M1D60M
1130	1146	ATT	7	18D110M6D
1131	1147	consensus	11	110M
1132	1148	GGC	14	9D122M3D
1133	1149	consensus	5	110M
1134	1150	ATGT	4	4D110M2D
1135	1151	consensus	12	110M
1136	1152	consensus	8	1M16D109M6D
1137	1153	TAC	28	110M
1138	1154	consensus	6	12D110M
1139	1155	consensus	14	110M
1140	1156	consensus	4	110M
1141	1157	G	8	110M
1142	1158	TC	5	110M
1143	1159	consensus	8	4D22M1D91M3D
1144	1160	consensus	13	110M
1145	1161	consensus	10	110M
1146	1162	T	11	112M
1147	1163	consensus	4	110M
1148	1164	consensus	11	110M1D
1149	1165	consensus	6	110M12D
1150	1166	GG	4	110M1D
1151	1167	consensus	5	110M
1152	1168	A	11	110M
1153	1169	consensus	4	110M
1154	1170	TT	8	38M2D72M
1155	1171	C	5	110M
1156	1172	consensus	19	110M
1157	1173	GT	24	110M
1158	1174	CT	5	110M
1159	1175	TCA	10	110M2D
1160	1176	consensus	18	110M
1161	1177	consensus	4	110M
1162	1178	CG	5	14M1D96M
1164	1180	AT	11	110M
1165	1181	consensus	7	1M3D97M1D12M9D
1166	1182	consensus	12	17D113M
1167	1183	consensus	19	110M
1168	1184	consensus	16	1M10D109M8D
1169	1185	consensus	11	110M
1170	1186	C	6	110M
1171	1187	CTCCA	7	110M
1172	1188	consensus	4	110M
1174	1190	consensus	18	110M
1175	1191	T	12	3D110M20D
1176	1192	consensus	11	110M
1177	1193	consensus	13	14D110M3D
1178	1194	consensus	15	8D110M11D
1179	1195	CT	11	110M
1180	1196	GT	13	110M
1181	1197	consensus	8	1M11D109M12D
1182	1198	A	5	110M
1183	1199	AAGGGG	12	110M
1184	1200	consensus	6	110M
1185	1201	consensus	6	110M
1186	1202	consensus	6	110M
1187	1203	AACG	15	110M
1188	1204	consensus	18	110M
1189	1205	consensus	6	110M
1190	1206	TTTC	7	110M
1191	1207	consensus	8	110M
1192	1208	T	15	110M
1193	1209	TAC	4	94M1D16M1D
1194	1210	AAAT	5	110M
1195	1211	consensus	18	13D110M8D
1196	1212	ACA	12	1M10D109M8D
1197	1213	G	10	5M1D105M
1198	1214	consensus	6	110M
1199	1215	consensus	4	11D110M7D
1200	1216	consensus	5	110M
1201	1217	consensus	12	110M
1202	1218	consensus	4	110M
1203	1219	GGGC	33	110M
1204	1220	consensus	5	110M
1205	1221	AC	10	110M
1207	1223	AGAG	9	110M
1208	1224	consensus	9	111M
1209	1225	consensus	7	110M
1210	1226	consensus	4	110M
1211	1227	consensus	5	1M10D109M3D
1212	1228	GCG	14	110M1D
1213	1229	C	8	110M
1213	1229	T	7	110M
1214	1230	consensus	7	110M
1215	1231	consensus	5	110M
1216	1232	T	12	110M
1217	1233	G	4	110M
1218	1234	C	4	110M
1219	1235	consensus	5	110M
1220	1236	consensus	6	110M
1221	1237	consensus	7	14D110M4D
1222	1238	consensus	8	110M
1223	1239	consensus	4	110M1D
1224	1240	consensus	8	1M9D109M11D
1225	1241	consensus	7	110M
1226	1242	consensus	12	110M
1227	1243	GGT	10	110M
1229	1245	consensus	17	110M
1230	1246	consensus	7	110M
1231	1247	consensus	8	110M
1232	1248	consensus	9	110M
1233	1249	consensus	5	110M
1234	1250	consensus	25	110M
1235	1251	GG	7	110M
1236	1252	consensus	7	110M
1237	1253	C	11	6D120M13D
1238	1254	T	6	18M1D92M2D
1239	1255	consensus	11	110M
1240	1256	AT	7	110M
1241	1257	consensus	5	110M
1242	1258	consensus	4	110M
1243	1259	CGGGC	13	110M
1244	1260	consensus	5	110M
1245	1261	consensus	9	110M
1246	1262	A	7	110M
20831	1263	consensus	66	110M1D
1248	1264	consensus	16	110M
1249	1265	A	15	110M
1250	1266	TC	11	110M
1251	1267	C	4	110M
1252	1268	consensus	7	7M6D103M8D
1253	1269	consensus	6	110M
1254	1270	GT	14	110M
1255	1271	consensus	4	110M
1256	1272	consensus	4	110M
1257	1273	consensus	9	110M
1258	1274	G	7	110M
1259	1275	consensus	6	110M
1260	1276	CA	7	1M12D111M12D
1261	1277	TT	14	1M21D109M3D
1262	1278	consensus	6	110M
1263	1279	consensus	9	110M
1264	1280	consensus	8	7D110M
1265	1281	consensus	11	110M
# sstacks completed on 2026-03-06 12:14:54
