# sstacks version 2.68; generated on 2026-03-06 12:15:03
44781	1	consensus	36	115M
2016	3	NAAAGGC	73	15D111M10D
2016	3	AAAAGGT	73	15D111M10D
62712	4	consensus	34	111M
2016	5	AAAAGGT	25	3D116M17D
874	7	consensus	17	2M9D120M20D
89	9	A	26	2M16D112M4D
749	10	AGC	9	6D111M18D
394	12	AG	12	27D111M1D2M
394	12	TG	12	1M27D112M1D
2299	13	AN	20	17D113M10D
469	16	consensus	26	1M13D118M12D
749	17	AGC	28	14D111M10D
31638	19	consensus	50	113M
44782	20	consensus	14	112M
7208	23	consensus	31	119M11D
46	24	ANNAT	24	2M7D119M4D
201	25	GCG	15	1M12D112M10D
21088	26	consensus	14	1M7D110M3D
28947	27	A	8	79M1D32M
15842	28	consensus	43	112M
77140	29	consensus	13	114M
326	32	consensus	16	1M8D123M11D
17	33	AC	22	10D122M10D
28503	34	consensus	30	112M
39	35	GC	28	1M21D113M1D
23536	36	consensus	6	8D110M4D
44783	37	consensus	15	110M
44784	38	consensus	11	1M1D109M
44785	39	consensus	12	110M
949	40	consensus	19	13D110M10D
44786	41	consensus	21	110M
417	42	CACGTGT	9	110M
44787	43	consensus	6	110M
44788	44	consensus	10	110M
44789	45	consensus	8	110M
44790	46	G	12	110M9D
44791	47	consensus	8	110M
44792	48	consensus	8	110M
44793	49	consensus	11	110M
1722	50	TC	6	30M5D80M
44794	51	consensus	10	110M
1510	52	consensus	12	12D110M14D
8211	53	TG	56	106M2D4M
5894	54	GG	4	110M1D
15821	55	consensus	4	1M9D109M
44795	56	consensus	7	110M
15479	57	TTG	9	3D110M2D
40739	58	consensus	28	11D110M
1427	59	CG	28	110M
3116	60	CGA	13	110M
24666	61	GCG	68	110M
44796	62	T	13	110M
5533	63	TAA	27	110M
44797	64	AT	10	110M
4496	65	AATA	5	110M1D
26374	66	TC	13	110M
44798	67	consensus	8	110M
44799	68	consensus	27	110M
44800	69	consensus	16	110M
37705	70	consensus	4	1M4D109M
44801	71	consensus	4	110M
44802	72	A	10	110M
44803	73	consensus	10	110M
44804	74	consensus	13	110M
33257	75	CGCGGCT	4	110M
184	76	C	13	110M7D
44805	77	consensus	5	110M
9640	78	consensus	11	3D110M9D
44806	79	consensus	5	110M
4550	80	CCCCCTTGNNGANGGG	5	107M7D2M1D1M
44807	81	consensus	4	110M
44808	82	consensus	12	110M
1687	83	AG	7	110M
44809	84	GTG	8	110M
3461	85	consensus	22	2D110M21D
44810	86	consensus	5	110M
44811	87	consensus	12	110M
44812	88	consensus	13	110M
3550	89	A	21	110M1D
44813	90	consensus	8	110M
44814	91	consensus	9	110M
4418	92	GGG	5	110M
28475	93	A	5	12D110M
20298	94	G	9	110M7D
44815	95	consensus	19	110M
44816	96	A	26	110M
44816	96	C	16	110M
44817	97	consensus	9	110M
749	98	AGC	11	12D110M13D
686	99	CT	10	1M7D118M10D
44818	100	consensus	13	110M
8482	101	T	18	110M
44819	102	consensus	9	110M
44820	103	consensus	4	110M
44821	104	consensus	14	110M
37949	105	consensus	25	1M8D109M
44822	106	consensus	13	110M9D
44823	107	consensus	14	110M
44824	108	consensus	4	110M
44825	109	consensus	8	110M
44826	110	consensus	6	110M
44827	111	consensus	8	110M
44828	112	consensus	10	110M
794	113	T	25	110M2D
44829	115	consensus	22	110M
5127	116	A	14	110M
44830	117	consensus	10	110M
44831	118	consensus	6	110M
44832	119	G	6	110M8D
3409	120	TAC	5	110M
23581	121	consensus	4	110M
44833	122	consensus	17	110M
44834	123	AAG	6	110M
44835	125	consensus	4	110M
4364	126	T	5	110M2D
11415	127	T	9	1M15D109M
941	128	A	13	110M
44836	129	consensus	15	110M
792	130	AA	8	110M
718	131	consensus	14	110M1D
2923	132	GCT	7	110M
44837	133	consensus	14	110M
44838	134	C	10	110M
44839	135	consensus	12	110M
44840	136	consensus	8	110M
44841	137	consensus	22	110M
44842	138	consensus	4	110M
44843	139	consensus	10	110M
44844	140	consensus	8	110M
44845	141	consensus	28	110M
14132	142	consensus	10	3D83M5D27M
44846	143	consensus	24	110M
3205	144	T	10	110M
44847	145	consensus	10	110M
1115	146	GC	5	110M
44848	147	consensus	12	110M
44849	148	consensus	6	110M
17305	149	consensus	5	14D109M1D1M
44850	150	GCGGGG	33	110M
44851	151	consensus	6	110M
690	152	CCCAATCTG	17	110M1D
44852	153	consensus	6	110M
27107	155	consensus	23	14D110M
27074	156	consensus	59	110M
44853	157	consensus	7	110M
44854	158	consensus	9	110M
3753	159	consensus	13	110M
44855	160	consensus	12	110M
44856	161	consensus	15	110M
37901	162	consensus	18	2D24M2D86M
44857	163	consensus	9	110M
4535	164	ACGGTTA	7	110M
3633	165	AG	32	110M
44858	166	consensus	8	110M
29389	167	A	5	110M
44859	168	consensus	18	110M
44860	169	consensus	7	110M
44861	170	consensus	12	110M
2109	171	consensus	27	10D110M
8082	172	GC	35	110M1D
31661	173	consensus	22	2M13D108M
44862	174	CTTCGA	6	6M1D104M
69181	175	consensus	7	110M
44863	176	consensus	7	110M
44864	177	consensus	12	110M
44865	178	consensus	23	110M
44866	179	consensus	6	110M
9217	180	consensus	18	110M
14463	181	consensus	4	110M
3012	182	C	9	110M
6483	183	consensus	4	110M
44867	184	consensus	14	110M
44868	185	consensus	7	110M
8056	186	G	6	110M
44869	187	consensus	15	110M
44870	188	consensus	5	110M
29133	189	G	12	9D110M11D
9645	190	consensus	16	17D110M
44871	191	consensus	7	110M
44872	192	consensus	9	110M
44873	193	consensus	6	1M1D109M12D
44874	194	A	5	110M
44874	194	G	6	110M
883	195	consensus	8	110M
3495	196	AAT	12	110M
44875	197	consensus	7	110M
44876	198	consensus	10	110M
7769	199	C	8	9D110M17D
44877	200	consensus	4	110M
4815	201	consensus	28	110M
72862	202	TCTCGC	28	110M
44878	203	consensus	45	110M
44879	204	consensus	19	110M
44880	205	consensus	4	110M
44360	206	GGC	4	110M
44881	207	consensus	7	110M
44882	208	consensus	9	110M
44459	209	TGACCTT	25	110M
3547	210	C	5	110M
44883	211	consensus	30	110M
44884	212	consensus	15	110M
44885	213	consensus	7	110M
10666	214	A	8	110M
1281	215	consensus	9	3D110M4D
44886	216	consensus	14	110M
44887	217	consensus	17	110M
17529	218	consensus	23	110M10D
1670	219	consensus	6	110M
44888	220	consensus	22	110M
43364	221	GGACCAGCT	10	110M
36498	222	consensus	31	11D109M2D1M
44889	223	consensus	11	110M
17264	225	consensus	26	1M14D109M5D
44890	226	consensus	10	110M
44891	227	consensus	20	110M
30119	228	consensus	11	110M4D
44892	229	consensus	12	111M
44893	230	consensus	11	110M
44894	231	consensus	13	110M
44895	232	consensus	13	110M
44896	233	consensus	7	110M
44897	234	consensus	4	110M
44898	235	consensus	8	110M
44899	236	consensus	5	110M
44900	237	TAA	15	110M
44901	238	consensus	10	110M
44902	239	consensus	6	110M4D
37678	240	consensus	17	110M16D
3562	241	consensus	19	110M
44904	243	consensus	30	110M5D
44905	244	consensus	5	110M
3797	245	GG	8	110M
44906	246	consensus	12	110M
44907	247	consensus	5	110M
44908	248	CAT	9	110M1D
44909	250	A	11	110M
44910	251	consensus	10	110M
44911	252	consensus	24	110M
44912	253	consensus	5	110M
44913	254	consensus	18	110M
44914	255	consensus	12	110M
10610	256	consensus	9	17D110M2D
44915	257	consensus	31	110M
44916	258	consensus	9	110M
44917	259	consensus	11	110M
37728	260	consensus	14	110M10D
590	261	GT	11	20D120M5D
43330	262	consensus	10	3D110M
44918	263	consensus	4	1M17D109M
44919	264	consensus	9	110M
44920	265	consensus	20	110M
44921	266	consensus	9	110M
44922	267	consensus	11	110M
44923	268	consensus	8	110M
44924	269	consensus	10	110M
5205	270	A	9	110M
3593	271	consensus	36	110M
44925	272	consensus	7	110M
2224	273	C	9	110M
44926	274	consensus	6	110M
1127	275	ACAC	12	110M
35408	276	consensus	12	3M5D118M5D
2620	277	A	9	22D110M
44927	278	consensus	4	110M10D
1491	279	CT	9	110M
44928	280	consensus	19	110M
44929	281	consensus	20	110M
44930	282	consensus	5	110M
44931	283	consensus	16	110M
44932	284	consensus	28	110M
29260	285	A	7	110M18D
22874	286	consensus	9	110M1D
38917	287	C	3	110M8D
38917	287	T	7	110M8D
44933	288	consensus	4	110M
44934	289	consensus	5	110M
44935	290	consensus	9	110M
44936	292	consensus	6	110M
44937	293	consensus	7	110M
44938	294	consensus	7	110M
44939	295	consensus	8	110M
44940	297	consensus	5	110M
5012	298	consensus	7	5D110M11D
42078	299	CC	7	1M9D109M7D
44941	300	consensus	19	110M
44942	301	GTAC	9	110M
657	302	CTGCAGGGCT	16	110M4D
29269	303	C	13	110M13D
39	304	GC	17	14D110M12D
44943	305	consensus	12	110M
7325	306	consensus	6	20D110M
44944	307	consensus	34	110M
14411	308	TAA	4	97M1D13M
44945	309	consensus	4	110M2D
44946	310	consensus	4	110M
44947	311	consensus	4	110M
37864	312	consensus	9	110M
44948	313	consensus	5	110M
44949	314	consensus	6	110M
44950	315	consensus	8	110M
44951	316	consensus	6	110M
22	317	TT	11	66M2D44M1D
44952	318	consensus	4	110M
44953	319	consensus	12	110M
828	320	consensus	8	110M
44954	321	consensus	11	110M
1724	322	consensus	9	110M
2799	323	GCCG	9	100M1D10M2D
437	324	consensus	14	110M
3518	325	consensus	6	110M
44955	326	consensus	4	110M
1285	327	consensus	4	110M1D
44956	328	consensus	19	1D110M
679	329	TCGTGGAGT	14	110M1D
3426	330	consensus	8	17D110M10D
44957	331	consensus	5	110M
44958	332	consensus	11	110M
1964	333	CTTAA	5	110M
5589	334	GCGTTT	14	110M1D
44959	335	consensus	11	110M
26706	336	consensus	9	110M
44960	337	consensus	17	110M
887	338	consensus	19	51M1D59M
44961	340	consensus	4	110M
2356	341	consensus	13	110M
44962	342	CCA	10	110M
18496	343	G	20	110M
6841	344	CGCT	10	110M
44963	345	consensus	11	110M
2288	346	GA	19	18M1D92M1D
27509	347	consensus	7	12D110M
5461	357	C	32	110M
749	358	AAC	23	10D110M15D
749	358	AGC	23	10D110M15D
44964	359	consensus	4	1M10D109M
6303	360	consensus	36	10D110M
44965	361	consensus	11	110M
44966	362	CG	4	110M
44966	362	TA	9	110M
8188	363	GCTCCGAAAACCACATCTCACTCTCGNNA	4	25M1D84M10D1M
44967	364	consensus	4	3D110M
44968	365	consensus	6	110M
2307	366	consensus	13	110M
44969	367	TT	4	110M
44970	368	consensus	5	110M
4108	369	TGT	5	110M
7365	370	CAGAT	4	110M
44971	371	TA	8	110M
44972	372	consensus	5	110M
9564	373	TCT	6	110M
39808	374	consensus	13	110M10D
44973	375	consensus	6	110M
44974	376	consensus	4	110M
6937	377	A	11	110M
15563	378	consensus	11	110M7D
44975	379	consensus	11	110M
44976	380	consensus	7	110M
44977	381	consensus	17	110M
44978	382	consensus	4	110M
20605	383	CT	4	110M
44979	384	consensus	9	110M
44980	385	consensus	13	110M
2381	386	AAACA	4	110M
44981	387	consensus	9	110M
8728	388	GGCC	13	110M
5794	389	consensus	10	110M
44982	390	consensus	4	110M
2305	391	ATG	7	110M
44983	392	consensus	18	110M
2609	393	consensus	4	110M3D
44984	394	consensus	5	110M
44985	395	consensus	10	110M
44986	396	consensus	5	110M
2555	397	consensus	8	1M2D109M12D
4069	398	C	7	110M
1984	399	GG	7	110M
44987	400	consensus	4	110M
44988	401	T	5	110M
44989	402	consensus	6	110M
44990	403	consensus	9	110M
44991	404	consensus	5	110M
210	405	consensus	9	110M
44992	406	GGT	11	110M
44993	407	consensus	5	110M
44994	408	consensus	6	110M
44995	409	consensus	18	110M
44996	410	consensus	8	110M
20666	411	CT	6	59M1D51M1D
6597	412	C	6	110M
2078	413	consensus	9	110M
44997	414	consensus	4	110M
44998	415	consensus	7	110M
29006	416	consensus	6	1M1D109M2D
7909	417	GC	8	110M1D
44999	418	consensus	6	110M
45000	419	consensus	10	110M
2223	420	GTTG	8	110M1D
7682	421	consensus	7	110M
470	422	AA	9	4M1D106M21D
1391	423	CT	10	110M
30165	424	consensus	8	110M13D
5066	425	A	7	5D110M13D
45001	426	consensus	5	110M
45002	427	consensus	15	110M
7923	428	T	11	1M7D109M6D
45003	429	consensus	19	110M
45004	430	consensus	5	110M
45005	431	consensus	26	110M
45006	432	consensus	26	111M
45007	433	consensus	18	110M
45008	434	consensus	9	110M
45009	435	consensus	25	110M
3782	436	ATC	11	110M
45010	437	consensus	7	110M
45011	438	consensus	4	110M
45012	439	consensus	7	110M
8501	440	consensus	5	4D110M12D
20720	441	consensus	5	16D110M2D
45013	442	consensus	8	110M
6493	443	consensus	7	110M
36826	444	consensus	17	110M
819	445	CGT	11	23D108M1D2M
45014	446	consensus	18	110M
35562	447	consensus	6	1M1D109M11D
45015	448	consensus	4	110M
23589	449	consensus	17	110M6D
10719	450	TGAC	7	110M
45016	451	consensus	24	110M
2016	452	AAAAGGT	34	13D110M13D
45017	453	consensus	4	110M
45018	454	consensus	6	110M
45019	455	GATTA	7	110M4D
45020	456	consensus	7	110M
10535	457	CTCNAA	7	5D110M17D
1299	458	consensus	16	110M2D
2537	459	GA	10	110M
45021	460	consensus	16	110M
45022	461	consensus	22	110M
1362	462	consensus	8	1D110M25D
11507	463	consensus	10	111M3D
45023	464	consensus	8	110M
45024	465	consensus	16	110M
3884	466	T	14	110M12D
4023	467	GCTC	26	110M
22986	468	consensus	12	4M2D106M9D
1501	469	T	22	110M1D
3284	470	G	7	110M
45025	471	consensus	11	110M
1254	472	GT	8	110M
45026	473	consensus	15	110M
45027	474	consensus	6	110M
45028	475	TCTC	15	110M
45029	476	consensus	10	110M
45030	477	AGGT	46	110M
30267	478	consensus	15	1D110M10D
45031	479	consensus	8	110M
4479	480	CGTGA	6	110M
45032	481	TT	19	110M
7108	482	CACA	7	110M
6742	483	CCC	13	110M
45033	484	consensus	11	110M
9522	485	consensus	8	110M
45034	486	consensus	5	110M
45035	487	consensus	16	110M
3156	488	AA	16	110M
45036	489	consensus	6	110M
5223	490	GT	18	110M
45037	491	consensus	8	110M
45038	492	consensus	14	110M
45039	493	consensus	9	110M
45040	494	consensus	18	110M
21226	495	consensus	4	1M6D109M9D
3388	496	CCCAAAATA	8	110M
4258	497	TG	14	110M
27454	498	T	8	110M
45041	499	consensus	24	110M
45042	500	consensus	16	110M
45043	501	consensus	9	110M
1435	502	consensus	11	10D110M7D
45044	503	consensus	10	110M
45045	504	consensus	8	110M
4484	505	C	13	34M1D76M2D
34558	506	consensus	5	110M5D
45046	507	consensus	6	110M
2440	508	T	6	110M
45047	509	consensus	32	110M
1070	511	consensus	16	8D110M11D
45048	512	consensus	12	110M
45049	513	consensus	25	110M
45050	514	consensus	17	110M
26222	515	consensus	12	10D110M3D
1952	516	CCC	21	110M
11908	517	GTT	12	1M4D109M8D
13882	518	TCAG	14	110M
4858	519	TAC	5	1M1D109M
45051	520	consensus	5	110M
2144	521	consensus	17	110M
45052	522	consensus	15	110M
45053	523	consensus	4	110M
45054	524	consensus	12	110M
45055	525	C	19	110M
43414	526	consensus	27	110M
35591	527	consensus	4	110M1D
20269	528	C	4	110M4D
45056	529	consensus	18	110M
45057	530	consensus	9	110M
3754	531	T	17	110M
45058	532	consensus	12	110M
45059	533	consensus	6	110M
45060	534	consensus	10	110M
45061	535	consensus	10	110M
30801	536	consensus	7	110M4D
3222	537	GAC	15	110M1D
10685	538	consensus	10	4D110M10D
4437	539	TGAA	4	88M1D22M
45062	540	consensus	19	110M
45063	541	consensus	6	110M
292	542	A	15	110M
45064	543	CC	46	111M
45065	544	consensus	16	110M
420	545	T	23	110M
45066	546	consensus	27	110M
3677	547	TCA	24	110M1D
4141	548	consensus	18	21D110M
45067	549	T	10	109M8D1M
9141	550	GTGG	88	110M
45068	551	consensus	5	110M
412	552	T	4	110M
45069	553	CG	16	110M
45069	553	TA	10	110M
847	554	CCTACGA	17	110M
5044	555	consensus	33	110M
45070	556	consensus	5	110M
45071	557	consensus	4	110M
21006	558	CA	6	2D110M
26226	559	A	17	110M14D
45072	561	consensus	8	110M
620	563	TCGGC	26	110M1D
6843	564	AGC	8	110M
45073	565	consensus	5	110M
45074	566	consensus	17	110M
45075	567	consensus	12	110M
45076	568	consensus	22	110M
17739	569	consensus	7	4D110M
45077	570	consensus	12	110M
173	571	TA	30	100M1D10M2D
6172	572	consensus	7	110M
45078	573	consensus	15	110M
45079	574	consensus	9	110M
45080	575	consensus	5	110M
45081	576	consensus	4	110M9D
7419	577	consensus	19	110M1D
45082	578	consensus	10	110M
20050	579	C	21	110M
39461	580	AG	12	8M1D102M
1370	581	CAGATT	32	78M7D32M
45083	582	T	10	110M
45084	583	consensus	17	110M
7649	584	GG	11	3M5D111M18D
45085	585	consensus	11	3D110M
8132	586	CT	7	110M
45086	587	consensus	8	110M
6931	588	GGT	27	110M
45087	589	consensus	40	110M
2037	590	consensus	15	110M
45088	591	consensus	13	110M
45089	592	consensus	15	110M
20785	593	G	5	110M
2048	594	CG	42	18D110M
7654	595	A	5	110M
45090	596	consensus	33	110M
39258	597	consensus	11	2M9D109M
45091	598	consensus	6	110M
45092	599	consensus	15	110M
45093	600	consensus	10	110M
45094	601	consensus	14	110M
1993	602	A	4	110M
45095	603	consensus	20	110M
45096	604	consensus	24	110M
45097	605	consensus	6	110M5D
45098	606	consensus	15	110M
12841	607	CGG	7	12D110M9D
45099	608	consensus	17	110M
45100	609	consensus	7	110M
45101	610	consensus	8	110M
45102	611	consensus	37	110M
45103	612	consensus	23	110M
836	613	TT	21	56M1D54M
2913	614	AG	8	110M
43553	615	consensus	9	110M
45104	616	consensus	33	110M
45105	617	consensus	15	110M
45106	618	consensus	4	110M
2290	619	consensus	12	100M1D3M2D7M
878	620	GTTTT	11	110M
45107	621	consensus	8	110M
45108	622	consensus	17	111M
45109	623	consensus	9	110M
45110	624	consensus	14	110M
45111	625	consensus	8	110M
16137	626	consensus	9	110M
45112	627	consensus	14	110M
14291	628	AT	12	110M
5052	629	consensus	11	110M
7685	630	consensus	13	110M
45113	631	consensus	14	110M
45114	632	consensus	15	110M
45115	633	consensus	10	110M
45116	634	consensus	22	110M
40740	635	T	17	2D111M16D
45117	636	consensus	14	110M
45118	637	consensus	10	110M
14473	638	consensus	14	10D110M
7405	639	CCG	8	47M4D65M
2099	640	C	20	110M
1603	641	CC	20	39M7D71M
5210	642	consensus	11	110M
37886	643	consensus	4	110M
28252	644	GT	10	1M12D109M
45119	645	consensus	16	110M
1467	646	consensus	11	110M1D
2706	647	consensus	10	110M
3744	648	C	18	110M
45120	649	consensus	9	110M
45121	650	consensus	7	110M
45122	651	TA	14	110M1D
7037	652	consensus	8	110M
30599	653	consensus	4	4M5D106M4D
45123	654	consensus	32	110M
45124	655	C	11	110M
3529	656	consensus	4	110M1D
44459	657	AGTAGCT	9	110M
45125	658	consensus	31	110M
45126	659	consensus	9	110M
5673	660	consensus	9	110M
45127	661	consensus	53	110M
45128	662	consensus	19	110M
45129	663	consensus	11	110M
45130	664	C	21	110M
45131	665	consensus	7	110M
296	666	C	17	110M
45132	667	consensus	15	110M
45133	668	consensus	24	110M
45134	669	consensus	7	110M
45135	670	consensus	5	110M
848	671	GGT	8	110M
45136	672	consensus	12	110M
45137	673	consensus	13	112M
45138	674	consensus	17	110M
45139	675	consensus	11	110M
45140	676	consensus	13	110M
45141	677	consensus	10	110M
3298	678	ACTC	11	110M
45142	679	consensus	18	110M
4240	680	AGTCAAGC	4	110M
45143	681	consensus	5	110M
45144	682	C	6	110M
45145	683	consensus	15	110M
45146	684	consensus	9	110M
45147	685	consensus	15	110M
45148	686	consensus	13	110M
5763	687	TCG	12	110M
45149	688	consensus	20	110M
7460	689	GTTA	8	110M1D
3679	690	consensus	5	110M
45150	691	CGCCG	6	110M
45151	692	consensus	5	110M
31	693	TGTAAAA	11	110M8D
5042	694	T	12	110M
45152	695	A	4	110M6D
1369	696	consensus	8	110M
45153	697	consensus	5	110M
45154	698	consensus	4	110M
7423	700	consensus	4	2M1D108M
3319	701	C	17	110M
2812	702	consensus	17	110M
45155	703	consensus	10	110M
45156	704	consensus	13	110M
5485	705	CT	18	110M
45157	706	ACAG	13	110M
39328	707	A	10	110M2D
45158	708	consensus	17	110M1D
3832	709	G	7	110M1D
28529	710	C	13	3D110M10D
45159	711	consensus	10	110M
45160	712	consensus	14	110M
45161	713	consensus	11	110M
4834	714	consensus	32	110M2D
45162	715	consensus	9	110M
45163	716	consensus	7	110M
45164	717	consensus	15	110M
45165	718	consensus	6	110M
10631	719	consensus	9	2D110M11D
45166	720	consensus	7	110M
4444	721	consensus	8	7D118M13D
45167	722	AG	9	110M
43739	723	consensus	8	1M10D109M
32405	724	consensus	7	110M8D
2330	725	consensus	17	2D110M6D
45168	726	consensus	19	111M
7061	727	G	18	1M13D109M7D
5426	728	T	6	110M
45169	729	consensus	18	110M
45170	730	consensus	6	110M
45171	731	consensus	4	110M
45172	732	consensus	18	110M
45173	733	consensus	9	112M
7084	734	consensus	8	110M
45174	735	consensus	11	110M
45175	736	consensus	6	110M
333	737	C	12	110M
45176	738	ACAA	30	110M9D
45177	739	consensus	16	110M
45178	740	consensus	5	110M
639	741	T	18	110M
2230	742	A	24	110M
45179	743	consensus	7	110M
45180	744	consensus	11	110M
36503	745	consensus	5	1D110M1D
819	746	CGT	7	17D110M7D
4962	747	CGG	12	110M
45181	749	consensus	15	110M
45182	750	consensus	6	110M
45183	751	consensus	14	110M
45184	752	consensus	30	110M
35569	753	G	6	110M16D
15543	754	consensus	4	12D110M4D
45185	755	consensus	9	110M
45186	756	consensus	30	110M
6881	757	consensus	13	110M
45187	758	consensus	13	110M
45188	759	consensus	9	110M
45189	760	consensus	13	110M
45190	761	consensus	21	110M
45191	762	consensus	10	110M
1508	763	consensus	4	87M1D23M
3375	764	T	10	110M
45192	765	consensus	4	110M
45193	766	consensus	13	110M
45194	767	consensus	10	110M
38059	768	consensus	7	110M
4610	769	T	7	110M
45195	770	consensus	7	110M
8419	771	consensus	37	110M18D
45196	772	consensus	18	110M
34788	773	consensus	8	110M16D
45197	774	consensus	14	110M
45198	775	consensus	14	110M
1608	776	consensus	6	110M
45199	777	consensus	16	110M
45200	778	consensus	12	110M
5761	779	consensus	16	110M
45201	780	consensus	22	110M
3721	781	C	11	111M1D
45202	782	consensus	10	110M
4454	783	TAT	22	42M1D68M
45203	784	consensus	8	110M
45204	785	AG	10	4D110M
6458	786	G	12	110M
45205	787	consensus	14	110M
1035	789	CCGC	7	110M
11367	790	AA	8	12D110M2D
28880	791	CAGC	8	7M5D103M
45206	792	consensus	14	110M
5572	793	consensus	5	110M2D
45207	794	consensus	10	110M
9692	795	GG	15	5D110M16D
478	796	G	4	110M
45208	797	consensus	12	110M
45209	798	consensus	8	110M
45210	799	consensus	10	110M
509	800	TCTGAT	10	110M
45211	801	consensus	4	110M
45212	802	consensus	12	110M
45213	803	CC	8	58M12D54M
45214	804	consensus	6	110M
2757	805	T	8	110M
45215	806	consensus	28	110M
298	807	CAA	7	17M1D93M
4185	808	C	17	39M3D71M
1132	809	GGC	12	110M24D
28718	810	consensus	18	110M
45216	811	consensus	4	110M
72891	812	consensus	7	110M
45217	813	C	3	110M
45217	813	T	8	110M
45218	814	consensus	20	110M
45219	815	consensus	20	110M
8263	816	A	7	110M
8263	816	C	3	110M
45220	817	consensus	7	110M
31276	818	consensus	14	110M4D
2564	819	GG	30	110M
45221	820	consensus	6	110M
1066	821	ATCT	13	110M1D
7576	822	consensus	7	110M
45222	823	G	8	110M
45222	823	T	5	110M
4300	824	consensus	6	110M
38921	825	consensus	5	11D110M
20073	826	consensus	8	9D29M1D81M6D
45223	827	TGATT	7	110M
7176	828	consensus	14	110M
45224	829	consensus	13	110M
7334	830	GTCGC	36	110M
45225	831	C	13	110M
8478	832	consensus	5	110M
45226	833	consensus	8	110M
3613	834	consensus	24	110M
1094	835	consensus	4	110M
45227	836	consensus	5	110M
45228	837	consensus	22	110M
4291	838	GGC	5	110M
1511	840	G	7	110M
45229	841	CC	4	110M
45229	841	CT	4	110M
45230	842	consensus	8	110M
45231	843	TC	19	110M
5468	844	consensus	6	110M
45232	845	consensus	9	110M
45233	846	consensus	8	110M
45234	847	consensus	12	110M
45235	848	consensus	9	110M
45236	849	consensus	7	110M
2940	850	consensus	8	3D110M18D
45237	851	consensus	11	110M
40241	852	AA	4	110M1D
25569	853	consensus	14	110M4D
45239	855	consensus	8	110M
45240	856	consensus	9	110M
45241	857	consensus	19	110M
45242	858	consensus	6	110M
45243	859	consensus	9	110M
250	860	consensus	22	110M
57387	861	CA	11	110M
1154	862	TT	8	38M2D72M
45244	863	consensus	12	110M
45245	864	consensus	7	110M
45246	865	consensus	5	110M
45247	866	A	8	110M
6382	867	A	4	110M
45248	868	consensus	15	110M
7046	869	T	15	110M
3611	871	consensus	7	8D110M4D
2892	872	consensus	8	12D110M
45249	873	consensus	4	110M
45250	874	consensus	19	110M
24655	875	consensus	5	110M
45251	876	consensus	19	110M
45252	877	consensus	15	110M
45253	878	consensus	7	110M
1180	879	GT	8	110M
45254	880	consensus	7	110M4D
45255	881	consensus	8	110M
45256	882	consensus	16	110M
45257	883	consensus	18	110M
45258	884	consensus	6	110M
45259	885	consensus	16	110M
6127	886	GGT	5	110M
45260	887	consensus	9	110M
463	888	A	12	111M
45261	889	consensus	13	110M
45262	890	consensus	6	110M
45263	891	consensus	5	110M
45264	892	consensus	6	110M
45265	893	consensus	13	110M
45266	894	T	19	110M3D
45267	895	consensus	13	110M
19707	896	consensus	12	110M1D
1020	897	ANNCATTGGNTNNNNNNNNGNCNNNC	6	1M21D109M
17599	898	consensus	5	110M
45268	899	consensus	21	110M
45269	900	consensus	19	110M
45270	901	consensus	8	110M
21147	902	consensus	7	1D110M5D
45271	903	consensus	7	110M
7248	904	CGAA	27	110M1D
45272	905	consensus	14	110M
45273	906	consensus	5	110M
45274	907	consensus	14	110M
1636	908	TCCTGTGGG	6	110M
45275	909	consensus	6	110M
45276	910	consensus	4	110M
2135	911	consensus	9	1M20D109M4D
45277	912	AAT	15	110M1D
45278	913	AC	4	110M
45279	914	consensus	7	110M
45280	915	consensus	9	110M
3892	916	TCC	4	110M
45281	917	consensus	20	110M
10564	918	A	7	20D110M
1476	919	GATA	11	110M
45282	920	consensus	4	110M
361	921	CTC	59	110M2D
45283	922	consensus	6	110M
8629	923	TTTAAN	16	80M1D30M3D
7559	924	consensus	4	10D110M
4789	925	ACT	19	110M1D
45284	926	consensus	8	110M
45285	927	consensus	5	110M
4170	928	GC	4	110M2D
45286	929	consensus	5	110M
45287	930	consensus	5	110M
45288	931	consensus	9	110M
45289	932	consensus	11	110M
9214	933	A	9	30M1D80M
45290	934	consensus	5	110M
20937	935	A	14	1M6D109M9D
5028	936	consensus	25	110M
32940	937	consensus	6	8D110M1D
45291	938	consensus	13	110M
45292	939	consensus	14	119M
45293	940	consensus	18	110M
45294	941	consensus	6	110M
994	942	consensus	5	2D110M14D
7505	943	G	14	9D110M8D
45295	944	consensus	13	110M
45296	945	consensus	5	110M
1909	946	CCG	6	2M9D108M13D
8799	947	A	6	110M
2535	948	consensus	6	2M15D108M
45297	949	consensus	10	110M
8965	950	GACA	14	110M
45298	951	consensus	5	110M
45299	952	consensus	7	110M
45300	953	consensus	5	110M
423	954	GGGTC	5	74M2D36M1D
45301	955	consensus	9	110M
45302	956	consensus	9	110M
730	957	TTATG	6	100M4D10M
45303	958	consensus	6	110M
3005	959	GAGT	22	47M1D63M
45304	960	consensus	15	110M
45305	961	consensus	4	110M
45306	962	CGC	12	110M
5940	964	GA	9	110M
45307	965	consensus	7	110M
270	966	CAA	8	110M
45308	967	consensus	26	110M
3339	968	consensus	9	110M1D
45309	969	consensus	28	110M
45310	970	consensus	12	110M
3875	971	consensus	39	110M1D
45311	972	consensus	5	110M
36359	973	consensus	15	4D110M
45312	974	consensus	27	110M
45313	975	consensus	4	110M
679	976	TAGTGGGAT	5	110M1D
45314	977	consensus	15	110M
43124	978	consensus	7	110M10D
6517	979	consensus	8	110M
18149	980	consensus	5	110M11D
45315	981	consensus	11	110M
45316	982	consensus	17	110M
45317	983	C	27	110M
45318	984	consensus	5	110M7D
45319	985	consensus	23	110M
39343	986	consensus	10	4D110M
45320	987	consensus	15	110M
45321	988	consensus	28	110M
45322	989	consensus	13	110M
45323	990	TGTTC	28	110M
45324	991	A	8	110M
45324	991	C	13	110M
45325	992	consensus	8	110M
5173	993	GT	21	54M2D58M
45326	994	consensus	8	110M
45327	995	consensus	7	110M
322	996	ATG	4	2D110M17D
9729	997	TGGCTA	32	110M
45328	998	consensus	7	110M
45329	999	consensus	20	110M
45330	1000	consensus	10	110M
130	1001	consensus	26	110M
45331	1002	consensus	9	110M
45332	1003	consensus	12	110M
45333	1004	consensus	5	110M
7527	1005	consensus	9	16D110M1D
45334	1006	consensus	13	110M
45335	1007	consensus	15	110M
39731	1009	consensus	6	110M11D
45336	1010	A	5	32M7D18M1D60M
7582	1011	consensus	7	10D110M3D
45337	1012	AA	12	110M
45337	1012	TG	4	110M
2753	1013	consensus	10	110M
45338	1014	consensus	23	110M
5434	1015	CGT	12	110M5D
77106	1016	consensus	7	73M1D37M
45339	1017	consensus	14	110M
45340	1018	consensus	11	1M8D109M
45341	1019	consensus	7	110M
372	1020	G	27	110M
9167	1021	consensus	31	10D110M
45342	1022	consensus	27	110M
45343	1023	consensus	10	2D110M
45344	1024	consensus	17	110M
45345	1025	consensus	12	110M
45346	1026	consensus	13	110M
45347	1027	consensus	14	110M
45348	1028	consensus	14	110M
45349	1029	consensus	12	110M
71	1030	C	4	110M
45350	1031	consensus	14	120M
8399	1032	consensus	4	1D110M4D
45351	1033	consensus	12	110M
45352	1034	consensus	10	110M
18220	1035	CAAGC	16	6M3D104M
45353	1036	AG	8	110M
33916	1037	consensus	24	1M2D109M1D
45354	1038	consensus	6	110M
1513	1039	CAA	16	110M
8237	1040	GCGTT	35	17D102M1D2M1D6M
45355	1041	A	16	110M
3089	1042	A	4	110M
45356	1043	consensus	15	110M
4481	1044	TT	12	110M
2321	1045	T	19	110M
45357	1046	consensus	4	110M
45358	1047	consensus	13	110M
45359	1048	consensus	10	110M
45360	1049	consensus	12	110M12D
45361	1050	consensus	6	110M
45362	1051	consensus	5	110M
45363	1052	consensus	9	111M2D
3185	1053	consensus	6	110M
6781	1054	AA	6	42M3D68M3D
45364	1055	consensus	6	110M
45365	1056	consensus	12	110M
4644	1057	G	19	110M
1731	1058	consensus	17	110M
3783	1059	AC	24	110M
942	1060	GATAC	5	110M
1364	1061	consensus	14	110M
45366	1062	consensus	21	110M
45367	1063	consensus	10	110M
45368	1064	consensus	5	1D110M
2026	1065	consensus	22	110M
45369	1066	CTGTAA	5	110M
2532	1067	CG	16	110M
4121	1068	TA	9	110M
29581	1069	consensus	4	12D110M
1210	1070	consensus	7	110M
3750	1071	consensus	14	60M1D51M
6826	1072	T	37	111M
8867	1073	G	11	1M10D109M3D
45370	1074	consensus	7	110M
566	1075	AAG	4	110M
45371	1076	G	12	111M
45372	1077	consensus	10	110M
45373	1078	consensus	9	110M
2986	1079	consensus	9	110M
45374	1080	consensus	6	110M
45375	1081	consensus	13	110M
25800	1082	consensus	6	1M9D109M
4690	1083	T	20	110M
45376	1084	TTGA	10	53M1D57M
45377	1085	consensus	16	110M
45378	1086	consensus	11	110M
1382	1087	consensus	54	110M
45379	1088	consensus	23	110M
45380	1089	consensus	8	110M
1879	1090	CT	16	110M
6777	1091	A	7	110M
4682	1092	A	9	110M1D
45381	1093	consensus	9	110M
45382	1094	CA	5	110M
4440	1095	A	29	110M1D
5072	1096	C	13	110M2D
45383	1097	GCCG	11	110M
45384	1098	consensus	14	110M
45385	1099	consensus	8	110M
7540	1100	AC	22	110M
45386	1101	consensus	4	110M
45387	1102	consensus	9	110M
8496	1103	consensus	11	110M19D
2030	1104	GGCT	31	110M
13179	1105	consensus	8	110M3D
45388	1106	consensus	10	110M
8192	1107	T	24	48M3D62M
605	1108	consensus	6	110M
45389	1109	consensus	16	110M
5020	1110	consensus	9	110M13D
45390	1111	consensus	12	110M
5009	1112	AA	14	16D111M
10625	1113	consensus	8	13D110M
45391	1114	consensus	14	110M
2660	1115	GCGA	5	13M1D97M1D
45392	1116	consensus	22	110M
562	1117	consensus	18	110M
45393	1118	consensus	22	110M
1311	1119	ATA	5	110M1D
32809	1120	TC	18	110M13D
45394	1121	consensus	16	110M
41581	1122	consensus	17	110M13D
45395	1123	consensus	16	110M
45396	1124	consensus	5	110M
19008	1125	consensus	15	110M7D
45397	1126	consensus	4	110M
45398	1127	consensus	18	110M
45399	1128	consensus	12	110M
45400	1129	consensus	16	110M
45401	1130	consensus	15	110M
8369	1131	T	8	110M
4541	1132	A	13	110M
45402	1133	consensus	23	110M
303	1134	CT	6	110M
9280	1135	consensus	18	110M
45403	1136	consensus	10	110M
45404	1137	consensus	14	110M
979	1138	consensus	18	110M
45405	1139	consensus	8	110M
45406	1140	consensus	10	112M
45407	1141	consensus	24	110M
37771	1142	CT	4	16D110M
45408	1143	consensus	29	110M
2236	1144	consensus	33	110M
4956	1145	consensus	7	110M1D
5470	1146	consensus	11	110M
45409	1147	consensus	13	110M2D
1302	1148	consensus	21	110M
45410	1149	consensus	28	110M
4867	1150	consensus	20	110M1D
873	1151	consensus	6	100M1D10M1D
45411	1152	AGAT	20	110M
7546	1153	T	15	110M
1943	1154	G	4	110M
45412	1155	consensus	9	110M
45413	1156	consensus	7	110M
4099	1157	CCT	8	105M2D5M
45414	1158	consensus	5	110M
3463	1160	consensus	8	110M1D
45415	1161	consensus	8	110M
14	1162	CGCA	10	15D110M6D
58809	1163	consensus	15	91M4D19M
789	1164	TC	22	110M
1106	1165	AA	11	110M1D
14957	1166	consensus	8	110M
1129	1167	AC	14	50M1D60M
45416	1168	consensus	8	110M
3171	1169	A	17	110M
1318	1170	TT	21	110M
45417	1171	consensus	6	110M
45418	1172	consensus	7	110M
45419	1173	consensus	28	110M
45420	1174	consensus	21	110M
45421	1175	consensus	6	110M
45422	1176	CT	10	110M
45423	1177	AGCT	7	110M
3509	1178	AACG	39	98M1D11M1D1M
39344	1179	T	8	110M3D
45424	1180	consensus	9	110M
45425	1181	C	34	110M
169	1182	T	10	110M
45426	1183	consensus	23	110M
888	1184	GCG	22	10M1D100M
2856	1185	consensus	14	5D110M12D
45427	1186	consensus	8	110M
7619	1187	consensus	6	110M
45428	1188	consensus	17	110M
45429	1189	consensus	4	110M
45430	1190	consensus	14	110M
3258	1191	TAA	57	110M1D
1396	1192	GTTCAGCGGCC	8	110M
1396	1192	GTTCGGCGGCC	3	110M
2680	1193	T	6	1M14D109M3D
45431	1194	consensus	30	110M
45432	1195	consensus	9	110M
6293	1196	consensus	10	110M
45433	1197	AAGG	7	110M
1541	1198	C	16	110M2D
45434	1199	consensus	9	110M
45435	1200	consensus	19	110M
2114	1201	consensus	11	5D110M21D
45436	1202	consensus	21	9D110M2D
45437	1203	consensus	9	110M
6514	1204	GCACATC	9	110M
45438	1205	consensus	4	110M
45439	1206	consensus	4	110M
45440	1207	consensus	5	110M
36575	1208	consensus	9	9D110M1D
45441	1209	consensus	7	110M
45442	1210	consensus	15	110M
4438	1211	consensus	22	110M
5898	1212	CG	9	8D110M
3502	1213	C	15	110M
7012	1214	C	19	110M
1450	1215	CACC	59	33M1D77M
45443	1216	consensus	4	110M
847	1217	TATAAGT	27	110M
45444	1218	consensus	19	110M
45445	1220	consensus	15	110M
1629	1221	consensus	14	110M
28316	1222	consensus	6	110M
45446	1223	consensus	5	110M
45447	1224	consensus	16	110M
45448	1225	consensus	8	110M
45449	1226	consensus	7	110M
45450	1227	consensus	4	110M
7138	1228	GG	7	110M
45451	1229	consensus	5	110M
45452	1230	A	21	110M
45452	1230	G	6	110M
45453	1231	CG	9	110M
45453	1231	GG	7	110M
45454	1232	consensus	14	110M
13436	1233	consensus	9	110M1D
45455	1234	consensus	24	110M
28920	1235	consensus	6	7D110M11D
45456	1236	consensus	11	110M
45457	1237	consensus	12	110M
58009	1238	consensus	14	110M
45458	1239	A	4	110M
45459	1240	consensus	14	110M
10596	1241	consensus	10	4M5D106M8D
45460	1242	consensus	10	110M
45461	1243	consensus	4	110M
4369	1244	TAGCA	12	110M
9287	1245	consensus	15	110M12D
488	1246	consensus	11	110M1D
2272	1247	TCT	68	63M1D47M
45462	1248	consensus	8	110M
6316	1249	consensus	23	110M
150	1250	GT	11	3D110M16D
12941	1251	TG	6	110M
6521	1252	consensus	11	1M9D109M4D
45463	1253	consensus	26	110M
45464	1254	consensus	17	110M
45465	1255	TC	13	110M
2626	1256	TC	16	110M1D
45466	1257	consensus	7	110M
45467	1258	C	11	110M
45467	1258	T	4	110M
45468	1259	consensus	8	110M
45469	1260	consensus	47	111M
45470	1261	consensus	6	110M
45471	1262	consensus	13	110M
45472	1263	consensus	13	110M
45473	1264	consensus	11	110M
45474	1265	consensus	11	110M
2430	1266	consensus	7	110M
467	1267	GT	15	110M
45475	1268	consensus	10	110M
748	1269	consensus	19	110M1D
45476	1270	consensus	9	110M
45477	1271	consensus	7	110M
45478	1272	consensus	12	110M
45479	1273	consensus	5	110M
45480	1274	consensus	6	110M
45481	1275	consensus	12	110M
45482	1276	consensus	8	110M
2823	1277	AT	5	110M1D
3769	1278	consensus	7	110M
40086	1279	consensus	11	6D110M7D
45483	1280	consensus	14	110M
45484	1281	consensus	15	110M
45485	1282	consensus	14	110M
42669	1283	AC	36	110M
3087	1284	C	4	110M
45486	1285	consensus	9	110M
11755	1286	consensus	16	11D99M2D23M
45487	1287	consensus	6	110M
43610	1288	consensus	8	7D50M1D60M9D
45488	1289	consensus	10	110M
45489	1290	consensus	19	111M
45490	1291	consensus	20	110M
45491	1292	consensus	17	110M
45492	1293	ATA	15	110M
45493	1294	A	4	110M
45493	1294	C	11	110M
19011	1295	consensus	23	110M12D
45494	1296	consensus	6	110M
45495	1297	consensus	6	110M
# sstacks completed on 2026-03-06 12:15:03
