# sstacks version 2.68; generated on 2026-03-06 12:14:55
59257	1	G	20	1D115M1D1M
2705	2	CAGT	19	1M15D116M12D
65901	3	consensus	21	119M
438	5	consensus	10	16D109M8D2M
56	10	TT	35	1M8D116M20D
31	11	TACAAAA	23	118M
31	11	TGTAAAA	18	118M
819	12	CGT	13	8D113M13D
26	13	consensus	18	18D120M8D
3217	14	consensus	18	3D114M1D
2016	15	AAAAGGT	16	12D112M12D
345	16	A	26	14D115M11D
26	17	consensus	30	6D120M20D
29101	18	consensus	23	112M
3425	19	consensus	12	1M7D113M4D
3426	20	consensus	25	7D120M10D
14	21	CGCA	13	6D119M6D
322	22	ATT	27	5M5D116M3D
18	23	consensus	29	27D120M2D
41	24	NTTTA	21	5D125M11D
35	25	GG	11	113M11D
3427	26	T	10	122M6D
1168	28	consensus	18	1M9D110M8D
3428	30	consensus	17	2D123M2D1M
48	31	GG	20	12D119M14D
12841	32	CGG	23	1M8D122M
9908	33	TC	21	15D121M12D
3429	34	consensus	20	3D111M
3430	35	AC	24	13D119M8D
1092	36	AC	19	8D125M1D1M
23274	37	consensus	13	113M
205	38	A	19	123M6D
3431	41	consensus	30	6D112M12D
31500	42	consensus	33	117M2D
749	44	AGC	10	11D115M9D
59	45	GCTGA	23	15D120M4D
470	46	AA	22	119M13D
60971	47	consensus	16	112M
3432	48	TG	19	9D123M9D
724	49	GCT	18	11D122M17D
156	50	AC	17	26D125M3D
13536	51	consensus	12	114M
812	52	A	26	128M4D
3433	54	consensus	12	113M10D
686	55	CT	15	1M8D127M
19690	56	consensus	11	114M
3765	57	TA	18	1M18D117M9D
364	60	consensus	17	1M5D118M
7061	61	G	15	1M13D111M5D
196	62	GA	10	110M
3434	63	TCTG	15	110M
1814	64	GCA	8	110M
3435	65	consensus	5	1M3D109M14D
3436	67	A	6	2M6D108M8D
2968	68	CA	6	110M
679	69	TCGTGAGAT	4	110M1D
17	70	AC	11	2M16D118M6D
1164	71	AT	6	110M
3437	72	consensus	6	1M14D109M
1994	73	GCCAT	10	110M
3438	74	consensus	6	1M16D109M
2428	75	TCA	6	110M
3439	76	G	16	110M
3440	77	consensus	9	110M
3441	78	CGGT	11	110M
3442	79	consensus	9	110M
2875	81	C	8	110M
1504	82	consensus	8	110M
3444	83	consensus	4	110M
3445	84	C	4	110M2D
1171	85	CTCCA	4	110M
3446	86	T	17	110M
3030	87	C	4	110M
2172	88	consensus	11	110M
3447	89	GTTGCT	13	1M9D70M1D39M12D
3447	89	GTTGTC	13	1M9D70M1D39M12D
1401	90	C	5	110M
2603	91	consensus	8	110M
3448	92	consensus	5	1M18D109M
3449	93	TAT	6	110M1D
3450	94	consensus	5	110M6D
3451	95	CG	6	110M
3452	96	consensus	8	110M
3453	97	consensus	7	110M1D
3454	98	consensus	10	110M12D
3455	99	consensus	8	2D110M1D
2532	100	CG	13	110M
3456	101	TC	8	110M
3457	102	consensus	4	11D110M
2189	103	G	9	110M
716	104	G	5	110M
3458	105	consensus	4	7D110M
91	106	C	20	110M
1563	107	T	6	110M1D
563	108	G	15	110M
2329	109	consensus	24	110M4D
1326	110	G	6	110M
3459	111	CAAT	6	110M
3460	112	consensus	5	110M
1108	113	consensus	8	110M
3461	114	consensus	11	16D110M7D
701	115	consensus	6	110M
3462	116	C	7	1M4D109M4D
3463	117	consensus	14	110M1D
3464	118	consensus	7	110M
3465	119	CCCAA	10	1M4D109M13D
449	120	G	11	110M1D
3466	121	consensus	4	3M1D107M8D
171	122	GAA	6	110M1D
3467	123	consensus	6	110M
15	124	AT	7	19D114M2D
1759	125	TTTGGCAAGAAGT	8	110M
1759	125	TTTGGCAAGAGGT	13	110M
3468	126	C	8	110M16D
533	127	consensus	4	110M
3469	128	consensus	5	110M12D
3470	129	GC	9	3M1D107M
3471	130	C	4	110M5D
3472	131	consensus	5	110M8D
3473	132	consensus	5	110M
3474	133	consensus	9	1M5D109M8D
3475	134	G	4	110M
3476	135	consensus	7	15D110M
3016	136	A	6	110M
2206	137	TGACTAC	12	110M
3477	139	consensus	5	110M9D
412	140	T	9	110M
2605	141	TTA	20	110M
3478	142	consensus	4	110M12D
3479	144	consensus	8	110M
1705	145	consensus	15	110M1D
2399	146	A	6	110M1D
3480	147	consensus	8	22D110M
3481	148	consensus	4	110M9D
3482	149	GTA	11	2D108M7D2M
1670	150	consensus	15	110M
3483	151	consensus	4	110M11D
3484	152	TCACCGT	24	110M1D
3485	153	consensus	9	110M
2828	154	A	7	110M
3486	155	consensus	9	110M
2573	156	T	11	110M
3487	157	consensus	5	110M
3488	158	consensus	4	110M
915	159	consensus	11	110M
1993	160	G	5	110M
1992	161	G	12	110M
3489	162	consensus	6	1M12D109M6D
1818	163	A	16	110M
1727	164	consensus	11	110M
147	165	ATTT	9	103M1D7M
90	166	G	5	110M1D
3490	167	C	6	110M
3491	168	A	10	110M
2829	169	CA	8	110M
3171	170	A	14	110M
1879	171	CC	18	110M
3492	172	T	14	110M
507	173	consensus	5	14D110M5D
3493	174	G	5	110M
3494	175	C	17	110M
3495	176	AAT	8	110M
3496	177	GGTC	14	110M
3497	178	consensus	8	110M
360	179	consensus	7	110M
486	180	AAG	27	110M4D
2375	181	A	12	110M1D
845	182	C	5	110M
3498	183	consensus	5	110M
3499	184	consensus	4	110M
3500	185	consensus	5	60M1D50M1D
3501	186	consensus	9	110M
3502	187	T	5	110M
3503	188	consensus	4	1M9D109M7D
3504	189	consensus	5	110M
1117	190	A	4	110M
1117	190	C	6	110M
3505	191	consensus	16	110M
1652	192	G	5	110M
106	193	TTTTAATATGTAGAC	8	110M1D
197	194	A	5	110M1D
3506	195	consensus	8	12D110M6D
3507	196	consensus	9	110M15D
1455	197	C	7	110M
497	198	consensus	16	110M
180	199	consensus	4	6D110M4D
1788	201	A	9	110M
556	202	TGTCT	31	110M
3508	203	C	7	110M
529	205	consensus	18	110M
818	206	GGCAAATGGACA	4	110M
3509	207	AACG	19	98M1D11M1D1M
3510	208	T	4	1D110M10D
3511	209	consensus	6	1M4D109M1D
850	210	T	7	110M
1543	211	consensus	4	110M
3512	212	consensus	6	110M
3513	213	T	4	110M
3514	214	GA	9	110M
3515	215	consensus	10	8D110M9D
2076	216	consensus	17	110M
3516	217	G	5	110M19D
3517	218	consensus	6	1M7D109M
3250	219	C	15	110M
56653	220	AT	6	110M
3518	221	consensus	5	110M
3519	222	G	21	110M
3520	223	C	5	110M
3521	224	consensus	8	1D110M
3522	225	consensus	4	110M
3523	226	consensus	6	110M10D
3524	227	ATA	7	110M
3525	228	A	4	110M
3526	229	TCGA	15	110M
3527	230	consensus	4	2M10D55M1D53M2D
83	231	TAAT	8	118M
2206	232	CCTCTGC	20	110M
788	233	consensus	8	110M
3528	234	consensus	17	110M1D
3529	235	consensus	5	110M1D
3530	236	GC	7	110M
3531	237	consensus	12	110M
1441	238	AAACTCGGGG	7	110M1D
52568	239	consensus	12	40M1D70M
41046	241	consensus	20	110M
3533	242	consensus	9	110M1D
3534	243	consensus	4	110M
3535	244	consensus	14	110M
3536	245	consensus	6	110M
2286	246	TA	5	110M
3537	247	T	5	110M
59803	248	T	11	120M7D
3538	249	consensus	6	110M
3539	250	A	4	110M
3540	251	consensus	8	1M9D109M1D
630	252	consensus	6	7D52M3D58M16D
3541	253	consensus	12	110M13D
49748	254	consensus	7	112M
3542	255	consensus	5	110M8D
2139	256	consensus	16	14D108M1D2M
3543	257	ACG	9	110M1D
1251	258	C	6	110M
59571	259	consensus	4	110M
1964	260	CCTAT	8	110M
3544	261	G	4	110M
3545	262	C	9	50M1D60M
3546	263	consensus	6	110M10D
1939	264	T	4	110M
1118	265	A	8	110M
3547	266	G	12	110M
146	267	CGCGA	4	110M
170	268	consensus	5	110M
3548	269	A	9	8D110M5D
3549	270	C	11	110M12D
3550	272	A	26	110M1D
3551	274	consensus	6	12D110M
84	275	C	12	110M6D
3552	276	GT	7	110M
2014	277	TAGA	9	110M
3553	278	consensus	7	5D110M
32371	280	TAA	12	23M1D87M1D
1408	281	consensus	4	110M
579	282	G	7	110M
3554	283	consensus	6	110M
3555	284	consensus	9	12D109M2D1M
1629	285	consensus	6	110M
3556	286	A	9	110M
3557	287	T	13	110M
3558	288	consensus	4	10D110M9D
2043	289	G	6	110M
3559	290	consensus	10	1M9D109M
3560	291	consensus	6	110M
3561	292	consensus	4	110M
3562	293	consensus	13	110M
3563	294	NCA	9	97M4D14M
2510	295	AT	4	110M
3564	296	consensus	6	1M3D109M9D
3565	297	consensus	9	18D110M
3566	298	C	14	110M6D
3567	299	consensus	10	4D110M
2994	300	GT	10	110M
3568	301	ACCTA	4	4M1D3M1D103M
3569	302	AGG	4	110M13D
1476	303	GATA	11	110M
1476	303	GTAA	6	110M
2259	304	G	5	2M4D108M16D
973	305	consensus	10	8D110M6D
3570	306	consensus	6	1M10D109M7D
1110	307	GC	11	13D110M3D
1851	308	T	17	110M1D
694	309	consensus	17	110M
711	310	CC	7	20M9D90M
184	311	C	9	110M7D
3571	312	A	17	110M1D
3572	313	CA	7	110M
3573	314	consensus	8	110M
3574	315	GTA	20	110M
3575	316	T	4	110M2D
3576	317	A	21	20M2D90M1D
3577	318	consensus	5	5M3D105M9D
3578	319	T	17	110M1D
2722	320	consensus	11	110M
1491	321	GC	6	110M
3579	322	consensus	5	110M
1764	323	consensus	30	110M
3580	324	GC	16	110M
306	325	A	10	110M1D
3581	326	A	9	110M
3582	327	AT	7	110M
3583	328	consensus	4	11D110M2D
3584	329	T	4	9D109M1D1M
1724	330	consensus	4	110M
3585	331	consensus	4	110M
2799	332	GCCG	8	100M1D10M2D
3586	333	G	8	110M
291	334	GGT	9	110M
3587	335	consensus	5	110M
847	336	CCTACGA	12	110M
58400	337	T	5	110M1D
2440	338	T	7	110M
2288	339	AC	5	18M1D92M1D
3588	340	consensus	4	110M
3589	341	consensus	9	110M
3590	342	consensus	4	11D110M6D
1317	343	TA	11	110M
818	344	TCTGATTATGCG	17	110M
3591	345	CC	8	110M
3592	346	T	6	110M9D
3593	347	consensus	23	110M
2021	348	consensus	16	110M
1212	349	GCG	13	110M1D
1636	350	TCCTGTGGG	11	110M
1996	351	T	5	12D110M6D
111	352	TC	19	110M
3594	353	GATA	8	75M1D35M1D
210	354	consensus	9	110M
3595	355	T	8	110M1D
3596	356	consensus	5	110M
3597	357	consensus	21	110M
3598	358	A	4	110M
3598	358	T	5	110M
3599	359	consensus	7	110M
60964	360	consensus	7	110M
3600	361	consensus	4	110M8D
58920	362	consensus	4	110M1D
3601	363	consensus	7	110M7D
3602	364	consensus	11	110M9D
3603	365	CCG	12	111M
3604	366	consensus	6	11D110M
284	367	GACG	18	44M1D66M1D
284	367	GGCG	18	44M1D66M1D
1073	368	consensus	4	110M
3605	369	consensus	4	2M11D108M3D
3204	370	GTG	5	105M1D5M
3606	371	CT	5	110M
3607	372	CTT	8	110M
3608	373	consensus	20	110M
3609	374	AC	4	1M3D109M9D
997	375	consensus	14	110M1D
3610	376	consensus	6	110M
3611	377	consensus	5	12D110M
3612	378	consensus	12	110M
3613	379	consensus	5	110M
3614	380	G	11	9D109M2D1M
2893	381	AC	8	110M
2546	382	CTC	13	110M1D
3615	383	consensus	9	12D110M9D
1072	384	consensus	7	110M
3616	385	consensus	7	110M
3617	386	A	14	110M
3618	387	AGCG	6	110M
1015	388	consensus	23	110M1D
3313	389	consensus	6	110M1D
459	390	CCAGG	7	38M1D82M
3619	391	consensus	10	110M
3620	392	consensus	12	1M7D109M14D
3621	393	consensus	19	110M7D
321	394	consensus	11	110M2D
3622	395	consensus	9	4M3D106M9D
3623	396	consensus	4	2D110M5D
1593	397	consensus	10	110M
1052	398	A	18	110M
476	399	consensus	9	110M
477	400	GGTCT	5	110M
218	401	A	6	1M16D109M10D
1106	402	AA	19	110M1D
3624	403	consensus	6	110M
801	404	C	4	3M6D107M12D
3625	405	TTCCTTT	8	110M2D
894	406	TGCA	17	110M
894	406	TGCG	20	110M
1362	407	consensus	5	9D116M11D
3626	408	G	4	110M
3627	409	consensus	16	3D119M2D3M
3628	410	G	4	110M
3629	411	consensus	6	110M
230	412	G	7	110M
3630	413	GC	6	4M3D117M5D
3211	414	consensus	27	110M
176	415	consensus	12	110M
690	416	TCCCATCTA	6	110M1D
2061	417	G	14	110M
2900	418	AT	12	110M
3631	419	consensus	14	2M16D108M
3632	420	C	11	14D110M
3633	421	AG	6	110M
3634	422	consensus	4	110M7D
3635	423	consensus	27	110M
597	424	consensus	5	110M
3636	425	consensus	8	110M
361	426	CTC	88	110M2D
3637	427	AA	12	1M12D109M6D
3176	428	T	5	110M1D
3317	429	AC	22	110M
2814	430	GTT	12	110M1D
3638	431	consensus	20	110M
690	432	CCCAATCTG	6	110M1D
3639	433	consensus	8	110M
3640	434	consensus	6	110M
3641	435	T	14	111M1D
2314	436	T	18	110M
3642	437	consensus	7	110M
3643	438	GTTC	4	110M1D
3174	440	GGAG	8	110M1D
815	441	GAT	21	110M
3644	442	consensus	14	110M
286	443	C	6	110M
3645	444	TGG	5	110M1D
3646	445	consensus	6	10D110M8D
3647	446	consensus	4	110M
2542	447	G	8	110M
1175	448	T	9	10D110M13D
3648	449	CTTA	5	110M
3649	450	consensus	20	110M
3650	451	A	4	110M3D
3651	452	consensus	7	110M4D
3652	453	GCCCTCCCCCAGGCG	8	110M
3653	454	consensus	5	110M
3654	455	consensus	9	110M
3655	456	consensus	6	110M
1285	457	consensus	8	110M1D
2142	458	A	11	9M1D101M1D
3656	459	AA	9	110M
1538	460	A	4	110M
1537	461	GCTG	17	110M1D
3288	462	C	6	110M
3657	463	T	8	110M
3658	464	consensus	17	110M
3659	465	consensus	6	110M
3660	466	G	6	110M
3661	467	consensus	4	110M4D
679	468	TCGCAGAGT	10	110M1D
679	468	TCGCGGAGT	10	110M1D
679	468	TCGTGGAGT	10	110M1D
3662	469	GC	9	9D110M
3663	470	consensus	9	110M
35143	471	consensus	24	110M
3664	472	TCGG	6	110M
636	473	CAAACATGGCTA	11	110M5D
636	473	CAGTCATGACTA	11	110M5D
341	474	TG	8	110M
861	475	G	11	110M
2279	476	consensus	13	110M
3665	477	TTCTA	12	110M
3666	478	consensus	4	24M1D86M1D
3667	479	G	4	110M
3668	480	consensus	38	110M
3669	481	C	15	8D110M
3670	482	C	5	4D110M12D
3671	483	consensus	8	119M
3413	484	AC	4	110M6D
1577	486	consensus	5	110M
3672	487	consensus	7	1M7D109M
3673	488	consensus	5	110M
455	489	consensus	4	110M1D
3674	490	consensus	4	110M
2538	491	consensus	4	79M1D31M
3675	492	consensus	4	5D110M
3676	493	T	4	110M
1510	494	consensus	18	7D120M9D
3677	495	CCA	11	110M1D
3678	496	AG	7	18D110M4D
3679	497	consensus	6	110M
3680	499	consensus	8	110M
3681	500	consensus	4	17D110M8D
3682	501	GATC	9	110M
3683	502	C	6	110M
3684	503	AT	4	110M10D
3685	504	consensus	10	110M
3686	506	AG	5	110M
3687	507	consensus	4	110M2D
723	508	consensus	8	110M
3302	509	AGG	7	110M11D
55	510	TTCTG	22	121M9D
3688	511	consensus	8	3D110M
3689	512	T	4	110M
1763	513	G	10	110M
1533	514	G	16	110M
1171	515	ATTGA	7	110M
3690	516	consensus	4	12D110M7D
745	518	consensus	20	111M
3692	519	consensus	11	110M
403	520	consensus	4	110M
1721	521	consensus	4	110M
3693	522	TT	8	110M1D
825	523	TA	15	110M
825	523	TG	18	110M
3694	524	consensus	5	110M
3695	525	G	5	1M4D109M4D
3696	526	consensus	9	110M
3697	527	consensus	4	110M
3698	528	T	8	110M
3699	529	C	8	110M
3700	531	consensus	4	110M
3701	532	consensus	9	1M3D109M
1809	533	C	4	110M
3702	534	A	5	110M
3703	535	consensus	5	110M
3704	536	consensus	4	110M
3705	537	C	4	110M
54397	538	CCCAAT	5	110M
3706	539	consensus	9	110M
3707	540	consensus	8	1M8D109M
3708	541	GT	4	110M
3709	542	consensus	7	5D110M
1028	543	T	10	110M
1360	544	C	13	111M
2748	545	T	11	110M1D
3136	546	A	6	110M
3710	547	consensus	6	35M1D75M4D
437	548	consensus	7	110M
3711	549	ACAC	9	110M
3712	550	consensus	8	110M
3713	552	A	5	110M
3714	553	T	6	2D110M22D
3715	555	consensus	12	110M
2788	556	C	9	110M
794	557	T	6	112M
935	558	A	26	110M
3716	559	C	8	7D110M13D
57387	560	CA	4	110M
3717	561	consensus	6	7D14M1D96M5D
3718	562	consensus	16	7D110M14D
3719	563	consensus	7	110M
3720	564	consensus	9	110M
70	565	A	9	110M
71	566	C	11	110M
3721	567	C	6	58M1D52M1D
3722	568	consensus	4	110M1D
131	569	AAA	19	110M
2827	570	AC	9	110M
540	571	CG	4	110M
3723	572	consensus	6	1M4D109M21D
3724	573	T	4	110M3D
3725	574	consensus	6	110M
3726	575	T	12	110M
3727	576	consensus	10	110M
3022	577	ATT	11	110M
3728	578	G	11	110M
3729	579	consensus	8	110M
3731	581	AT	13	39M3D71M
259	582	AATAT	13	104M2D6M
3732	583	consensus	4	110M
3266	584	CT	5	110M
3733	585	consensus	11	7D110M
1179	586	CT	9	110M
2495	587	consensus	10	110M
1571	588	AC	6	110M
3222	589	GAC	14	111M
3010	590	consensus	8	110M
3734	591	consensus	4	110M
2874	592	G	13	110M
3735	593	CGTT	4	110M
3736	594	A	10	110M1D
3737	595	consensus	8	1M1D109M
41943	596	consensus	92	110M1D
3738	597	consensus	9	15D110M2D
56487	598	TCT	10	44M1D66M
3740	599	consensus	5	110M
3741	600	consensus	9	12D110M
3742	601	AT	4	110M
1858	602	consensus	5	9D110M12D
3743	603	C	8	110M
2333	604	TTAG	9	14D110M
3744	605	C	10	110M
154	606	G	7	110M8D
3745	607	consensus	21	110M
1797	608	A	5	110M
1798	609	TC	7	109M2D1M
50	610	CGTCNN	12	1M5D113M19D
3746	611	consensus	5	8D110M
1886	612	ACTA	4	110M
3747	613	consensus	5	110M
3748	614	consensus	10	110M1D
3749	615	consensus	4	1M11D109M3D
3750	616	consensus	18	44M1D15M1D51M
615	618	TTCGGACGG	10	100M1D10M1D
615	618	TTGGGAAGG	10	100M1D10M1D
20831	619	consensus	51	110M1D
777	620	consensus	7	110M
3751	621	C	12	110M
3752	622	consensus	9	110M
168	623	CC	25	110M
3753	624	consensus	6	110M
1331	625	consensus	5	110M
3754	626	T	11	110M
3755	627	AAGA	16	110M
3756	629	C	12	4M1D4M1D102M11D
2339	630	consensus	4	110M
46	631	TNGAT	16	6D124M2D
657	632	CCGCAGTGCT	10	114M
295	633	T	7	110M
3757	634	consensus	6	110M
3758	635	consensus	5	110M
2659	636	AGGC	5	55M1D55M2D
3759	637	A	9	110M
3760	638	consensus	5	110M
3761	639	consensus	7	1M4D109M
3762	640	consensus	7	9D110M7D
3763	641	C	9	110M
3764	643	consensus	7	10D111M5D
78530	644	consensus	8	1D110M1D
3766	645	C	8	110M1D
3767	646	CG	5	8D105M4D5M
3768	647	T	12	1M10D109M
3769	648	consensus	5	110M
3770	649	consensus	5	110M
3771	650	T	11	110M
3772	651	A	10	110M
1427	652	CG	4	110M
2356	653	consensus	5	110M
3773	654	consensus	4	110M9D
3774	655	AGCAT	16	110M
3775	656	consensus	7	110M9D
3776	657	C	10	110M
2781	658	C	15	110M
3777	659	consensus	7	110M
3778	660	A	9	3M14D107M8D
3181	661	TTAGT	4	110M
1736	662	AGGGGTGGGTTACA	5	110M
466	663	consensus	6	12D110M3D
3779	664	ATGN	8	110M1D
1381	665	AAACTAAT	7	110M
3780	666	A	8	110M
1454	667	CAAAAG	5	110M
3781	668	T	8	1M6D109M4D
3782	670	ATC	12	110M
59953	671	consensus	9	114M
3783	672	AC	14	110M
3784	673	T	5	110M
3785	674	consensus	4	110M
3786	675	consensus	5	110M
3787	676	GCTCCC	8	79M4D31M
3788	677	CACCGC	6	119M11D
696	678	G	6	110M
3045	679	T	14	110M
3789	680	G	8	110M1D
2364	681	TTC	13	110M
1141	682	G	7	110M
3790	683	T	18	110M
1046	684	GA	8	110M
3791	685	consensus	4	10D110M10D
1396	686	GTTCAGCGGCC	12	110M
3792	687	T	7	110M
3793	688	consensus	9	2D110M10D
1778	689	C	8	110M
3794	690	CCC	4	110M8D
62637	691	consensus	9	110M
3795	692	consensus	9	1D110M10D
56658	693	ATAC	4	110M
3273	694	A	14	110M
3796	695	consensus	7	110M
3797	696	GG	6	110M
3798	697	consensus	4	110M
3799	698	consensus	10	110M
3801	701	consensus	8	6D111M
3802	702	consensus	15	110M
3803	703	consensus	7	110M
3804	704	consensus	9	110M17D
3805	705	consensus	4	110M4D
2904	706	C	12	110M
121	707	TAC	14	110M
589	709	AA	7	110M
3807	710	consensus	6	72M2D38M
55565	711	A	10	110M
3808	712	consensus	5	110M
1972	713	consensus	8	110M
3809	714	G	5	3D110M18D
3810	715	consensus	6	110M
823	716	C	23	105M1D6M
3811	717	TA	4	1M12D107M4D2M
3812	718	consensus	7	110M
69305	719	consensus	4	110M
702	720	T	12	110M
853	721	AT	6	110M
3813	722	consensus	4	110M
3814	723	consensus	9	3D115M6D2M
3815	724	G	11	110M
3110	725	C	22	110M
3816	726	consensus	5	1M6D109M
1508	727	consensus	20	110M1D
3817	728	G	4	28M4D82M4D
2297	729	T	7	110M
2812	730	consensus	12	110M
715	731	consensus	7	1M15D109M8D
3818	732	consensus	7	1M3D109M
3819	733	consensus	4	110M
3820	734	GT	7	110M
3821	752	consensus	6	110M11D
3822	753	GG	4	110M
1715	754	AG	5	110M1D
3823	755	T	4	1M2D109M7D
3824	756	C	7	15D110M
3824	756	T	5	15D110M
1957	757	consensus	4	110M
3825	758	consensus	6	1M6D109M11D
3826	759	consensus	7	1D120M2D
3827	760	consensus	4	110M
15	762	AT	7	1M11D109M14D
3828	763	consensus	4	110M
3829	764	GT	5	10D110M2D
3830	765	consensus	6	110M5D
3831	766	consensus	6	110M
1606	767	A	8	110M1D
3832	768	G	5	110M1D
3833	769	consensus	5	110M7D
3834	770	consensus	6	3D110M
1711	771	TG	8	28M11D82M
3835	772	T	4	2M14D108M2D
3836	773	G	4	6D110M12D
787	774	consensus	8	17D121M2D
3837	775	consensus	9	1M9D109M
1603	776	CC	4	39M7D71M
3838	777	consensus	5	12D110M
2171	778	TGA	4	110M
3839	779	T	5	110M10D
3840	780	GAG	5	110M
3841	781	consensus	4	4D110M4D
1521	782	TGTC	6	110M
3842	783	ATATCAG	4	12D110M
3843	784	consensus	5	2M8D108M1D
32782	785	ACC	11	110M
277	786	consensus	5	110M
3844	787	consensus	4	110M
3845	788	consensus	9	110M
2268	789	consensus	9	3M6D107M10D
68849	790	consensus	5	110M
3846	791	consensus	10	110M
3847	792	consensus	7	110M
3848	793	consensus	8	110M
3849	794	consensus	10	110M
2962	795	GTATA	4	110M
3850	796	consensus	5	110M
1114	797	A	4	110M1D
50	798	CGTCNN	11	11D114M13D
3851	799	C	6	1D110M
1716	800	consensus	4	110M
3852	801	T	6	110M5D
3853	802	consensus	6	110M9D
1839	803	consensus	11	110M
543	804	GC	5	110M
3854	805	consensus	4	110M
479	806	AAGA	13	65M1D45M1D
479	806	AATA	13	65M1D45M1D
3855	807	consensus	4	16D110M4D
1630	808	CG	4	110M
1630	808	CT	4	110M
3856	809	consensus	5	110M
3857	810	consensus	13	110M
305	811	AATC	4	110M1D
3858	812	consensus	5	110M
748	813	consensus	5	110M1D
3859	814	consensus	7	110M7D
3860	815	consensus	7	7M1D103M
66	816	GGACAC	8	73M1D37M
3861	817	A	4	37M2D73M1D
3862	818	consensus	4	6D110M9D
1237	819	G	6	17D116M6D
1087	820	A	6	110M
1087	820	G	12	110M
628	821	CGTT	5	110M
3863	822	consensus	5	5D110M8D
3864	823	consensus	5	110M
71072	824	consensus	4	110M11D
3865	825	ACGTGAG	7	110M6D
3866	826	consensus	5	110M
3319	827	T	6	110M
1684	829	AT	9	110M
1203	830	AGAC	6	110M
1203	830	GGGC	4	110M
58841	831	consensus	5	110M
3867	832	consensus	6	110M
3868	833	consensus	5	110M
3869	834	consensus	5	110M
6	835	consensus	10	1M17D122M2D
3870	836	consensus	10	6D110M
1210	837	consensus	6	110M
3871	838	CCCC	12	27M2D83M2D
47970	839	ACGTAAC	10	110M
47970	839	ACGTAGC	6	110M
2919	840	TCC	4	110M3D
3872	841	consensus	7	110M
2637	842	C	11	110M
3873	843	consensus	5	12D110M
3874	844	consensus	6	110M
3875	845	consensus	4	110M1D
3876	846	consensus	6	110M5D
1668	847	GCGCG	8	110M10D
2905	848	AA	6	110M
3258	849	TAA	4	110M1D
478	850	G	7	110M
3877	851	GC	11	110M1D
3878	852	TCCGTT	17	101M2D9M
224	853	A	5	110M
3879	854	consensus	5	110M
3880	855	A	10	110M
3881	856	GTGA	6	110M
3882	857	GT	7	75M11D35M
17	858	AC	7	4M8D110M20D
3883	859	A	7	110M1D
3884	860	C	6	11D110M1D
3885	861	consensus	4	110M
1074	862	CAT	7	110M
3886	863	consensus	6	10D119M2D1M
3887	864	consensus	6	110M
3888	865	consensus	6	110M
3889	866	AC	9	110M
3889	866	GC	4	110M
3890	867	consensus	4	3D110M6D
3891	869	consensus	12	110M
1187	870	AACG	6	110M
2049	871	GAGT	4	110M1D
3892	872	TCC	10	110M
1249	873	A	8	110M
1400	874	TTT	7	110M
3893	875	AT	5	95M1D15M1D
3894	876	consensus	4	110M
3895	877	consensus	6	110M
3896	878	consensus	6	110M
3897	879	consensus	8	110M16D
3898	880	TCTCC	10	110M1D
3899	881	consensus	8	2D110M
49	882	consensus	10	20D121M9D
3900	883	AAT	6	111M8D
3901	884	TTG	5	110M
1419	885	TGG	9	110M
3902	886	consensus	4	110M
1636	887	CCTCGTAAG	3	110M
1636	887	CTCCGTAGG	4	110M
3903	888	consensus	10	110M12D
3904	889	consensus	4	12D110M3D
3905	890	T	4	10D110M
3906	891	T	5	2D110M8D
3907	892	consensus	8	110M
1206	893	TC	13	119M26D
3908	894	consensus	5	14D110M
3909	895	C	7	50M1D60M
3910	896	GA	5	110M
3911	897	G	6	110M
3912	898	ATCC	5	110M
3913	899	C	4	110M2D
3914	900	ATA	5	5D108M6D2M
3915	901	consensus	8	110M1D
3916	902	consensus	6	110M
3917	903	consensus	7	110M
3918	904	consensus	7	102M3D8M
3919	905	consensus	4	7D110M
3920	907	consensus	5	110M
96	908	G	11	110M
96	908	T	12	110M
3921	909	T	6	7D110M6D
2807	910	G	5	110M
3922	911	consensus	9	110M
2179	912	consensus	30	110M17D
3923	913	consensus	6	8D110M
887	914	consensus	10	51M1D59M
3924	915	consensus	6	110M
3925	916	consensus	6	1M3D109M
352	917	G	4	110M
714	918	C	5	110M1D
1048	919	consensus	6	110M1D
3926	920	consensus	8	7D110M16D
3927	921	consensus	6	110M
3928	922	consensus	6	4D110M7D
3929	923	GA	12	12D110M14D
3930	924	consensus	4	9D110M12D
3931	925	consensus	4	1M4D109M7D
828	926	consensus	4	110M
3932	927	consensus	5	110M
3341	928	TC	6	110M
3933	929	GT	4	110M
1600	930	A	4	110M
3934	931	A	5	110M
3935	932	CC	14	11D110M7D
3936	933	C	5	110M
3937	934	T	8	3M5D119M4D
2250	935	consensus	4	110M1D
48533	936	consensus	6	6D111M
3938	937	consensus	9	6D110M
509	938	TAAGTT	7	110M
47970	939	ATACGGC	10	110M
3939	940	consensus	5	110M
3940	941	consensus	8	13D110M1D
3941	942	consensus	4	110M
239	943	C	10	110M
3942	944	consensus	7	47M1D63M1D
3943	945	C	6	110M
1181	946	consensus	6	1M5D115M12D
3944	947	consensus	7	110M
3945	948	AA	17	110M6D
3946	949	consensus	6	4D109M8D1M
3947	950	consensus	4	110M
1673	951	T	12	110M
1347	952	consensus	4	3M9D107M
3948	953	TT	13	108M2D2M
3422	954	TCT	12	110M
298	955	CAA	4	17M1D93M
3949	956	consensus	9	3D110M
1115	957	GC	5	110M
3950	958	consensus	4	110M
3951	959	consensus	6	110M
2312	960	AG	4	110M
3952	961	consensus	8	12D110M
3953	962	consensus	7	10D110M12D
944	963	ATCGG	4	110M
2512	964	consensus	5	1M4D109M16D
3954	965	consensus	5	110M
3955	966	T	5	1M11D109M5D
3956	967	AG	7	75M1D35M
135	968	consensus	6	110M
2763	969	consensus	7	110M
3957	970	A	12	110M
3958	971	GC	10	110M
3959	972	consensus	4	2M6D108M
3960	973	consensus	5	110M
112	974	CCT	8	110M11D
3961	975	consensus	4	110M
1628	976	AC	20	110M
3962	977	GTAA	5	17D115M2D1M
58709	978	consensus	7	110M
626	979	T	7	110M
3963	980	consensus	8	111M
3964	981	TG	9	110M
568	982	AAAA	4	6M15D104M8D
1640	983	consensus	13	110M
151	984	AT	9	110M
3965	985	consensus	4	110M
3966	986	A	13	14M1D96M
2609	987	consensus	9	110M3D
641	988	consensus	11	110M1D
2703	989	T	8	1M11D109M
1260	990	CA	6	1M11D110M14D
3967	991	consensus	5	8D108M2D2M
3968	992	consensus	10	110M
3969	993	CA	5	110M1D
1736	994	GGGGGTAGGCTACA	13	110M
3276	995	T	18	110M
1757	996	A	16	110M
3970	997	A	6	12D110M13D
3971	998	consensus	7	110M
3972	999	consensus	9	11D110M
3973	1000	T	11	9D110M
2942	1001	C	4	110M
447	1002	CG	11	110M1D
1545	1003	G	16	110M
3974	1004	consensus	9	110M
3975	1005	TGT	5	110M1D
3976	1006	consensus	4	110M1D
3977	1007	consensus	7	110M9D
490	1008	TGA	6	110M1D
3978	1009	TAA	8	64M1D46M
3978	1009	TGA	8	64M1D46M
3232	1010	GA	7	110M
3979	1011	consensus	5	2D110M9D
3980	1012	consensus	4	110M
3981	1013	consensus	4	110M
3982	1014	TAG	6	32M1D78M
167	1015	T	5	110M4D
3983	1016	consensus	6	2M7D116M
3985	1018	consensus	7	110M
3986	1019	consensus	5	1M11D109M
3987	1020	consensus	8	110M
3988	1021	consensus	4	110M1D
3989	1022	consensus	7	110M
3990	1023	consensus	8	110M
3991	1024	consensus	10	2M7D108M
489	1025	C	29	110M
1687	1026	AA	4	110M
3993	1028	consensus	11	110M9D
1309	1029	GG	4	110M
3994	1030	G	4	110M
3995	1031	C	16	110M
3996	1032	consensus	5	3D110M
3997	1033	consensus	5	110M
3998	1034	consensus	5	110M
3999	1035	consensus	16	118M
4000	1036	consensus	7	110M
4001	1037	GC	24	110M
653	1038	AATG	8	110M
4002	1039	T	11	110M
4003	1040	consensus	12	110M1D
2743	1041	consensus	8	110M
4004	1042	consensus	12	110M
4005	1043	C	12	5D110M3D
1111	1044	GGC	6	110M
4006	1045	GG	8	110M
4007	1046	TA	8	110M1D
4008	1047	consensus	9	110M
509	1048	TCTGAT	5	110M
2633	1049	T	12	110M
383	1050	AA	13	110M
4009	1051	consensus	6	110M
29970	1052	consensus	4	110M
75	1053	AGG	8	110M
1403	1054	consensus	5	110M1D
4010	1055	consensus	16	1M12D109M
4011	1056	consensus	9	110M
618	1057	consensus	5	102M2D7M1D1M
4012	1058	consensus	4	110M
4013	1059	consensus	8	12D110M
2355	1060	TTC	9	110M
4014	1061	consensus	4	1M8D109M
4015	1062	CT	23	110M
1714	1063	CGGT	8	110M
1637	1064	CCT	21	110M
61	1065	GTTA	5	13D116M
1586	1066	ACG	5	110M
4016	1068	CATAC	6	7M1D103M
4017	1069	consensus	6	110M11D
562	1070	consensus	5	110M
4018	1071	consensus	6	110M
4019	1072	consensus	11	1M2D110M
4020	1073	consensus	10	110M8D
4021	1074	consensus	4	110M6D
1299	1075	consensus	5	110M2D
4022	1076	ATA	7	110M2D
2345	1077	A	7	110M
4023	1078	GCTC	4	110M
4024	1079	T	18	11D110M1D
4444	1081	consensus	12	11D113M14D
4025	1082	CG	6	110M1D
1152	1083	A	24	110M
4026	1084	consensus	6	10D110M
4027	1085	consensus	4	110M
4028	1086	consensus	6	110M7D
4029	1087	consensus	6	1M7D109M
4030	1088	AAGTTCCTGCAG	8	44M1D5M1D62M1D
4030	1088	GAGTTCCCGCAG	8	44M1D6M1D61M1D
417	1089	CAAGTGT	5	110M
417	1089	CACGTGT	15	110M
4031	1090	consensus	5	110M
4032	1091	consensus	4	110M
20666	1092	CT	10	59M1D51M1D
1661	1093	T	5	110M
41125	1094	consensus	5	110M
4033	1095	consensus	7	110M
1180	1096	GG	9	110M
1515	1097	AG	18	110M
4034	1098	GA	7	110M3D
4035	1099	consensus	12	110M
4036	1100	consensus	4	110M3D
4037	1101	consensus	6	110M
4038	1102	AGCGA	10	110M
1312	1103	G	8	110M
780	1104	C	8	110M
2714	1105	consensus	10	110M
195	1106	T	8	110M
4039	1107	consensus	8	8D110M
4040	1108	consensus	6	110M
23	1109	TA	15	12D114M12D
59	1110	GCTGA	12	1M5D112M21D
4041	1111	consensus	8	110M
3215	1112	TG	7	110M2D
2851	1113	TG	4	110M1D
4042	1114	GATGT	5	101M5D4M3D5M7D
4043	1115	consensus	6	8D110M6D
4044	1116	CAAACAAAAATTTC	5	40M1D38M4D40M2D
4045	1117	consensus	8	110M
2019	1118	GC	8	110M
4046	1119	AA	7	54M1D56M8D
4046	1119	CA	7	54M1D56M8D
1010	1120	TTC	4	110M
4047	1121	TTCTA	12	1M10D111M12D
4048	1122	T	5	110M
4050	1125	consensus	4	18D110M
4051	1126	consensus	8	110M13D
865	1127	CGC	7	102M2D8M3D
4052	1128	consensus	9	110M9D
4053	1129	consensus	4	78M1D32M
4054	1130	TATAAATAAA	4	110M15D
4055	1131	consensus	6	110M
4056	1132	T	24	6D109M10D1M
4057	1133	C	5	110M
2092	1134	consensus	12	110M
4058	1135	G	17	110M
4059	1136	G	4	110M1D
4060	1137	consensus	4	110M
1481	1138	CTGCCGCCCT	6	110M
4061	1139	T	8	20D110M3D
4062	1140	AT	5	110M
4063	1141	CGG	5	110M
4064	1142	consensus	4	3D110M4D
1392	1143	AA	7	110M
44	1144	AGGCG	18	19D118M5D
549	1145	consensus	6	110M
4065	1146	consensus	4	110M10D
4066	1147	T	13	110M
2437	1148	AG	9	110M
4067	1149	consensus	5	110M
1575	1150	AG	8	110M
1004	1151	TA	11	110M
278	1152	consensus	5	12D110M7D
3395	1153	T	9	110M
1121	1154	consensus	18	1D120M20D
1702	1155	consensus	4	110M
4068	1156	consensus	7	5D110M13D
4069	1157	C	9	110M
4070	1158	consensus	13	3D110M
4071	1159	TATTGG	18	108M1D2M2D
4072	1160	consensus	14	110M1D
4073	1161	consensus	10	110M
4074	1162	T	4	1M3D109M5D
330	1163	G	17	110M
4075	1164	consensus	8	110M7D
64635	1166	A	8	110M
4076	1167	T	10	3M1D90M1D17M1D
4077	1168	T	10	4D110M10D
4078	1169	CTG	5	12D110M11D
4079	1170	TGG	5	110M
4080	1171	GT	8	110M3D
960	1172	ATT	6	110M
4081	1173	consensus	5	110M
4082	1174	consensus	6	110M
1822	1175	TTCA	8	97M4D13M
2580	1176	T	15	110M
4083	1177	consensus	7	8D110M7D
954	1178	consensus	22	11D110M10D
4084	1179	consensus	14	1M6D109M3D
4085	1180	consensus	7	110M
4086	1181	consensus	4	110M
1894	1182	G	3	110M
1894	1182	T	7	110M
4087	1183	consensus	9	110M3D
4088	1184	consensus	8	6D116M
4089	1185	A	4	110M12D
4090	1186	AA	5	2M1D108M6D
4091	1187	consensus	8	110M
4092	1188	consensus	8	110M1D
1142	1189	TC	4	110M
4093	1190	consensus	5	7D110M
73851	1191	consensus	13	110M
4094	1192	G	4	1M8D109M3D
4095	1193	consensus	4	110M
876	1194	AT	9	110M1D
4096	1195	consensus	5	1M4D109M14D
4097	1196	T	8	110M
39	1197	GC	9	1M4D117M14D
4098	1198	consensus	14	1M4D109M4D
1739	1199	GGGC	17	110M
608	1200	consensus	4	110M
4099	1201	CCT	7	105M2D5M
4100	1202	consensus	6	110M
4101	1203	consensus	8	110M
4102	1204	consensus	7	4M15D106M3D
1634	1205	consensus	8	110M
40241	1206	AA	6	111M
4103	1207	consensus	6	110M
4104	1208	AG	4	110M11D
51288	1209	consensus	19	4D109M5D1M
4105	1210	A	4	110M
4106	1211	consensus	10	110M
2182	1212	consensus	5	110M1D
4107	1213	consensus	15	110M
4108	1214	TTT	10	110M
4109	1215	ATCC	8	110M1D
169	1216	A	6	110M
2385	1217	GT	8	110M
2964	1218	consensus	5	110M1D
4110	1219	A	5	1M15D109M
4111	1220	consensus	6	110M
1443	1221	TC	4	110M
12245	1222	consensus	10	110M
4112	1223	GC	6	110M
4113	1224	consensus	5	1M17D109M
4114	1225	C	11	110M
792	1226	AA	7	110M
4115	1227	A	14	112M5D
2236	1228	consensus	5	110M
4116	1229	G	7	110M
4117	1230	G	13	108M1D2M6D
76832	1231	consensus	16	110M
42132	1232	TT	6	110M
4120	1233	consensus	4	110M
2436	1234	consensus	15	6D113M20D
4121	1235	TA	8	110M
4122	1236	consensus	6	110M16D
4123	1237	consensus	6	110M
358	1238	TA	8	110M
2790	1239	consensus	12	110M
4124	1240	C	4	110M
43	1241	AA	9	14D118M5D
4125	1242	consensus	15	110M2D
4126	1243	consensus	4	110M
2406	1244	GT	5	110M1D
4127	1245	T	14	107M1D3M
4128	1246	consensus	9	110M
4129	1247	G	4	110M
34850	1248	consensus	10	1D121M8D1M
3111	1249	GT	8	110M
4130	1250	consensus	15	110M
4131	1251	consensus	12	1D110M
4132	1252	consensus	4	110M
3263	1253	G	30	110M
4133	1254	consensus	5	2D110M3D
1949	1255	consensus	6	4M5D106M15D
4134	1256	AC	5	110M
4135	1257	consensus	9	111M
4136	1258	consensus	9	4D110M
4137	1260	consensus	4	110M1D
814	1261	T	9	67M1D43M2D
47970	1262	TCACGGT	9	110M
966	1264	consensus	13	110M
4139	1265	consensus	4	110M
1270	1266	consensus	10	1M2D114M6D
3315	1267	consensus	17	110M
4140	1268	C	5	110M
772	1269	consensus	12	110M
1736	1270	GGAGGTGGCCTACA	14	110M
4141	1271	consensus	5	17D110M4D
4142	1272	consensus	5	110M
4143	1273	consensus	4	110M1D
4144	1274	consensus	4	110M
266	1275	TACC	10	1M15D112M10D
4145	1276	consensus	6	110M
363	1277	consensus	5	1M9D109M17D
857	1278	AA	14	7D113M12D
4146	1279	consensus	12	110M
4147	1280	C	4	11D110M16D
4147	1280	T	4	11D110M16D
1761	1281	consensus	8	110M
718	1282	consensus	6	110M1D
982	1283	ATA	6	110M
56264	1284	consensus	9	110M1D
4148	1285	consensus	10	110M1D
4149	1286	A	15	110M
4150	1287	consensus	13	110M
4151	1288	consensus	11	110M
3360	1289	consensus	5	18D110M4D
537	1290	AAA	8	110M
1930	1291	ACG	8	110M
4152	1292	A	5	3D110M3D
4153	1293	consensus	8	110M
753	1294	A	8	110M9D
4154	1295	consensus	9	110M
4155	1296	GTTA	17	110M
4156	1297	consensus	10	1M8D109M
2975	1298	AAGTA	11	105M2D5M
941	1299	A	4	110M
4157	1300	consensus	13	110M
4158	1301	consensus	26	110M
4159	1302	G	10	1M9D109M7D
4160	1303	consensus	6	110M1D
4161	1304	consensus	19	110M6D
4162	1305	GTT	17	110M
4163	1306	T	7	110M1D
4164	1307	consensus	8	110M8D
4165	1308	consensus	4	110M10D
312	1309	ACG	4	19D110M7D
2839	1310	A	8	110M
51229	1311	consensus	12	110M
4166	1312	consensus	6	11D110M
4167	1313	consensus	12	110M
4168	1314	GGT	4	110M
4169	1315	consensus	11	110M
1441	1316	GAGCTCGTGA	6	100M1D10M
4170	1317	AC	8	112M
4170	1317	GC	4	112M
790	1318	CG	11	110M
4171	1319	consensus	5	110M
4172	1322	consensus	7	5D110M
4173	1323	consensus	13	110M
4174	1324	consensus	5	3D119M10D
4175	1325	consensus	8	1M6D29M1D80M4D
2	1326	A	8	14D123M4D
4176	1327	A	5	110M
60167	1328	consensus	15	1D115M3D
4177	1329	consensus	8	110M
4178	1330	consensus	12	4D110M12D
1359	1331	consensus	4	110M
4179	1332	T	10	3M15D107M3D
4180	1333	T	8	110M1D
4181	1334	GT	6	110M
677	1335	GA	4	110M1D
4182	1336	consensus	4	110M
4183	1337	consensus	9	110M
4184	1338	AC	5	14M2D96M17D
564	1339	GAA	8	110M
1157	1340	GT	9	110M
4185	1341	C	13	113M
60169	1342	consensus	19	120M2D
3185	1343	consensus	10	110M
3132	1344	C	5	110M1D
41272	1345	consensus	6	110M
4186	1346	consensus	7	110M
162	1347	consensus	6	110M
4187	1348	consensus	17	110M
4188	1349	consensus	7	110M
4189	1350	consensus	11	1M7D109M
4190	1351	consensus	17	110M
732	1352	GTAG	7	110M
233	1353	CT	9	110M
2381	1354	AAACA	5	110M
4191	1355	CTG	6	110M
1642	1356	T	20	110M
4192	1357	CT	8	84M1D26M1D
59896	1358	T	22	110M
1901	1359	consensus	17	37M1D73M
4193	1360	consensus	4	110M11D
2081	1361	consensus	8	2M3D108M8D
4194	1362	consensus	4	110M
4195	1363	GT	10	14D110M
4196	1364	consensus	8	110M
4197	1365	consensus	25	110M
4198	1366	consensus	7	110M
2735	1367	consensus	11	110M4D
4199	1368	consensus	5	110M10D
4200	1369	consensus	10	110M
4201	1370	consensus	8	2D110M
4202	1371	C	4	110M
4203	1372	consensus	10	110M
4204	1373	consensus	9	110M
4205	1374	consensus	6	57M3D53M
4206	1376	consensus	7	118M
4207	1377	consensus	4	110M
4208	1378	CA	4	110M
4209	1379	consensus	10	110M
4210	1380	consensus	4	110M
4211	1381	T	5	110M
4212	1382	consensus	4	7D110M
4213	1383	consensus	4	110M7D
4214	1384	consensus	6	1M3D109M16D
2097	1385	CA	5	110M
72891	1386	consensus	5	110M
4216	1387	consensus	7	110M
4217	1388	C	8	110M2D
987	1389	consensus	29	110M
4218	1391	C	4	110M
1411	1392	consensus	4	110M
4219	1393	TTC	5	110M
4220	1394	consensus	4	13D110M
1848	1395	consensus	5	61M9D49M
2427	1397	T	6	110M1D
2595	1398	CGAA	7	110M
4222	1399	consensus	5	5D110M6D
2302	1400	AA	10	110M2D
3210	1401	CT	20	110M
4223	1402	consensus	8	110M
2107	1403	consensus	12	110M
4224	1404	consensus	17	110M
54397	1405	CCCCGC	7	110M
4225	1406	consensus	15	110M
4226	1407	consensus	5	110M
1804	1408	T	6	110M
1513	1409	CAA	4	110M
4227	1410	TGTACCAA	15	110M
4228	1411	consensus	8	110M
1511	1412	G	10	110M
# sstacks completed on 2026-03-06 12:14:55
