# sstacks version 2.68; generated on 2026-03-06 12:14:57
50	2	TGTCNN	10	1M6D117M14D
749	5	AGC	31	1M3D121M10D
34558	7	consensus	24	1D113M1D
686	9	CT	23	1M7D114M14D
1874	10	consensus	15	114M2D
4234	11	consensus	14	4M4D110M9D
18764	12	consensus	12	114M4D
1267	14	A	10	1M17D113M7D
1770	15	consensus	12	1M14D119M5D
18765	16	G	17	111M
18766	17	G	20	8D112M
68766	19	consensus	25	113M2D
14	20	CGCA	12	2D111M18D
18	21	consensus	14	9D124M16D
2299	22	AT	19	18D121M1D
13671	23	TAAGA	21	2M12D123M13D
5082	24	AT	34	1M12D116M6D
724	25	GTG	33	25D122M3D
4030	27	AAGTCCCTGCAG	22	44M1D68M1D
4030	27	AATTCCCTTCAG	22	44M1D68M1D
4030	27	AGGTCCCTGCAG	22	44M1D68M1D
3400	30	CTTTG	14	112M
17424	31	G	20	113M
431	32	consensus	10	18D120M
4627	34	consensus	16	2M9D109M8D
18767	35	consensus	18	111M17D
408	36	CGT	16	110M
1839	37	consensus	11	110M
7250	38	consensus	14	110M
5634	39	G	9	110M
8919	40	consensus	11	110M
18768	41	consensus	7	110M
18769	42	consensus	13	10D110M1D
5856	43	A	4	110M
7909	44	GC	9	110M1D
4838	45	TC	4	110M
18770	46	A	9	1M3D109M4D
3543	47	ACG	10	110M1D
18771	48	GT	8	110M
3580	49	GC	6	110M
10337	50	consensus	9	16D110M6D
4155	51	GTGT	29	110M
18772	52	consensus	11	110M
7648	53	CT	9	110M
7648	53	TC	9	110M
18773	54	consensus	6	110M
655	55	GC	16	110M
1246	56	T	6	110M
2626	57	TC	19	110M1D
18774	58	consensus	10	110M
3864	59	consensus	16	110M
18775	60	consensus	29	110M
1193	61	TAC	10	94M1D16M1D
3381	62	TTT	6	110M
18776	63	consensus	16	110M
18777	64	consensus	8	110M8D
18778	65	T	28	110M
13646	66	CGTGT	28	110M
18779	67	consensus	6	110M
1536	68	TGAC	4	110M
5299	69	A	8	110M
4209	70	consensus	6	110M
1114	71	A	15	110M1D
3139	72	CA	23	110M
14733	73	consensus	5	6D110M6D
21	74	GTCT	37	25D117M1D
520	75	consensus	19	110M
18780	76	consensus	13	110M
699	77	consensus	19	110M
1311	78	AAA	17	110M1D
4769	79	CAG	12	110M
3332	80	CC	13	101M1D9M
18781	81	CA	13	110M
910	82	G	6	110M
18782	83	consensus	19	110M
4315	84	G	14	110M
3005	85	GACT	19	47M1D63M
18783	86	consensus	14	6D110M3D
2021	87	consensus	35	110M
10421	88	consensus	13	17D109M3D1M
637	89	consensus	32	110M
3702	90	A	14	110M
18784	91	consensus	5	110M
18785	92	consensus	9	110M
3860	93	consensus	12	7M1D103M
1030	94	A	10	110M
3867	95	consensus	12	110M
18786	96	consensus	10	110M
13907	97	consensus	21	7D110M11D
5980	98	consensus	10	110M
9172	99	G	11	110M1D
9172	99	T	8	110M1D
670	100	C	14	110M1D
18787	101	consensus	5	110M
5257	102	consensus	11	9D110M
266	103	TACC	34	1M14D116M7D
1057	104	CACG	4	110M
1961	105	consensus	5	110M
18788	106	AG	16	110M
1613	107	GCCAGTTAA	8	110M3D
7534	108	CT	24	110M1D
3010	109	consensus	7	110M
18789	110	consensus	9	2D110M5D
5043	111	C	4	110M
9081	112	C	6	110M10D
5457	113	consensus	6	110M
8	114	G	19	62M1D49M
18790	115	TA	5	2M4D115M1D
1714	116	CGGT	15	110M
1006	117	AT	24	110M
295	118	T	30	110M
18791	119	consensus	9	110M
6726	120	C	6	110M6D
18792	121	consensus	26	110M
3947	122	consensus	5	110M
18644	123	C	7	110M
3232	124	AA	5	110M
509	125	TCTGAT	6	110M
618	126	consensus	8	102M2D7M1D1M
18793	127	consensus	6	110M6D
193	128	TT	14	110M
6996	129	consensus	9	110M15D
18794	130	consensus	7	110M
2687	131	consensus	18	110M
4109	132	ATCC	8	110M1D
18795	133	consensus	9	110M
5632	134	C	12	110M
18796	135	consensus	13	110M
9063	137	consensus	16	110M
12009	138	consensus	9	110M
80942	139	consensus	8	110M2D
593	141	CC	14	110M
18797	142	consensus	17	110M
592	143	G	7	110M1D
3774	145	AGCAT	13	110M
11356	146	consensus	13	1M5D109M11D
4690	147	T	7	110M
5638	148	C	14	110M
2495	149	consensus	24	110M
7724	150	A	21	110M18D
7805	151	AGC	14	110M2D
1299	152	consensus	11	110M2D
18798	153	consensus	6	110M
2970	154	G	7	110M
7116	155	A	8	4D110M4D
66	156	GGACAC	19	73M1D37M
18799	157	consensus	8	18D110M
1238	158	T	11	18M1D92M2D
2534	159	AC	16	21M1D89M
155	160	consensus	10	110M1D
18800	162	consensus	12	1M7D109M
18801	163	consensus	9	110M
9767	164	ATA	15	56M2D54M4D
4280	165	T	9	110M
1727	166	consensus	5	110M
1666	167	AT	50	105M3D5M
825	168	TA	22	110M
16334	169	consensus	5	13D110M7D
18802	170	consensus	11	7D110M
3526	171	TCGA	26	110M
3618	172	AGCG	10	110M
18803	173	consensus	6	110M
18804	174	consensus	5	110M12D
976	175	consensus	6	110M
7538	176	A	27	110M1D
3994	177	G	8	110M
8559	178	consensus	14	1M8D109M7D
18805	179	consensus	4	110M
11991	180	consensus	14	110M11D
1479	181	G	12	110M
18806	182	consensus	5	110M
18807	183	consensus	20	110M
7004	184	consensus	10	110M
18808	185	consensus	13	1M5D109M4D
3536	186	consensus	30	110M
18809	187	A	7	9D110M
18810	188	consensus	10	9D107M2D3M
1533	189	G	5	110M
7176	190	consensus	8	110M
225	191	TT	18	110M
17835	192	T	6	3M1D107M
18811	193	consensus	4	110M
18812	194	consensus	10	110M
2986	195	consensus	9	110M
18813	196	consensus	8	110M
9087	197	T	10	2M14D108M
2400	198	GTGA	22	110M
1834	199	CAT	8	6D97M4D13M9D
4877	200	A	25	110M
2016	201	AAAAGGT	6	15D110M11D
4635	202	A	7	31M1D79M
2889	203	consensus	4	110M
3975	204	TGT	17	110M1D
18814	205	consensus	6	110M
13564	206	A	21	110M10D
18815	207	consensus	6	110M12D
1439	208	AA	8	110M
2339	209	consensus	18	110M
4405	210	G	13	110M1D
1364	211	consensus	7	110M
4644	212	G	7	110M
52568	213	consensus	22	40M1D70M
2409	214	A	17	106M1D4M1D
16929	215	T	7	10D110M5D
18816	216	consensus	4	5D110M
3912	217	GACT	20	110M
1132	218	GGC	18	1D118M15D
18817	219	consensus	23	1M6D109M
18818	220	consensus	10	111M
5269	221	C	4	1M11D109M
18819	222	ACATGA	13	110M
1943	223	T	5	110M
15811	224	consensus	9	14D110M
2870	225	consensus	14	110M
18820	226	consensus	13	110M
3339	227	consensus	26	110M1D
18821	228	consensus	8	110M3D
7126	229	consensus	16	110M
998	230	CC	4	110M
1180	231	GG	22	110M
861	232	G	14	110M
657	233	CCGCAGTGCT	27	10M4D100M
18822	234	consensus	16	110M
3211	235	consensus	17	110M
18823	236	consensus	9	110M3D
18824	237	consensus	8	110M
18825	238	consensus	4	110M
1691	239	G	8	110M
5340	240	CC	9	110M
18826	241	CA	15	2M3D108M13D
18827	242	consensus	9	110M
1118	243	A	12	110M
18828	244	consensus	11	110M
18829	245	consensus	28	110M
8633	246	TCC	5	1D110M17D
18830	247	consensus	5	110M
54397	248	CCCCGC	8	110M
54397	248	CTCCGT	9	110M
7319	249	consensus	9	110M
2788	250	C	9	110M
18831	251	consensus	17	3D110M8D
712	252	G	6	110M
2653	253	AAC	10	19D110M
9684	254	consensus	18	9D110M
18832	255	consensus	9	110M
7373	256	consensus	34	9D108M1D2M
15686	257	G	9	110M
3132	258	C	28	110M1D
18833	259	consensus	11	110M
4692	260	GTTACCCT	26	110M2D
18834	261	consensus	9	110M
18835	262	consensus	13	110M
18836	263	consensus	7	110M12D
1924	264	AG	12	110M1D
1925	265	consensus	20	110M
5174	266	consensus	9	110M
18837	267	consensus	10	110M
4719	268	A	12	110M
8063	269	consensus	4	1D110M6D
18838	270	consensus	14	4D110M13D
18839	271	consensus	6	110M
4727	272	consensus	16	2M8D108M
18840	273	T	9	1M7D109M
3441	274	TATT	9	110M
18841	275	consensus	10	10D110M
7239	276	consensus	10	110M
18842	277	consensus	19	110M11D
18843	278	C	9	9D110M
1258	279	G	27	110M
2952	280	G	16	110M1D
7594	281	A	10	1M14D109M12D
455	282	consensus	7	110M1D
2805	283	G	20	110M10D
638	284	GT	14	110M1D
9274	285	A	14	110M
5708	286	consensus	22	1M13D109M8D
18844	287	consensus	7	110M
4860	288	consensus	7	110M
9049	289	A	13	110M
3371	290	G	8	110M
5163	291	consensus	11	110M1D
18845	292	consensus	9	110M
4481	293	TT	5	110M
18846	294	CC	18	110M1D
18847	295	consensus	8	110M
2288	296	AC	10	18M1D92M1D
18848	297	consensus	15	110M
4364	298	T	9	31M2D79M
1518	299	consensus	26	110M
18849	300	consensus	9	110M15D
18850	301	consensus	11	110M
5293	302	G	11	3M14D107M8D
48530	303	consensus	8	111M
10037	304	consensus	5	110M11D
18852	305	consensus	6	110M7D
7543	306	consensus	13	110M3D
18853	307	C	8	9D110M13D
18854	308	GCT	14	8M1D102M
15135	309	consensus	9	110M17D
1047	310	consensus	31	110M
381	311	TTACT	7	110M
7352	312	consensus	17	3D110M6D
18855	313	consensus	16	1D110M
18856	314	consensus	11	3M10D107M
1763	315	G	18	110M
1476	316	GATG	7	110M
1476	316	TATG	20	110M
622	317	consensus	11	110M
18857	318	consensus	23	110M
3990	319	consensus	7	110M
1365	320	T	14	110M1D
18858	321	TCTT	7	14D110M
3545	322	C	16	50M1D60M
18859	323	consensus	8	110M
90	324	G	13	110M1D
3851	325	C	21	1D110M
2323	326	consensus	5	110M
18860	327	consensus	32	110M
14167	328	consensus	6	110M
5330	329	GAG	15	110M
898	330	CTAAT	18	110M1D
898	330	CTTAT	18	110M1D
3927	332	consensus	20	110M
15718	333	consensus	14	12D110M6D
8884	334	consensus	11	9D110M3D
18861	335	consensus	10	110M
2310	336	GCAA	5	110M1D
4289	337	TTAGCA	23	110M3D
4906	338	A	8	110M
3138	339	GG	13	110M1D
8548	340	CGG	7	110M
18862	341	consensus	4	110M
15626	342	consensus	15	16D109M1D1M
17008	343	consensus	28	110M
1354	344	consensus	6	110M
18864	346	consensus	9	110M
695	347	consensus	14	1M6D109M
18865	348	consensus	4	110M8D
18866	349	consensus	10	5D110M9D
7476	350	consensus	15	2D66M3D44M
18867	351	consensus	4	4D110M13D
77714	352	consensus	5	110M
5275	353	CC	8	8D110M5D
18868	354	consensus	4	110M
10607	355	G	4	110M4D
18869	356	consensus	14	110M
312	357	ACC	12	2M12D108M14D
18870	358	consensus	6	4M8D106M
13422	359	consensus	13	4D110M
3780	360	T	45	110M
3686	361	AG	19	110M
18871	362	consensus	10	110M15D
18872	363	A	8	16D110M
1774	364	GG	38	110M
18873	365	consensus	8	110M6D
12554	366	AT	14	110M
18874	367	consensus	10	110M
417	368	CACGTGT	24	110M
7236	369	TAG	6	110M
4615	370	consensus	15	7D110M
14060	371	consensus	10	110M11D
18875	372	TCA	6	7D110M
18876	373	consensus	7	110M
18877	374	consensus	12	110M
18878	375	A	5	4D110M7D
3630	376	GT	4	110M19D
1908	377	consensus	9	110M1D
3615	378	consensus	10	21D110M
1822	379	GCCG	7	110M4D
1869	380	GT	5	110M1D
1461	381	ATA	9	110M1D
4035	382	consensus	22	110M
18879	383	consensus	4	110M
1979	384	AG	6	110M1D
18880	385	consensus	19	110M
18881	386	consensus	31	110M
18882	387	consensus	12	110M11D
18883	388	consensus	11	12D110M
15733	389	CC	7	110M
1715	390	AG	12	110M1D
18884	391	A	23	2M3D108M
18885	393	consensus	17	110M
3480	394	consensus	15	3D110M19D
18886	395	C	7	2M5D108M10D
18887	396	consensus	5	110M
4211	397	T	16	110M
1412	398	GG	13	110M1D
5552	399	AT	5	110M
2399	400	A	34	110M1D
7562	401	A	4	1D110M21D
4149	402	A	6	110M
14082	403	GAGCAGAAACG	10	110M
4966	404	CG	9	110M
18888	405	A	9	1D110M9D
18889	407	consensus	8	10D110M9D
2300	408	C	5	26M8D84M4D
18890	409	consensus	11	110M
18891	410	consensus	4	110M
8030	411	TG	9	110M
16476	412	consensus	10	1D110M10D
3107	413	consensus	13	110M
12390	414	GC	14	110M
18892	415	CCCG	10	110M5D
18893	416	consensus	7	110M
1110	417	GC	17	13D110M3D
3606	418	CT	8	110M
10404	419	CC	14	11D110M8D
8351	420	AAC	9	110M
878	421	GTTTT	6	110M
18894	422	consensus	4	110M1D
308	423	ACCTA	19	110M
18895	424	consensus	7	1M3D109M8D
4187	425	consensus	5	110M
18896	426	C	5	110M8D
18897	427	C	5	1M1D109M
7393	428	consensus	11	1M12D109M
1012	429	consensus	9	110M
20831	430	consensus	49	110M1D
18898	431	consensus	7	110M
5029	432	A	23	110M
1087	433	G	11	110M
18899	434	consensus	15	110M
18900	435	consensus	32	110M
1668	436	GCGCG	18	110M10D
8617	437	consensus	30	14D110M3D
476	438	consensus	26	110M
18901	439	consensus	19	2D110M
18902	440	consensus	26	2D109M1D1M
72862	441	CCTCGT	18	110M
1560	442	GG	4	110M17D
18903	443	consensus	8	110M
2150	444	T	5	110M1D
1294	445	G	8	110M
11835	446	consensus	5	110M
8707	447	A	7	110M
18904	448	GTCTCG	28	9M3D101M
18905	449	consensus	16	7D110M
5746	450	T	16	110M
18906	451	consensus	7	12D110M6D
1312	452	A	13	110M
18907	453	C	14	1M2D7M1D102M
4200	454	consensus	4	110M
10592	455	GA	8	4D109M5D1M
18908	456	consensus	9	3D110M
5734	457	G	8	110M1D
1756	458	GC	5	110M
1005	459	consensus	7	110M
59555	460	consensus	5	110M1D
620	461	GCAAT	5	110M1D
2476	462	T	12	110M1D
18909	463	T	16	1D109M3D1M
1285	464	consensus	5	110M1D
18910	465	consensus	5	110M
1265	466	consensus	33	110M
18911	467	consensus	12	110M
7502	468	consensus	4	4D110M8D
4180	469	G	16	110M1D
18912	470	consensus	10	2D110M
18913	471	consensus	14	110M
18914	472	consensus	25	110M
14022	473	consensus	4	110M
18915	474	consensus	26	6D110M
2345	475	A	18	110M
5484	476	consensus	6	110M
29657	477	consensus	10	11D110M15D
18916	478	consensus	15	110M13D
5175	479	consensus	7	110M
3413	480	CT	4	25M6D85M
1494	481	GC	11	110M
2792	482	GCAGG	12	110M
18917	483	consensus	20	110M
18918	484	consensus	9	4D110M1D
470	485	AA	13	4M1D106M21D
4736	486	consensus	7	110M
18920	488	consensus	8	110M
7434	489	G	8	96M1D14M
254	490	CT	5	110M
47970	491	ACGTAAC	11	110M
10680	492	A	7	4D110M14D
2265	493	consensus	10	54M1D56M1D
1899	494	consensus	7	8D110M
745	495	consensus	17	71M1D39M
3395	496	T	32	110M
18921	497	consensus	6	110M
13016	498	TG	6	6M1D104M
7328	499	T	6	110M1D
495	500	consensus	27	110M
12339	501	consensus	21	1M6D109M1D
18922	502	consensus	42	110M
18923	503	consensus	29	110M
14854	504	consensus	15	110M
8531	505	ACAG	5	44M2D66M
18924	506	A	10	122M1D
18925	507	consensus	17	110M
1930	509	ACG	16	110M
18927	511	consensus	5	110M
18928	512	consensus	13	110M10D
966	513	consensus	6	110M
14470	514	consensus	5	5D110M
18929	515	consensus	21	110M
2919	516	TCC	25	110M3D
55380	517	consensus	24	110M
3016	518	A	8	110M
1993	519	G	12	110M
18930	520	consensus	4	12D109M1D1M
18931	521	consensus	16	110M
84	522	C	6	110M6D
5529	523	A	4	1M11D109M
27454	524	T	7	110M
216	525	TCT	6	110M
18932	526	consensus	6	110M2D
5148	527	AA	44	110M
18633	528	consensus	10	2D110M8D
7138	529	GG	27	110M
18933	530	consensus	12	110M
15803	531	G	16	5D110M8D
49724	532	consensus	6	110M
1382	533	consensus	17	110M
1197	534	G	6	5M1D105M
9600	535	G	4	110M
2717	536	A	9	110M
4226	537	consensus	5	110M
18934	538	consensus	9	110M
18935	539	consensus	7	110M
18936	540	consensus	9	96M1D14M
18937	541	consensus	21	8D110M13D
18938	542	consensus	28	110M
18939	543	consensus	16	6D110M10D
18940	544	consensus	7	110M9D
148	545	consensus	12	110M
18941	546	consensus	9	65M2D45M
18942	547	G	6	110M
18943	548	consensus	6	110M
18944	549	consensus	13	110M
18945	550	A	5	110M8D
1318	551	TT	14	110M
91	552	C	8	110M
7562	553	A	8	18D110M4D
2649	554	consensus	5	4M7D80M5D26M4D
3535	555	consensus	14	110M
8330	556	GC	4	110M
284	557	GACA	7	44M1D66M1D
18946	558	consensus	5	110M
60959	559	consensus	40	110M
3570	560	consensus	11	17D110M
18947	561	C	12	1M7D109M6D
18948	562	ACG	12	110M
1879	563	CC	7	110M
18949	564	consensus	5	110M
18950	565	consensus	6	110M17D
726	566	consensus	12	3M2D107M7D
2721	567	CT	7	110M
106	568	TTGTAATATGTAGAC	25	110M1D
18951	569	consensus	8	110M
5606	570	T	6	110M1D
18952	571	consensus	6	110M
7228	572	consensus	5	110M
18953	573	consensus	5	110M
1106	574	AA	7	110M1D
18954	575	consensus	11	110M
3496	576	GGTC	13	110M
4935	577	consensus	9	2M9D108M
3964	578	TG	23	110M
18955	579	consensus	9	115M
2465	580	consensus	10	110M
18956	581	AG	11	3M2D107M
18957	582	consensus	21	110M
2168	583	A	6	19D110M
18958	584	consensus	5	110M5D
1220	585	consensus	18	110M
3682	586	GACC	7	110M
18959	587	consensus	14	110M
18960	588	consensus	9	110M
2714	589	consensus	4	110M
15301	590	A	4	10D110M15D
18961	591	consensus	14	5D110M6D
18962	592	consensus	12	10D110M
3397	593	A	14	110M
2143	594	T	14	110M
18963	595	consensus	4	110M6D
18964	596	consensus	6	110M
2307	597	consensus	12	110M
18965	598	consensus	11	13D110M2D
18966	599	consensus	6	110M
6957	600	CC	12	110M
752	601	AA	11	110M
1127	602	ACAC	11	110M
7130	603	G	9	110M
18967	604	A	19	1M16D109M
7203	605	consensus	21	110M
18968	606	consensus	8	110M
18969	607	consensus	12	110M
18970	608	TG	4	4M1D106M
18971	609	consensus	16	110M
3149	610	consensus	17	5M9D105M
361	611	CTC	32	110M2D
10609	612	consensus	9	110M
8023	613	GCCTGG	11	42M1D20M11D48M
3589	614	consensus	17	110M
13351	615	G	8	110M
40241	616	AA	4	110M1D
18972	617	A	15	3D110M
10326	618	consensus	21	110M7D
18973	619	consensus	10	1M4D109M
358	620	TA	15	110M
18974	621	consensus	9	110M
11219	622	T	5	110M
18975	623	consensus	4	110M
18976	624	TT	4	110M3D
17823	625	ATC	6	110M1D
18977	626	consensus	17	110M
1628	627	AC	19	110M
512	628	consensus	6	90M8D20M
766	629	consensus	7	110M
953	630	CT	12	4D110M18D
18978	631	consensus	16	110M
3548	632	A	8	110M13D
10208	633	consensus	5	24D110M
8223	634	consensus	4	110M
51229	635	consensus	29	110M
18979	636	consensus	21	110M
18980	637	consensus	11	110M
1467	638	consensus	18	110M1D
8653	639	consensus	4	1M11D109M3D
4505	640	AC	9	43M6D29M2D38M2D
7077	641	C	5	110M
4105	642	A	33	110M
18981	643	G	8	110M5D
2659	644	GGGC	12	42M1D12M1D56M1D
18982	645	consensus	9	9D110M
18983	646	consensus	7	110M
16	647	A	10	1M9D109M5D
18984	648	A	21	110M
7368	649	consensus	25	110M
790	650	CG	12	110M
335	651	T	19	110M1D
3880	652	A	20	110M
11925	653	consensus	13	110M
746	654	T	4	110M
18985	655	consensus	6	11D110M
2079	656	consensus	11	110M
7681	657	consensus	15	50M2D60M
14276	658	G	10	110M
18986	659	consensus	7	1D110M13D
18987	660	consensus	9	110M
18988	661	consensus	8	110M
13022	662	A	16	110M
4053	663	consensus	5	110M1D
3203	664	consensus	21	110M
18989	665	consensus	11	110M
1381	666	TGAATATT	5	110M
13414	667	A	9	110M6D
18990	668	A	9	1M11D109M1D
7633	669	consensus	14	10D110M5D
8405	670	consensus	6	1M6D109M
2067	671	ATTA	7	110M
18991	672	consensus	16	3D110M
18992	673	consensus	15	119M
18993	674	consensus	5	110M
15795	675	consensus	20	110M
18994	676	consensus	17	3D110M5D
18995	678	consensus	9	110M
18996	679	consensus	5	110M
18997	680	consensus	9	110M
3463	681	consensus	9	110M1D
11187	682	consensus	5	2D110M10D
845	683	T	9	110M
6793	684	GACT	4	110M
8608	685	CA	8	110M
18998	687	consensus	9	110M8D
18999	688	consensus	14	110M
768	689	consensus	6	1M3D109M2D
19000	690	consensus	11	110M
19001	691	consensus	21	110M
1661	692	T	19	110M
556	693	TGTCT	4	110M
19002	694	consensus	11	1M4D109M
3976	695	consensus	14	110M1D
15116	696	CT	8	110M5D
19003	697	consensus	4	110M3D
19004	716	consensus	65	110M
19005	717	C	7	110M
289	718	CGCT	4	110M
19006	719	consensus	4	110M
9501	720	ACC	6	110M20D
55	721	TTCTG	4	1M10D109M10D
9308	722	AC	15	110M
823	723	C	7	105M1D5M1D
19007	724	consensus	4	110M
13933	725	T	5	110M
19008	726	consensus	7	7D110M
19009	727	consensus	4	110M
7792	728	A	4	2D110M19D
1358	729	AGCC	5	110M
4310	730	consensus	6	8D110M1D
550	731	consensus	7	96M1D14M
19010	732	TCATCCATTC	4	19M1D91M6D
3389	733	TCGG	8	74M2D38M10D
19011	734	consensus	8	3D109M9D1M
165	735	CTC	5	36M1D74M
19012	736	consensus	4	110M
19013	737	C	4	110M
19013	737	T	6	110M
19014	738	consensus	7	110M
7068	739	consensus	5	110M
9159	740	consensus	18	110M2D
19015	741	consensus	4	110M
7484	742	consensus	4	110M10D
3809	744	G	8	110M21D
2673	745	GT	8	110M
1035	746	CCAT	6	110M
18294	747	GG	9	110M
5394	748	consensus	5	110M
4334	749	A	6	110M
4408	750	AAT	5	110M
19016	751	consensus	5	110M
2012	752	TC	5	110M1D
14314	753	consensus	10	110M15D
19017	754	consensus	5	110M
604	755	consensus	5	110M
4257	756	C	4	8D110M5D
19018	757	consensus	5	110M
19019	758	consensus	5	110M
1491	759	GT	4	110M
828	760	consensus	9	110M
19020	761	consensus	5	110M
1096	762	G	15	110M
19021	763	consensus	9	110M
19022	764	consensus	5	1M12D109M
960	765	ATT	4	110M
19023	766	consensus	9	110M9D
7357	767	GCAGGTATC	4	110M
1678	768	CAC	10	110M1D
3045	769	T	12	110M
19024	770	AT	10	110M8D
935	771	A	14	110M
1881	772	AAACTGCAC	9	103M2D7M3D
1881	772	ATACTGCTC	9	103M2D7M3D
19025	773	consensus	5	110M
19026	774	consensus	9	110M
9886	775	T	5	110M
19027	776	consensus	4	110M
3258	777	TAA	5	110M1D
19028	778	consensus	5	110M
19029	779	consensus	5	110M
19030	780	T	4	4D110M14D
19031	781	consensus	6	110M
582	782	consensus	8	87M1D23M
5375	783	consensus	5	110M
5031	784	C	11	2D110M16D
19032	785	consensus	9	110M
7445	786	A	16	6D110M
7666	787	consensus	6	1D110M4D
1552	788	C	8	110M
7405	789	CCG	24	47M4D63M2D
1129	790	AC	12	50M1D60M
19033	791	A	4	1D110M
154	792	A	4	59M8D51M
3448	793	consensus	5	1M18D109M
19034	794	consensus	5	110M
4544	795	consensus	6	110M
17559	796	consensus	7	3D110M
19035	797	consensus	6	110M
19036	798	consensus	5	110M
3448	799	consensus	9	110M18D
19037	800	consensus	8	110M
778	801	consensus	6	110M
19038	802	consensus	8	110M
19039	803	consensus	6	110M
2305	804	AAG	13	110M
4894	805	G	11	110M
2663	806	G	6	14D117M11D
3635	807	consensus	32	110M
19040	808	consensus	13	110M
19041	809	consensus	11	110M
138	810	consensus	8	110M1D
137	811	consensus	10	59M4D51M1D
2281	812	CCA	13	4D110M7D
2019	813	GA	15	110M
14743	814	C	4	8D110M8D
1671	815	consensus	6	110M
2793	816	T	13	1M1D109M2D
5428	817	consensus	6	110M1D
19042	818	A	12	3M4D107M13D
19043	819	consensus	8	110M
2032	820	AA	6	110M
13113	821	G	14	6D110M16D
19044	822	consensus	7	1M4D109M
5602	823	consensus	14	110M
2819	824	A	11	1D110M9D
19045	825	consensus	15	110M
9265	826	G	9	110M
454	827	C	6	43M2D67M2D
19046	829	consensus	20	110M
6862	830	TTTT	10	110M2D
19047	831	consensus	44	110M
2538	832	consensus	10	79M1D31M
19048	833	consensus	5	110M
7447	834	CGT	28	110M1D
3936	835	C	4	110M
19049	836	consensus	5	110M4D
4186	837	consensus	18	110M
19050	838	consensus	11	110M
14457	839	TA	23	110M
3072	840	T	16	110M
19051	841	consensus	12	110M
1684	842	AT	12	110M
4703	843	TG	26	85M1D25M
4116	844	G	31	110M
5566	845	consensus	6	1M14D109M1D
19052	846	consensus	4	110M
3461	847	consensus	10	110M23D
19053	848	A	8	1M3D109M4D
19054	849	consensus	13	5M3D105M
1919	850	consensus	4	2D110M12D
12403	851	consensus	11	8D110M
1656	852	GAGAT	6	110M
370	853	A	5	110M
370	853	G	17	110M
3475	854	G	19	110M
19055	856	consensus	13	110M
19056	857	C	7	110M
19056	857	T	6	110M
19057	858	consensus	8	6D110M
3901	859	TTG	21	110M
2375	860	A	10	110M1D
5635	861	AATN	12	107M1D3M1D
2875	862	C	27	110M
19058	863	C	9	110M
14303	864	consensus	5	1M20D109M
19059	865	consensus	4	110M
1939	866	T	5	110M
5509	867	CGCA	13	110M
4167	868	consensus	15	110M
8535	869	consensus	19	110M
423	870	TAACC	31	110M3D
4325	871	GCT	8	85M10D25M
5560	872	C	9	110M1D
1040	873	CGG	15	110M
19060	874	AACC	8	1M4D109M11D
5287	875	GCAGGCCG	6	25M3D85M
19061	876	consensus	4	110M
2293	877	consensus	21	110M
41506	878	T	7	110M
19062	879	consensus	13	110M
9442	880	consensus	5	1M10D109M1D
19063	881	consensus	22	110M
19064	882	consensus	8	110M
19065	883	consensus	12	110M
4950	884	TG	16	110M3D
19066	885	consensus	16	110M
19067	886	consensus	12	110M
8667	887	consensus	6	110M
19068	888	consensus	19	110M15D
19069	889	consensus	7	110M
19070	890	consensus	7	110M16D
9523	891	G	6	110M15D
5076	892	TT	18	110M
19071	893	consensus	6	1M7D109M1D
8025	894	C	21	17D45M1D65M4D
8691	895	consensus	4	110M
7712	897	consensus	10	14D110M3D
8813	898	consensus	11	1M9D109M
1872	899	G	5	110M
19072	900	consensus	10	110M
2301	901	AC	6	110M
19073	902	consensus	5	110M
1600	903	A	17	110M
8082	904	CC	10	110M1D
19074	905	consensus	16	110M
19075	906	consensus	6	110M
2201	907	GATAC	22	102M1D8M
2201	907	TGTAC	22	102M1D8M
19076	908	consensus	9	110M
19077	909	consensus	11	110M
19078	910	consensus	6	110M
2597	911	C	12	110M
887	912	consensus	15	51M1D59M
17599	913	consensus	8	110M
19079	914	consensus	20	111M
3705	915	C	7	110M
75	916	AAG	29	110M
19080	917	consensus	4	110M8D
1052	918	A	10	110M
388	919	G	13	22M1D88M1D
2134	920	A	12	110M
636	921	CAGTCATGACTA	9	110M5D
3898	922	TCTCC	22	110M1D
1703	923	CCATACGTT	21	60M2D50M
3459	925	CCAT	6	110M
136	926	A	6	110M
1648	927	T	7	110M
7680	928	CA	6	110M10D
19081	929	consensus	11	110M
4573	930	T	6	61M5D49M
19082	931	consensus	13	110M
82903	932	consensus	15	1D110M
1759	933	TTTGGCAAGAAGT	5	110M
682	934	A	15	107M1D3M
8047	935	AAT	5	110M9D
2496	936	TAG	9	110M1D
300	937	consensus	4	110M
47970	938	ATACGGC	4	110M
47970	938	TCACGGT	3	110M
19083	939	consensus	41	110M
2367	940	consensus	19	110M
19084	942	consensus	25	110M
5628	943	C	11	110M
303	944	CT	16	110M
19085	945	consensus	4	110M
19086	946	consensus	15	8D110M
2516	947	consensus	5	110M
19087	948	consensus	12	110M
1698	949	AA	4	110M
268	950	G	11	110M
19088	951	C	12	1M4D109M1D
8199	952	A	25	111M17D
8199	952	G	8	111M17D
13577	953	consensus	12	6D110M9D
230	954	G	6	110M
883	955	consensus	12	110M
19089	956	consensus	8	110M
3426	957	consensus	6	1M5D109M22D
3093	958	consensus	10	110M
19090	959	consensus	8	110M
1033	960	ACTTAC	13	110M
1033	960	ATTCAC	48	110M
19091	961	consensus	4	10D110M
19092	962	consensus	21	110M2D
19093	963	consensus	10	119M
19094	964	consensus	14	110M5D
9109	965	consensus	19	110M
2455	966	G	30	110M
19095	967	consensus	5	110M
608	968	consensus	14	110M
19096	969	consensus	6	10D110M
19097	970	consensus	7	110M3D
19098	972	consensus	14	1M1D109M
19099	973	consensus	12	110M5D
9211	974	CA	18	110M
19100	975	consensus	11	110M
4574	976	T	12	110M
1616	977	T	5	66M1D44M1D
3806	978	CAAGGATCTGTGNNNA	6	2M3D8M6D100M1D
4258	979	TG	13	110M
1141	980	G	8	110M
4668	981	consensus	13	110M
984	982	AT	11	99M1D11M
7787	983	G	14	29M1D83M3D
1443	984	CG	11	110M
12505	985	consensus	8	4D110M
19101	986	consensus	15	1M8D109M3D
12328	987	G	10	110M
19102	988	consensus	28	110M
19103	989	consensus	14	110M
19104	990	AA	6	111M
2223	991	GTTC	8	110M1D
2771	992	consensus	19	110M
2574	993	GT	4	86M1D24M
8056	994	G	16	110M
10494	995	C	10	21D110M2D
19105	996	consensus	19	110M
3313	997	consensus	7	110M1D
5546	998	consensus	17	110M
10053	999	AC	15	1M19D109M4D
3470	1000	GC	25	3M1D107M
11954	1001	consensus	8	110M
4671	1002	consensus	10	1M13D109M
19106	1003	consensus	10	110M6D
3840	1004	GAG	12	110M
3418	1005	consensus	13	110M
4022	1006	ATA	23	110M2D
2068	1007	GA	10	110M
1360	1008	C	6	101M1D9M
716	1009	G	14	110M
19107	1010	consensus	19	110M
19108	1011	consensus	18	110M
15887	1012	A	7	110M16D
3696	1013	consensus	14	110M
9508	1015	consensus	7	14D110M4D
94	1016	consensus	42	12D110M7D
4191	1017	CTG	14	110M
19109	1018	consensus	27	110M
19110	1019	consensus	10	110M
7262	1020	AA	5	110M
1240	1021	AC	11	110M
2798	1022	consensus	12	110M1D
873	1023	consensus	18	100M1D10M1D
19111	1024	consensus	4	110M
2799	1025	GCCG	5	100M1D10M2D
4865	1026	CGAAT	5	110M
490	1027	TGA	14	110M1D
10565	1028	T	13	110M
19112	1029	consensus	9	110M1D
4639	1030	CNNNNNNNNNNNNNNGATCTG	14	2M20D4M2D104M1D
9466	1031	A	32	111M
3137	1032	G	11	20D110M
4088	1033	consensus	21	2M3D111M6D
19113	1034	consensus	5	110M
19114	1035	consensus	9	110M
4519	1036	C	15	110M
19115	1037	C	4	110M
19115	1037	T	3	110M
19116	1038	consensus	11	7D110M
8208	1039	consensus	25	2D109M1D1M
2350	1040	TTA	12	33M18D77M4D
1398	1041	C	21	110M
5386	1042	TTT	14	110M1D
2769	1043	consensus	11	42M2D68M
19117	1044	CCCC	7	110M
19118	1045	consensus	14	110M
2564	1046	GG	11	110M
3130	1047	TA	14	101M2D9M
4687	1048	G	7	110M
2332	1049	consensus	10	110M1D
1894	1050	T	6	110M
19119	1051	G	12	5D107M4D3M
4114	1052	C	17	110M
1640	1053	consensus	5	110M
1641	1054	AA	7	110M
1317	1055	TA	8	110M
818	1056	TCTGATTATGCG	5	110M
2874	1057	G	4	110M
10556	1058	C	7	7D110M5D
1544	1059	GC	6	110M
220	1060	CGG	9	110M
2440	1061	T	9	110M
1548	1062	consensus	6	110M
2039	1063	AT	10	110M
1636	1064	TCCTGTGGG	6	110M
12062	1065	ACGAG	12	94M4D16M4D
10637	1066	G	6	110M
1679	1067	consensus	40	110M1D
1326	1068	G	12	110M
1702	1069	consensus	7	110M
19120	1070	consensus	5	110M
19121	1071	consensus	41	110M
19122	1072	T	10	1M5D109M
19123	1073	consensus	15	110M
2713	1074	CC	4	110M1D
299	1075	GGACCCACTT	6	107M1D3M
19124	1076	consensus	4	110M7D
19125	1077	consensus	6	2M7D108M2D
1644	1078	AT	10	110M1D
1814	1079	GCA	7	110M
19126	1080	consensus	11	110M
19127	1081	consensus	7	110M
10105	1082	consensus	7	110M
9298	1083	T	29	110M
1212	1084	GCG	46	110M1D
5011	1085	C	13	68M2D42M
690	1086	CCCAACTTG	11	110M1D
690	1086	CCCAATCTG	11	110M1D
2445	1087	consensus	14	110M2D
4142	1088	consensus	4	110M
5313	1089	GAT	8	110M
19128	1090	consensus	5	10D110M12D
19129	1091	consensus	9	13D110M6D
13838	1092	AG	10	9D110M2D
1316	1093	CAGATCTGNG	4	1D8M5D102M
19130	1094	consensus	7	8D110M
19131	1095	consensus	7	110M
19132	1096	consensus	16	110M
19133	1097	consensus	13	110M
19134	1098	consensus	10	110M
19135	1099	consensus	11	3M13D107M11D
19136	1100	consensus	10	4D109M1D1M
1089	1101	consensus	21	1M18D121M12D
1508	1102	consensus	6	110M1D
2615	1103	consensus	5	110M1D
8108	1104	consensus	4	110M8D
19137	1105	consensus	31	110M
19138	1106	consensus	5	110M
3136	1107	G	13	110M
5048	1108	GT	5	110M
5048	1108	TT	14	110M
19139	1109	A	15	10D110M8D
19140	1110	consensus	13	1M1D109M
19141	1111	consensus	11	110M
19142	1114	consensus	4	110M
4541	1115	A	24	110M
1218	1116	C	6	110M
19143	1117	consensus	5	110M
5789	1118	CNNNNNNAGATCGNCNNNNNTGA	6	1M7D5M9D104M
4170	1119	GC	14	110M2D
3426	1120	consensus	18	21D110M6D
2546	1121	CTC	13	110M1D
1906	1122	T	12	110M1D
3815	1123	G	7	110M
1693	1124	TCCGTTCACCA	5	110M1D
19144	1125	consensus	6	20D110M
19145	1126	consensus	8	6D110M2D
4721	1127	C	9	38M1D72M
19146	1128	AG	7	2M7D108M
486	1129	AAG	13	110M4D
6196	1130	TAA	13	110M
16137	1131	consensus	21	110M
19147	1132	consensus	6	9D110M
19148	1133	consensus	7	110M8D
16747	1134	C	4	1M4D109M11D
19149	1135	G	12	1M7D109M
14462	1136	A	14	110M
9900	1137	consensus	8	110M
3565	1138	consensus	13	8D110M10D
9140	1139	consensus	4	110M
184	1140	C	12	110M7D
19150	1141	consensus	6	110M
19151	1142	consensus	5	110M
1478	1143	AT	8	110M3D
131	1144	AAA	31	110M
130	1145	consensus	10	110M
19152	1146	consensus	16	110M
19153	1147	consensus	6	110M
1999	1148	TT	10	110M
19154	1149	CAACTG	9	6M2D104M
3625	1150	TTCCTTT	28	110M2D
19155	1152	consensus	6	110M6D
19156	1153	consensus	9	12D110M
681	1154	consensus	8	110M11D
8080	1155	consensus	9	110M
5133	1156	consensus	13	110M1D
5446	1157	G	9	110M
19157	1158	consensus	14	110M
771	1159	consensus	12	110M
19158	1160	consensus	12	110M
3346	1161	TC	22	110M
19159	1162	consensus	22	14D110M
19160	1163	G	15	110M1D
9472	1164	consensus	22	110M
4528	1165	CT	13	110M
19161	1166	consensus	4	110M
987	1167	consensus	6	110M
19162	1168	consensus	7	110M
6361	1169	GCTTCT	8	110M
6070	1170	G	8	110M
3924	1171	consensus	10	110M
650	1172	consensus	20	1M10D109M
2856	1173	consensus	5	110M17D
19163	1174	consensus	16	110M
10292	1175	GGCCCTTA	6	7D105M1D5M2D
29491	1176	AGAG	7	110M1D
393	1177	GT	12	110M
16307	1178	consensus	8	4D110M12D
19164	1179	consensus	5	110M
4867	1180	consensus	10	110M1D
2267	1181	C	15	110M
6172	1182	consensus	10	110M
1515	1183	AG	9	110M
2739	1184	C	8	110M1D
197	1185	A	4	110M1D
2802	1186	A	8	110M
13214	1187	A	10	110M
818	1188	GGCAAATGGACA	20	110M
19165	1189	consensus	5	110M
19166	1190	consensus	8	110M
5472	1191	C	6	90M1D20M
1987	1192	consensus	12	110M
941	1193	A	4	110M
19167	1194	consensus	6	110M1D
19168	1195	consensus	5	110M
19169	1196	consensus	9	10D110M
25624	1197	consensus	6	110M
19170	1198	consensus	6	110M
19171	1199	consensus	5	110M
19172	1200	consensus	12	7D110M6D
19173	1201	consensus	4	110M8D
57030	1202	consensus	7	110M
19175	1203	consensus	12	1M10D109M15D
19176	1204	consensus	8	110M
7915	1205	consensus	6	10D110M9D
1537	1206	GCTG	11	110M1D
19177	1207	consensus	6	110M
19178	1208	consensus	6	110M
19179	1209	consensus	20	111M
19180	1210	consensus	9	110M
59912	1211	A	5	7M12D103M
5042	1212	G	7	110M
64635	1213	A	8	110M
19181	1214	consensus	4	9D110M9D
19182	1215	consensus	5	110M
14794	1216	A	5	51M6D59M1D
19183	1217	AAA	20	110M
19184	1218	consensus	4	2D109M3D1M
2197	1219	consensus	8	110M
66	1220	GTTGTC	6	110M1D
7576	1221	consensus	7	110M
19185	1222	GA	15	110M
19186	1223	consensus	22	110M
19187	1224	consensus	9	110M
19188	1225	A	7	110M12D
3698	1226	T	16	110M
2094	1227	consensus	6	110M
1689	1228	C	12	110M1D
19189	1229	consensus	5	7D110M
19190	1230	consensus	6	110M
19191	1231	consensus	4	110M
1409	1232	CT	5	110M
19192	1233	GTCT	4	110M
1804	1234	T	20	110M
1795	1235	C	6	110M
1023	1237	CT	20	110M1D
19193	1238	consensus	7	110M
19194	1239	CG	4	110M
19195	1240	consensus	4	10D110M
19196	1241	consensus	8	110M
6573	1242	A	8	110M1D
19197	1243	consensus	7	110M
62036	1244	consensus	11	1D120M
3863	1245	consensus	13	13D110M
7715	1246	consensus	7	110M
765	1247	G	10	110M
19198	1248	consensus	4	10D110M
5215	1249	AA	18	110M
19199	1250	consensus	4	110M
13436	1251	consensus	5	110M1D
19200	1252	consensus	4	1M3D109M7D
19201	1253	consensus	11	110M
19202	1254	consensus	5	110M
12394	1255	consensus	13	110M
19203	1256	consensus	5	110M
4418	1257	GGG	22	110M
539	1258	GAA	6	59M2D51M
19204	1259	consensus	18	110M
2994	1260	GT	6	110M
12898	1261	CGTGTTTG	11	110M6D
3215	1262	TG	8	110M2D
19205	1263	consensus	12	110M
2942	1264	C	13	110M
19206	1265	consensus	4	4D110M
19207	1266	consensus	22	110M
19208	1267	consensus	14	110M
58009	1268	consensus	40	110M
3118	1269	C	6	110M2D
19209	1270	AGA	10	100M1D9M1D1M
351	1271	consensus	7	110M
902	1272	A	8	110M
13615	1273	consensus	5	9D110M
19210	1274	consensus	12	3D110M
19211	1275	consensus	18	10D110M1D
3098	1276	AC	29	30M1D80M
17254	1277	C	9	5D110M
3786	1278	consensus	5	110M
1061	1279	T	9	110M
1851	1280	T	10	110M1D
4071	1281	TATTGG	8	108M1D2M2D
19212	1282	consensus	8	110M
3895	1283	consensus	8	110M
3364	1284	GAGACA	32	110M
2637	1285	T	12	110M
19213	1286	consensus	16	110M
859	1287	A	10	110M1D
9548	1288	TAAGG	25	110M
7403	1289	AG	10	110M
7182	1290	A	20	110M
19214	1291	consensus	12	2D110M13D
9547	1292	consensus	10	110M
4023	1293	GCTC	7	110M
1918	1294	GGA	5	3D110M9D
2605	1295	TTA	6	110M
19215	1296	consensus	27	110M
3214	1297	consensus	14	110M
19216	1298	consensus	12	110M7D
2475	1299	AAGACTCNN	38	102M4D7M6D1M
500	1300	C	5	110M
8163	1301	consensus	14	1M16D109M
4342	1302	consensus	11	110M
7508	1303	T	4	58M10D52M2D
679	1304	TCGCAGAGT	6	110M1D
8487	1305	consensus	6	110M3D
2016	1306	AAAAGGT	8	13D110M13D
447	1307	CG	13	110M1D
19217	1308	consensus	9	2D110M
19218	1309	consensus	10	110M4D
701	1310	consensus	6	110M
1469	1311	A	15	110M
2784	1312	consensus	15	110M
19219	1313	consensus	6	110M12D
1171	1314	ATTGA	12	110M
19220	1315	consensus	6	110M
19221	1316	consensus	7	110M
19222	1317	consensus	11	110M
4801	1318	TA	11	110M1D
1964	1319	CCTAA	18	110M
7746	1320	consensus	4	23M1D87M
19223	1321	consensus	6	3D110M9D
1183	1322	AAGGGA	8	110M
564	1323	GAA	7	110M
19224	1324	consensus	11	2M4D108M12D
6499	1325	TT	14	110M
7259	1326	TG	9	110M
626	1327	T	11	110M
19225	1328	consensus	6	4D110M4D
19226	1329	consensus	4	1M14D109M
5459	1330	A	7	110M1D
4134	1331	AC	4	110M
4988	1332	consensus	12	110M1D
19227	1333	consensus	8	110M
19228	1334	consensus	5	110M
633	1335	AACCTCTCTTC	6	112M
7742	1336	AA	15	74M1D36M
2697	1337	A	7	110M
4006	1338	GG	13	110M
8206	1339	consensus	6	1M10D109M11D
19229	1340	T	20	110M
1445	1341	AAA	5	110M
19230	1342	consensus	8	110M
4864	1343	A	10	110M
2613	1344	ACTGC	5	110M
270	1345	CAG	21	110M
4915	1346	GC	9	110M
7856	1347	C	16	31M1D79M
4192	1348	TT	16	84M1D26M1D
19231	1349	consensus	14	1D110M17D
2290	1350	consensus	6	100M1D3M2D7M
4851	1351	CG	6	110M
19232	1352	consensus	5	110M16D
2414	1353	consensus	11	110M
# sstacks completed on 2026-03-06 12:14:57
