# sstacks version 2.68; generated on 2026-03-06 12:15:05
59219	1	consensus	25	113M
52534	2	consensus	15	114M
52535	3	G	9	111M
52535	3	T	6	111M
2975	4	AAGGA	4	112M
2975	4	AAGTA	12	112M
59	5	GCTGA	27	11D114M14D
425	6	ACTT	15	1M16D125M5D
10	7	C	33	3M7D125M3D
15	8	AT	18	1M11D121M2D
5082	9	AT	9	2M7D113M13D
48533	10	consensus	29	6D111M
2016	11	AAAAGGT	15	1M1D115M19D
4627	12	consensus	9	2M7D109M10D
2299	13	AN	32	1M10D112M17D
2512	15	consensus	34	1D113M16D
5154	16	TG	20	119M16D
27653	17	consensus	11	2D120M
44781	18	consensus	13	115M
470	19	AA	17	1M4D114M13D
50	20	CGTCNN	15	15D112M11D
6	23	consensus	18	18D119M4D1M
33039	24	consensus	15	111M
394	25	AG	33	13D114M13D1M
787	27	consensus	23	14D113M13D
846	29	TC	37	5M7D124M3D
26	30	consensus	17	1M4D120M21D
52536	31	consensus	16	111M
19750	33	consensus	19	4D118M16D
52537	34	consensus	31	113M
1116	36	G	34	1M16D120M8D
43	38	AA	18	1D116M20D
715	40	consensus	16	1M18D114M
52538	41	consensus	20	110M
5550	42	consensus	7	110M11D
42922	43	consensus	5	110M
64	44	C	24	110M
628	45	CGAC	8	110M
7683	46	consensus	4	110M
32072	47	consensus	6	110M8D
30008	48	consensus	13	1M7D109M
7550	49	consensus	4	110M
2146	50	consensus	8	110M
39977	51	A	6	110M14D
818	52	TGCGATTGGACG	6	110M
3490	53	C	17	110M
52539	54	consensus	9	110M
26898	55	consensus	16	88M4D22M
4015	56	CT	13	110M
2236	57	consensus	31	110M
25966	58	consensus	5	110M8D
2022	59	consensus	7	110M
2232	60	consensus	5	9D110M7D
2510	61	AT	5	110M
8700	62	consensus	9	110M24D
52540	63	consensus	10	110M
52541	64	consensus	5	110M
1812	65	G	9	110M
3826	66	consensus	10	110M13D
7216	67	consensus	10	110M
4050	68	consensus	4	110M18D
52542	69	consensus	11	110M
52543	70	consensus	9	110M
52544	71	consensus	14	110M
2874	72	G	8	110M
28810	73	consensus	4	110M
41	74	TAAAA	9	2M20D119M
1094	75	consensus	5	110M
3613	76	consensus	16	110M
821	77	T	7	110M1D
4114	78	T	4	110M
52545	79	consensus	4	110M
3018	81	A	6	110M
52546	82	consensus	10	110M
12311	83	consensus	11	110M
52547	84	consensus	13	110M
1494	85	GC	5	110M
11505	86	consensus	13	5D110M15D
37435	87	consensus	5	110M12D
3617	88	A	4	110M
3374	89	consensus	16	110M19D
52548	90	consensus	10	110M
7268	91	CT	5	7D44M1D66M
10690	92	consensus	6	2M7D108M6D
30838	93	T	8	5D109M2D1M
2143	94	T	6	110M
52549	95	consensus	6	110M
2875	96	C	5	110M
52550	97	consensus	6	110M
14136	98	consensus	7	2M4D108M6D
1211	99	consensus	4	5D110M8D
922	100	T	16	110M
47576	101	consensus	6	110M
5043	102	C	14	110M
35258	103	CAGTGNCTCCGAGTCCCCA	19	5D3M8D3M4D104M
2347	104	A	13	110M
52551	105	consensus	6	110M
2355	106	CAG	8	110M
52552	107	consensus	19	110M
5696	108	GG	8	110M1D
52553	109	consensus	6	110M
52554	110	consensus	9	110M
7182	111	A	8	110M
30846	112	consensus	18	2M2D108M5D
17634	113	consensus	6	11D110M
14486	114	GCC	7	110M
205	115	A	9	2M7D114M6D
4970	116	TA	8	1M19D109M1D
52555	117	consensus	4	110M
14010	118	G	20	110M20D
1401	119	C	11	110M
52556	120	consensus	5	110M
5483	121	consensus	5	110M
1152	122	A	7	110M
5474	123	A	4	110M
52557	124	consensus	14	2D110M1D
52558	125	consensus	17	110M
41708	126	consensus	4	110M
7839	127	CA	16	42M1D13M3D55M
20364	128	consensus	7	16D110M
2109	129	consensus	11	110M10D
52559	130	consensus	5	1M3D109M
8842	131	consensus	5	12M2D98M18D
52560	132	consensus	15	110M
52561	133	consensus	14	110M
2432	134	T	6	1M9D109M5D
35381	135	consensus	5	1M13D109M
3901	136	TTG	7	110M
52562	137	consensus	4	110M
4466	138	T	10	110M1D
14571	139	AAGG	10	110M
1469	140	A	4	110M
52563	141	consensus	5	110M
52564	142	consensus	8	110M7D
13882	143	TCAG	8	110M
52565	144	consensus	17	110M
76832	145	consensus	8	110M
9862	146	consensus	4	1M3D109M10D
5585	147	G	12	110M
44449	148	C	6	110M
52566	149	consensus	12	110M
2381	150	AAACA	5	110M
52567	151	consensus	12	110M
668	152	consensus	4	60M1D50M
43871	153	T	6	110M
2856	154	consensus	15	110M17D
52568	155	consensus	4	40M1D70M
52569	156	consensus	10	110M
14841	157	consensus	17	110M
8419	158	consensus	9	4D110M14D
52570	159	consensus	16	110M
13436	160	consensus	10	110M1D
14734	161	A	12	4D96M1D15M4D
52571	162	consensus	9	110M
31872	163	consensus	8	17D110M
1419	164	TGG	5	110M
52572	166	consensus	9	110M
1533	167	G	11	110M
52573	168	consensus	16	110M2D
7176	169	consensus	4	110M
1521	170	TGCC	3	110M
1521	170	TGTC	5	110M
2609	171	consensus	5	110M3D
857	172	AA	4	7D110M15D
1511	173	G	18	110M
4392	174	consensus	10	110M
578	175	consensus	17	16D110M3D
52574	176	consensus	5	110M
3820	177	GT	33	110M
2345	178	A	8	110M
32880	179	consensus	13	11D109M7D1M
7233	180	G	9	110M
2653	181	AAC	10	2M11D108M8D
3774	182	AGCAT	29	110M
1539	183	consensus	4	110M
21469	184	G	4	110M
21469	184	T	7	110M
52575	185	consensus	7	11D110M
35260	186	T	5	1D110M
8082	187	GC	10	110M1D
23156	188	consensus	5	5D110M10D
52576	189	consensus	5	110M
7190	190	GT	12	110M
9607	191	consensus	5	1M5D109M8D
23578	192	consensus	11	1M16D109M2D
52577	193	G	6	1M1D109M
4185	194	C	12	39M3D71M
52578	195	consensus	5	110M
42	196	G	4	6D110M19D
3589	197	consensus	17	110M
176	198	consensus	11	110M
52579	200	consensus	8	110M
19124	201	consensus	6	7D110M
52580	202	consensus	4	110M
52581	203	consensus	11	110M
306	204	A	8	110M1D
2718	205	A	9	111M
52582	206	consensus	10	110M
52583	207	consensus	4	110M
52584	208	consensus	11	110M
15362	209	consensus	11	110M1D
3533	210	consensus	12	110M1D
52585	211	consensus	9	111M
2883	212	GTG	21	110M
5905	213	consensus	24	111M
19933	214	T	7	110M11D
25890	215	consensus	5	1M2D109M14D
3342	216	A	12	110M
52586	217	consensus	12	110M
95	218	GCCGAGA	5	59M7D51M
2838	219	ATAAGC	5	110M1D
41017	220	consensus	4	110M8D
52587	221	consensus	6	110M
204	222	G	5	1M4D109M10D
3492	223	T	6	110M
7619	224	consensus	5	110M
5330	225	CTG	6	110M
2145	226	TTCT	10	44M1D66M2D
8210	227	consensus	5	110M
56980	228	consensus	7	110M5D
37756	229	consensus	4	1M6D109M6D
40428	230	GA	24	110M
52477	231	consensus	4	3M9D107M
30530	232	ATT	13	3D110M9D
5042	233	T	8	110M
85	234	consensus	6	110M
9218	235	C	25	1M7D109M5D
6456	236	consensus	4	110M
14212	237	A	12	110M
52588	238	consensus	5	110M
52589	239	consensus	17	110M
4412	240	AAGT	14	110M
3155	241	GAC	4	10D110M
52590	242	consensus	11	110M
29269	243	C	14	13D110M
52591	244	consensus	5	1M9D109M
9109	245	consensus	17	110M
3659	246	consensus	7	110M
3298	247	ACTC	5	110M
5198	248	consensus	10	2M7D108M
30266	249	A	5	2M7D108M13D
4208	250	CA	5	110M
43196	251	consensus	10	110M
1580	252	CA	8	110M
18496	253	G	5	110M
546	254	C	9	110M
52592	255	consensus	4	110M
4234	256	consensus	6	1M13D109M4D
52593	257	consensus	12	110M
7434	258	T	20	110M1D
8288	259	consensus	8	4D110M14D
58009	260	consensus	7	110M
24207	261	CA	95	104M8D6M
15974	262	consensus	8	1D110M8D
52594	263	consensus	16	110M
9187	264	consensus	10	110M6D
52595	265	consensus	8	110M
43350	266	consensus	15	110M
6515	267	C	5	110M
52596	268	consensus	7	110M
679	269	TAGTGGGAT	8	110M1D
11616	270	consensus	11	110M
2714	271	consensus	6	110M
51867	272	consensus	4	1M12D109M
17023	273	consensus	12	110M2D
52597	274	consensus	11	110M
45617	275	consensus	8	110M4D
7571	276	consensus	14	110M
1665	277	GCGA	4	110M6D
3974	278	consensus	8	110M
52598	279	consensus	6	110M
52599	280	consensus	11	110M
4105	281	A	15	110M
1045	282	G	16	8D110M
5675	283	consensus	7	10D110M6D
1183	284	AAGGGG	31	110M
620	285	TCGGC	10	110M1D
1312	286	A	14	110M
4167	287	consensus	15	110M
4538	288	AACCTT	4	110M1D
5509	289	CGCA	8	110M
52600	290	consensus	7	110M
52601	291	consensus	7	9D110M
5304	292	T	12	20M6D90M
15260	293	TT	7	110M
51078	294	consensus	5	2D107M1D3M
3693	295	CC	12	110M1D
12287	296	consensus	7	110M
44694	297	consensus	8	110M
52602	298	TCTTG	7	109M3D1M
812	299	A	8	121M11D
7343	300	G	13	4D110M10D
15406	301	consensus	16	110M
14340	302	GCTT	11	110M
2223	303	GTTG	4	110M1D
4737	304	consensus	16	110M
10673	305	consensus	4	1M3D109M8D
7303	306	AAG	4	110M
1710	307	CC	11	110M
7427	308	consensus	4	9D110M1D
20666	309	CT	12	59M1D51M1D
48844	310	GTA	7	110M
52603	311	consensus	10	110M
3766	312	C	6	110M1D
35160	313	G	5	5D110M13D
28401	314	GT	4	1M14D109M5D
48829	315	CATC	9	110M
43356	316	consensus	11	110M
2804	317	consensus	8	110M1D
52604	318	ATA	6	110M
52605	319	consensus	10	110M
14291	320	AT	12	110M
52606	321	consensus	11	110M
52607	322	AGATGG	6	110M
3999	323	consensus	5	97M2D13M6D
52608	324	consensus	7	110M
2682	325	consensus	12	110M
52609	326	consensus	11	110M
52610	327	consensus	7	110M
1468	328	CCC	19	110M1D
980	329	consensus	12	110M
5606	330	T	5	110M1D
52611	331	consensus	13	110M
46051	332	AA	9	101M1D9M
46051	332	GA	9	101M1D9M
1648	333	T	13	110M
111	334	TC	17	110M
11710	335	consensus	7	115M7D
52612	336	consensus	5	110M
454	337	C	5	43M2D67M2D
1780	338	AAT	7	98M3D12M5D
35	339	GG	8	110M14D
39	340	GC	15	8D123M5D
2495	342	consensus	9	110M
2445	343	consensus	4	110M2D
4622	344	TGGCTTCAT	18	110M
52613	345	consensus	12	110M
23621	346	TG	9	3M1D3M4D104M
245	347	A	15	110M1D
52614	348	consensus	9	110M
52615	349	consensus	7	110M
23306	350	consensus	9	1M8D109M3D
36398	351	consensus	11	7D110M3D
474	352	consensus	8	110M
52616	353	consensus	5	110M
25812	354	consensus	13	110M
4300	355	consensus	9	110M
41121	356	consensus	6	5D110M
1204	357	consensus	7	110M
8910	358	consensus	14	110M
54397	359	CCCAAT	4	110M
5441	360	GGGA	5	73M12D37M
52617	361	consensus	12	13D110M
52618	362	consensus	7	110M
52619	363	consensus	4	110M
52620	364	consensus	8	110M
274	365	consensus	11	110M
2564	366	GG	22	110M
3130	367	TA	6	101M2D9M
52621	368	consensus	17	110M
700	369	CC	16	1M8D115M10D
696	370	G	14	110M
52622	371	consensus	6	110M
52623	372	consensus	11	110M
1978	373	CG	15	102M3D8M
52624	374	consensus	5	110M
52625	375	consensus	10	110M
3742	376	AT	7	110M
2314	377	C	7	110M
44459	378	TGACCCT	4	110M
4109	379	ATCC	7	110M1D
52626	380	consensus	16	110M
609	381	TAC	8	110M
2377	382	ACG	25	58M1D52M
52627	383	consensus	5	112M
52628	384	consensus	4	110M
3786	385	consensus	5	110M
486	386	GAG	11	110M4D
8932	387	consensus	6	110M
618	388	consensus	24	102M2D7M1D1M
52629	389	consensus	5	110M
9541	390	CA	5	110M
4564	392	A	8	119M
1207	393	AGAG	15	110M
153	394	GC	26	110M
1661	395	T	13	110M
39052	396	consensus	13	9D110M6D
1302	397	consensus	9	110M
4325	398	CCT	13	110M10D
270	399	CAA	7	110M
32469	400	T	19	6D110M2D
7681	401	consensus	7	51M1D59M1D
4157	402	consensus	6	110M
8049	403	consensus	8	110M
52630	404	consensus	12	2M3D108M6D
2037	405	consensus	19	110M
4966	406	CG	8	110M
1079	407	consensus	4	110M
10134	408	CA	10	12D110M8D
14794	409	A	14	51M6D59M1D
52631	410	consensus	23	110M
52632	411	consensus	20	110M
1608	412	consensus	21	110M
4912	413	A	4	8D110M
3969	414	CA	18	110M1D
32182	415	consensus	18	11D110M
52633	416	consensus	7	110M
4484	417	C	9	34M1D76M2D
56653	418	TT	4	110M
36475	419	consensus	13	1M12D109M
52634	420	consensus	4	110M
4204	421	consensus	5	110M
23506	422	consensus	18	1M8D109M
52635	423	A	3	110M12D
52635	423	C	5	110M12D
52217	425	consensus	14	110M4D
52636	426	consensus	7	110M
3866	427	consensus	6	110M
1047	428	consensus	37	110M
52637	429	consensus	7	110M
5118	430	TCAG	14	110M
5280	431	consensus	12	110M
5919	432	consensus	13	110M11D
3222	433	GAC	6	110M1D
52638	434	consensus	7	110M7D
18694	435	consensus	17	1M11D109M3D
7486	436	T	8	76M2D34M8D
52639	437	consensus	20	110M
37143	438	GA	8	110M
97	439	TCCTCCTCTTGNNN	5	104M8D6M
1979	440	AG	11	110M1D
41532	441	consensus	6	110M
52640	442	consensus	14	110M
52641	444	consensus	12	110M
138	445	consensus	10	110M1D
52642	446	consensus	5	110M
778	447	consensus	7	110M
212	448	consensus	4	110M14D
5160	449	consensus	6	110M1D
28803	450	G	7	107M6D3M3D
902	451	A	20	110M
3789	452	G	16	110M1D
3789	452	T	13	110M1D
4808	453	C	11	110M
686	454	CT	16	12D110M14D
11919	455	consensus	17	110M
9038	456	consensus	10	110M
848	457	GGA	7	110M
59555	458	consensus	17	110M1D
749	459	AGC	7	13D110M12D
31481	460	consensus	8	110M9D
52643	461	consensus	9	110M
52644	462	consensus	6	110M
825	463	TA	14	110M
3465	464	CCCAT	19	5D110M12D
8057	465	consensus	10	110M6D
2067	466	TTGA	7	110M
4001	467	GC	11	110M
137	468	consensus	6	59M4D51M1D
52645	469	consensus	5	110M12D
4766	470	TT	7	110M
52646	471	consensus	6	110M
9539	472	consensus	7	110M
52647	473	consensus	14	2D110M
1515	474	AG	11	110M
45585	475	consensus	5	110M
614	476	CT	13	110M
1354	477	consensus	11	110M
3572	478	CA	5	110M
34882	479	consensus	6	110M8D
2764	480	consensus	29	110M
52648	481	consensus	12	110M
52649	482	consensus	5	110M
52650	483	C	10	1M9D109M
388	484	G	40	22M1D88M1D
58809	485	consensus	11	91M4D19M
789	486	TC	19	110M
39457	487	consensus	5	3M7D107M
6431	488	CT	8	110M1D
52651	489	consensus	17	110M
52652	490	consensus	20	110M
11513	491	C	31	42M2D69M
52653	492	consensus	6	110M
52654	493	consensus	17	110M
52655	494	consensus	7	110M
32603	495	C	5	14D110M
44211	496	CG	6	110M
36675	497	consensus	11	6D110M1D
52656	498	consensus	6	110M
52657	499	consensus	8	110M
2667	500	T	9	110M1D
52658	501	consensus	9	110M
21918	502	consensus	12	9D110M
52659	503	consensus	10	110M
8027	504	consensus	5	94M3D16M
52660	505	consensus	16	110M11D
765	506	G	5	110M
1270	507	consensus	14	1M2D115M5D
56658	508	AAAC	4	110M
13715	509	consensus	12	1D81M2D29M5D
1818	510	A	6	110M
953	511	CT	32	4D110M18D
1958	512	consensus	9	110M
52661	513	consensus	9	110M
20959	514	consensus	18	110M
52662	515	GCA	17	82M1D28M
52663	516	consensus	6	110M
1067	517	C	6	110M
41909	518	consensus	6	10D110M
2637	519	C	16	110M
19705	520	T	14	110M7D
4291	521	GGC	18	110M
4291	521	GTT	7	110M
52664	522	G	13	110M
521	523	A	23	1M12D109M15D
62031	524	consensus	6	113M
52665	525	consensus	11	110M
52666	526	TAT	6	110M
52667	527	consensus	8	110M
7105	528	consensus	12	8D110M
2672	529	TA	18	2M2D108M7D
52668	530	consensus	6	2D110M
52669	531	consensus	17	110M
52670	532	consensus	4	110M
26061	533	consensus	5	10D110M
1382	534	consensus	4	110M
1396	535	GTTCAGCGGCC	13	110M
4965	536	CTC	8	110M
52671	537	consensus	5	110M11D
52672	538	consensus	8	110M
1157	539	GT	18	110M
52673	540	consensus	20	110M
20831	541	consensus	24	110M1D
52674	542	CTCG	10	110M
52675	543	consensus	10	110M
13324	544	consensus	12	1M6D109M
52676	545	consensus	6	110M
7356	546	consensus	7	110M21D
49730	547	consensus	14	110M5D
3215	548	TG	4	110M2D
52677	549	consensus	7	110M
5640	550	A	9	110M
52678	551	consensus	9	110M
31	552	TGTGATA	13	110M8D
1138	553	consensus	10	5D110M7D
1586	554	GTA	13	110M
13577	555	consensus	8	110M15D
4763	556	consensus	7	1M9D109M10D
72862	557	CCTCGC	10	110M
72862	557	CCTCGT	30	110M
3258	558	TAA	9	110M1D
2356	559	consensus	7	110M
4687	560	G	10	110M
507	561	consensus	6	1M3D109M16D
8361	562	consensus	13	110M
1495	563	ACCGCA	4	109M5D1M
22986	564	consensus	6	11D110M
8519	565	T	5	110M1D
52679	566	consensus	6	110M
52680	567	consensus	13	110M
52681	568	consensus	7	110M
52682	569	consensus	14	110M
39430	570	GGTT	7	110M
51946	571	consensus	11	110M12D
4437	572	TGAA	11	88M1D22M
28531	573	consensus	5	2M3D108M8D
1513	574	CAA	7	110M
7833	575	consensus	9	110M4D
1117	576	C	22	110M
26862	577	G	14	11D108M9D2M
4788	578	consensus	8	110M
1663	579	T	4	97M2D2M2D11M
4299	580	AGG	19	110M
1761	581	consensus	7	110M
36063	583	T	4	110M
7128	584	consensus	10	110M
30	585	consensus	7	8D111M18D
417	586	CACGTGT	4	110M
9159	587	consensus	18	110M2D
4153	588	consensus	8	110M
1589	589	consensus	4	110M
5674	590	consensus	7	110M
2942	591	T	12	110M
3459	592	GAAT	10	110M
52683	593	consensus	10	110M
42900	594	consensus	9	110M
4619	595	T	11	110M
3061	596	G	9	110M1D
724	597	GTG	12	25D122M3D
121	598	TAC	7	110M
35658	599	consensus	4	110M9D
5703	600	consensus	7	110M1D
52684	601	consensus	6	110M
52685	602	consensus	10	10D110M
7208	603	consensus	10	5D114M11D
52686	604	consensus	23	110M
52687	605	consensus	5	110M
271	606	GTA	7	110M1D
3290	607	consensus	7	6D110M10D
52688	608	C	6	110M
52688	608	T	10	110M
8414	610	consensus	6	110M
15096	611	CAT	4	110M9D
2798	612	consensus	7	110M1D
5161	613	C	11	1D127M7D
14423	614	consensus	14	1M17D109M
28747	615	A	15	110M
15246	616	consensus	5	110M
3519	617	G	25	110M
7858	618	GG	3	110M
7858	618	TG	7	110M
51722	619	consensus	5	110M14D
7308	620	G	20	110M
7108	621	CCAG	5	110M
3619	622	consensus	14	110M
3686	623	AG	7	110M
5188	624	consensus	18	110M
3997	625	consensus	5	110M
52689	626	consensus	8	110M
26698	627	consensus	7	110M12D
3108	628	consensus	15	110M
52690	629	consensus	6	110M
3797	630	GG	20	110M
3143	631	consensus	9	110M
3439	632	G	6	110M
1620	633	consensus	18	110M
1670	634	consensus	10	110M
52691	635	consensus	7	110M
17003	636	consensus	7	10D110M6D
4975	637	G	18	110M
52692	638	consensus	4	110M
3580	639	GC	15	110M
52693	640	consensus	5	110M
7756	641	GCT	6	110M
1197	642	G	9	5M1D105M
7311	643	G	11	110M
28556	644	T	13	7D110M2D
9298	645	T	20	110M
2267	646	C	5	110M
58507	647	consensus	7	110M
52694	648	consensus	9	110M
724	649	GCT	23	127M23D
52695	650	consensus	14	110M
45524	651	consensus	18	110M8D
5734	652	G	11	110M1D
52696	653	consensus	5	110M
5405	654	consensus	6	110M
1314	655	consensus	5	110M
4018	656	consensus	13	110M
52697	657	consensus	4	9D110M
163	658	AT	22	110M1D
161	659	TGTGG	4	110M
44320	660	consensus	7	110M
1527	661	C	9	110M1D
5270	662	A	6	110M1D
39621	663	T	5	1M7D109M
47904	664	consensus	11	4D110M
1068	665	CCTATT	22	110M1D
3448	666	consensus	13	1M18D109M
42684	667	TGC	7	110M
1736	668	GGGGGTAGGCTACA	22	110M
4069	669	C	6	110M
3994	670	G	14	110M
43758	671	consensus	5	52M1D58M
52698	672	consensus	19	110M
4227	673	TATTCTAA	8	110M
52699	674	consensus	4	110M
4840	675	consensus	11	110M
8245	676	G	6	6D110M8D
7479	677	G	14	15D110M
4388	678	consensus	8	4D110M7D
4059	679	G	9	110M1D
5698	680	consensus	5	110M
106	681	TTTCAATACGTACAC	11	110M1D
106	681	TTTTAATATGTAGAC	11	110M1D
52700	682	consensus	6	110M
52701	683	consensus	7	10D110M
52702	684	consensus	4	110M
7274	685	GA	18	110M
30133	686	consensus	16	1D116M18D
49718	687	consensus	8	110M
52703	688	consensus	13	111M
8238	689	A	4	110M
4197	690	consensus	16	110M
15458	691	GG	5	1M14D111M14D
3380	692	T	8	110M
5121	693	consensus	11	110M
52704	694	consensus	7	110M
259	695	AATAT	8	104M2D6M
5133	696	consensus	7	110M1D
43248	697	consensus	8	110M
7637	698	consensus	8	51M1D59M1D
2970	699	A	7	110M
1585	700	consensus	4	110M
4720	701	consensus	15	1D110M9D
14595	702	GT	16	9D110M
3545	703	C	10	50M1D60M
52705	704	consensus	4	110M
3635	705	consensus	5	110M
28889	706	consensus	5	5D110M3D
16902	707	consensus	9	111M12D
38954	708	CGAAC	6	1M2D109M4D
7205	709	AC	6	110M
52706	710	consensus	15	1M2D109M3D
40015	711	consensus	7	1M12D109M
772	712	consensus	20	110M
2288	713	GA	16	18M1D92M1D
52707	714	consensus	18	110M
52708	715	consensus	6	110M
2969	716	T	11	110M
7038	717	consensus	4	110M17D
52709	718	consensus	6	110M
52710	719	C	4	110M
12138	720	consensus	6	110M
7585	721	A	3	108M1D2M1D
7585	721	C	8	108M1D2M1D
2032	722	AA	14	110M
52711	723	consensus	13	110M
52712	724	consensus	6	110M
52713	725	consensus	16	110M4D
8422	726	consensus	11	102M1D8M
25868	727	G	25	2M11D108M6D
52714	740	consensus	5	110M
52715	741	consensus	7	110M
52716	742	consensus	7	110M
27569	743	consensus	6	110M1D
52717	744	consensus	6	110M
2532	746	CG	11	110M
6407	747	consensus	6	110M
7395	748	consensus	9	110M17D
52718	749	consensus	10	7D110M8D
52719	750	consensus	5	110M
52720	751	consensus	5	110M
19689	752	TA	5	7D110M10D
6052	753	AC	4	110M
252	754	T	4	110M5D
52721	755	consensus	4	110M
9071	756	consensus	6	5D110M8D
779	758	consensus	4	110M1D
3625	759	AAACTTT	6	70M1D40M1D
7685	760	consensus	7	110M
5470	761	consensus	4	110M
52722	762	consensus	4	110M
52723	763	consensus	6	110M
2753	764	consensus	4	110M
3397	765	A	6	110M
3176	766	T	4	110M1D
52724	767	consensus	4	110M
3537	768	T	5	110M
3409	769	TAC	11	110M
52725	770	consensus	5	110M
2182	771	consensus	11	110M1D
28344	772	C	5	110M22D
51178	773	consensus	10	12D110M
1217	774	A	6	110M
79613	775	consensus	17	6D119M
1154	776	TT	7	38M2D72M
26210	777	consensus	8	110M
52726	778	consensus	9	110M
1703	779	CGATACGTG	5	110M2D
605	780	consensus	4	110M
18574	781	consensus	4	4D110M8D
8118	782	CA	7	10D110M
1839	783	consensus	4	110M
5441	784	GGGA	6	77M8D33M4D
31628	785	C	7	12D110M2D
20	786	A	3	1M2D114M25D
20	786	T	5	1M2D114M25D
4844	787	T	6	110M
6292	788	consensus	5	13D110M
3633	789	AG	7	110M
3633	789	GG	3	110M
49484	790	consensus	4	110M4D
2378	791	CCCAC	5	110M1D
52727	793	consensus	5	110M
52728	794	consensus	8	110M
4230	795	AGT	5	2M18D113M2D
12699	796	T	4	1M1D109M23D
10481	797	consensus	9	110M
52729	798	consensus	4	110M
15601	799	consensus	9	9D110M
30797	800	C	5	1M10D109M
8852	801	consensus	6	11D110M7D
52730	802	consensus	7	110M
2612	803	C	8	110M
338	804	GG	15	110M
52731	805	consensus	7	110M
3913	806	C	5	110M2D
221	807	G	5	110M9D
52732	808	consensus	5	110M
52733	809	consensus	8	110M
2789	810	consensus	6	110M
8053	811	AA	4	110M
315	812	C	8	110M
14796	813	consensus	7	69M4D42M
50639	814	TGATC	22	110M
3909	815	C	6	50M1D60M
43547	816	T	8	110M
52734	818	consensus	8	110M
7649	819	GG	13	3M22D112M
52735	820	consensus	5	110M
3513	821	C	4	110M
3513	821	T	11	110M
1069	822	consensus	5	110M
1465	823	T	6	1M4D109M6D
52736	824	consensus	7	110M
52737	825	consensus	6	110M
52738	826	consensus	4	110M
2206	827	CGTTTGC	10	110M
9538	828	consensus	4	110M11D
73802	829	consensus	8	110M
52739	830	consensus	5	110M
52740	831	consensus	8	110M
5011	832	C	7	68M2D42M
321	833	consensus	7	95M1D15M1D
10633	834	C	5	110M
36456	835	NGC	6	11D107M4D3M
4101	836	consensus	6	110M
3933	837	GT	6	110M
3475	838	G	7	110M
30805	839	consensus	5	110M7D
4127	840	T	8	107M1D3M
341	841	TG	4	110M
730	842	TTATG	13	114M
14834	843	A	6	22D110M
52741	844	consensus	4	110M
5103	845	G	6	5D110M20D
1392	846	AA	4	110M
9669	847	A	5	3D110M
52742	848	consensus	4	110M
7786	849	CC	5	110M
7562	850	C	11	1D110M21D
23163	851	G	8	110M
52743	852	consensus	5	3D110M
9844	853	T	13	110M
52744	854	consensus	5	110M
52745	855	consensus	5	110M
52746	856	consensus	5	110M
52747	857	consensus	9	110M
14578	858	consensus	4	6D109M4D1M
52748	859	consensus	9	110M
3852	860	C	8	5D110M
3852	860	T	7	5D110M
52749	861	consensus	7	110M
52750	862	consensus	26	110M
5621	863	consensus	8	110M
115	864	consensus	11	110M1D
52751	865	consensus	7	110M
2703	866	T	6	1M11D109M
4799	867	consensus	5	110M
3204	868	GTG	7	105M1D5M
723	869	consensus	12	110M
4721	870	T	14	38M1D72M
52752	871	consensus	8	110M
40531	872	consensus	6	10D110M
2029	873	consensus	6	110M
2769	874	consensus	9	42M2D68M
52753	875	consensus	15	110M
749	876	AGC	10	2M8D108M17D
490	877	TAA	14	110M1D
4834	878	consensus	6	110M2D
47970	879	ATACGGC	8	110M
14702	880	consensus	11	110M13D
5004	881	consensus	18	110M
4408	882	AAT	20	110M
52754	883	consensus	8	110M
2254	884	TAA	27	110M
52755	885	consensus	5	11D110M
1371	886	T	7	110M
19112	887	consensus	6	110M1D
19226	888	consensus	5	4D110M10D
52756	889	consensus	8	110M
811	890	A	14	110M
43472	891	consensus	5	110M
4555	892	T	7	110M
26835	893	consensus	4	4D110M6D
52757	894	consensus	12	110M
42893	895	A	23	110M
4535	896	ACGGTTA	22	110M
3174	897	GGAG	27	110M1D
2613	898	ACTGC	4	110M
898	899	CTAAT	17	110M1D
52758	900	consensus	15	110M
52759	901	consensus	10	110M
3506	902	consensus	9	17D110M1D
7375	903	G	20	4D110M12D
701	904	consensus	17	110M
6995	905	consensus	4	110M
3898	906	GCTCC	12	12M1D98M
982	907	ATA	5	110M
10522	908	G	8	5M2D105M
4638	909	C	10	35M1D75M
3932	910	consensus	13	110M
7880	911	consensus	11	110M
32712	912	consensus	8	12D110M1D
7805	913	AGC	12	110M2D
9489	914	AGAC	6	22D110M1D
9141	915	GTGG	101	110M
52760	916	consensus	7	110M
52761	917	consensus	10	110M
52762	918	consensus	7	110M
52763	919	consensus	4	110M
7723	920	A	8	110M
677	921	GA	11	110M1D
52764	923	ACT	12	110M
2160	924	consensus	17	110M
1668	926	GCGCG	8	29M7D81M3D
4170	927	GC	6	110M2D
3169	928	consensus	8	7D110M5D
52765	929	consensus	5	110M
4867	930	consensus	11	110M1D
2021	931	consensus	11	110M
39311	932	consensus	9	9D110M
28413	933	consensus	6	3D110M
52766	934	consensus	4	1M6D109M3D
52767	935	consensus	4	110M
164	936	G	6	110M2D
2512	937	consensus	16	1M8D109M12D
6001	938	consensus	8	110M
43384	939	TC	22	110M
15497	940	C	16	11D110M1D
44254	941	TTCG	13	110M
173	942	TA	83	100M1D10M2D
8981	943	A	16	24M1D86M
52768	944	consensus	8	110M
52769	945	consensus	9	110M
4877	946	A	7	110M
4342	947	consensus	8	110M
52770	948	consensus	4	110M
23281	949	T	4	1M1D65M1D44M2D
52771	950	consensus	5	110M8D
2738	951	A	6	110M
3006	952	AAGTC	23	110M
4244	954	consensus	8	1M7D110M13D
52772	955	consensus	10	110M
7398	956	T	18	2M2D118M1D
4610	957	T	7	110M
8263	958	C	14	110M
52773	959	CTAG	4	110M
52774	960	consensus	4	110M
2893	961	AC	7	110M
52775	962	consensus	11	110M1D
4692	963	GTCATCTC	12	110M2D
1061	964	T	5	110M
5522	965	T	5	110M
52776	966	consensus	10	110M
18478	967	T	5	2M3D108M17D
8283	969	AC	7	110M1D
361	970	CTC	47	110M2D
3093	971	consensus	20	110M
52777	972	consensus	7	110M
52778	973	consensus	6	110M
52779	974	consensus	6	110M
2247	975	A	5	110M1D
52780	976	consensus	14	110M
5607	977	consensus	5	17D110M2D
29083	978	consensus	6	110M
1779	979	T	7	110M1D
1992	980	G	7	110M
16037	981	AAAAATAT	5	5M8D105M13D
52781	982	consensus	4	110M
52782	983	consensus	9	110M
52783	985	consensus	7	110M
52784	986	consensus	5	110M
52785	987	GG	12	110M
52785	987	TA	18	110M
8898	988	CTGGTCT	17	5D7M2D103M
2149	989	consensus	13	110M
2807	990	G	15	110M
25338	991	NA	17	19D110M
52786	992	consensus	5	110M
712	993	G	12	110M
711	994	CG	14	20M9D90M
10621	995	C	4	89M1D21M1D
4851	996	TA	4	110M
52787	997	consensus	4	110M
4335	998	T	6	110M
3947	1000	consensus	34	110M
448	1001	consensus	22	110M
3203	1002	consensus	4	110M
2142	1003	A	5	9M1D101M1D
44644	1004	CT	11	84M2D26M
52788	1005	consensus	8	110M
26516	1006	A	5	1M7D109M3D
52789	1007	consensus	11	110M
16867	1008	consensus	4	13D110M
52790	1009	consensus	4	110M
52791	1010	consensus	9	110M
29657	1011	consensus	16	11D110M15D
5566	1012	consensus	7	3D110M12D
52792	1013	consensus	6	110M5D
502	1014	GAG	15	110M
4501	1015	consensus	8	110M22D
29491	1016	GGAC	10	110M1D
52793	1017	consensus	10	110M
1461	1018	GTG	5	110M1D
2489	1019	G	21	110M
52794	1021	consensus	14	110M
59025	1022	consensus	12	110M
21176	1024	consensus	5	10D110M15D
44	1025	AGGCG	33	5D117M20D
52795	1026	consensus	5	110M
52796	1027	consensus	9	110M
52797	1028	consensus	5	110M
52798	1029	consensus	12	110M
1759	1031	TTTGGCAAGAGGT	9	110M
1501	1032	T	29	110M1D
31024	1033	A	9	110M16D
52799	1034	consensus	4	110M
1616	1035	T	25	112M
52800	1036	consensus	6	110M5D
2791	1037	T	10	15D110M
1636	1038	CCTCGTAAG	9	110M
52801	1039	consensus	6	110M3D
41447	1040	consensus	13	110M16D
4894	1041	G	4	110M
2811	1042	GATTT	4	110M
52802	1043	consensus	5	6D110M
2792	1044	GTAGG	7	110M
1600	1045	A	9	110M
52803	1046	G	5	110M
52803	1046	T	4	110M
845	1047	T	5	110M
52804	1048	consensus	6	110M
52805	1049	consensus	9	110M
3939	1050	consensus	10	110M
52806	1051	consensus	8	110M
19604	1052	C	11	5M12D105M
1397	1053	consensus	7	86M1D24M
52807	1054	consensus	11	110M
28347	1055	consensus	8	110M3D
1957	1056	consensus	10	110M
23430	1057	consensus	6	12D110M
2333	1058	CTAG	13	14D110M
2333	1058	CTGG	13	14D110M
52808	1059	consensus	5	110M1D
52809	1060	consensus	5	110M
556	1061	TGTCT	6	110M
2359	1062	C	14	110M1D
657	1063	CCGCAGGGCT	26	110M4D
657	1063	CCGCAGTGCT	26	110M4D
526	1064	consensus	14	30M1D69M2D11M
41943	1065	consensus	45	110M1D
52810	1066	consensus	7	110M
52811	1067	consensus	6	110M
2016	1068	AAAAGGT	17	14D113M9D
4990	1069	A	7	110M1D
27812	1070	consensus	5	1M1D109M5D
495	1071	consensus	5	110M
2977	1072	CG	4	110M1D
2850	1073	consensus	5	110M2D
1269	1074	G	6	1M7D109M13D
26393	1075	GT	21	2D110M
52812	1077	consensus	4	110M
27983	1078	consensus	4	110M
52813	1079	consensus	24	110M
34850	1080	consensus	4	10D110M11D
52814	1081	consensus	4	110M
42621	1082	consensus	9	110M
2060	1083	CCA	18	110M
51229	1084	consensus	19	110M
635	1085	TGT	14	110M
29657	1086	consensus	7	2M21D113M
15282	1087	consensus	20	110M
5645	1088	consensus	14	8D110M2D
575	1089	consensus	10	1M4D109M15D
48203	1090	consensus	4	110M
32725	1091	consensus	10	1M1D109M11D
1552	1092	C	7	110M
3100	1093	C	12	110M1D
52815	1094	consensus	6	110M
52816	1096	consensus	6	110M
2793	1097	T	7	110M3D
47970	1098	ACGTAAC	12	110M
1098	1099	consensus	4	110M
52817	1100	consensus	10	110M
2425	1101	GA	11	110M
15164	1102	AA	22	67M2D43M2D
1477	1103	G	16	110M
31314	1104	consensus	6	110M
2538	1105	consensus	9	79M1D31M
52818	1106	consensus	6	110M
46665	1107	GG	9	87M4D23M8D
9335	1108	A	4	14D110M3D
52819	1109	consensus	6	110M1D
1686	1110	AGG	10	110M
52820	1111	T	4	110M
52821	1112	consensus	5	110M
4168	1113	GGT	23	110M
4169	1114	consensus	15	110M
2201	1115	TGTAC	8	102M1D8M
1370	1116	CAGATT	9	78M7D32M
9656	1117	consensus	11	5D110M8D
1435	1118	consensus	6	17D110M
52822	1119	consensus	4	110M
2455	1120	G	7	110M
10223	1121	consensus	6	1M4D109M1D
3381	1122	TTT	16	110M
52823	1123	C	22	110M
3035	1124	AT	11	110M
52824	1125	ACTT	5	110M
52825	1126	consensus	6	110M
52826	1127	consensus	7	110M
81436	1128	consensus	78	110M
38605	1129	consensus	11	110M8D
52827	1130	consensus	6	110M
14411	1131	TAA	9	97M1D13M
4217	1132	C	9	110M2D
52828	1133	consensus	4	110M
6982	1134	T	9	110M
48216	1135	G	22	110M10D
52829	1136	consensus	8	110M
2199	1137	ATAC	8	110M
7955	1138	A	10	6D108M9D2M
52830	1139	consensus	10	110M
44450	1140	consensus	12	110M
52831	1141	consensus	8	110M
1218	1142	C	6	110M
1364	1143	consensus	16	110M
879	1144	consensus	6	110M
942	1145	GATAC	11	110M
52832	1146	consensus	4	110M
52833	1147	G	10	110M12D
52834	1148	consensus	18	110M
4970	1149	AA	4	2M6D108M14D
52835	1150	consensus	6	110M
30694	1151	T	7	11D110M
14462	1152	A	11	110M
2	1153	A	9	17D120M4D
4377	1154	TA	16	110M
52836	1155	consensus	8	110M
14209	1156	consensus	6	110M
52837	1157	consensus	9	110M
403	1158	consensus	12	110M
7004	1159	consensus	6	110M
35179	1160	consensus	4	110M
25898	1161	consensus	6	110M17D
3849	1162	consensus	10	110M
30978	1163	T	9	110M3D
52838	1164	consensus	10	110M
1906	1165	C	19	110M1D
1943	1166	G	11	110M
52839	1167	consensus	5	110M
3419	1168	consensus	11	110M
20204	1169	consensus	6	110M9D
52840	1170	consensus	10	110M
52841	1171	consensus	9	110M
52842	1172	consensus	11	110M
5954	1173	consensus	8	110M
13969	1174	G	15	3D109M2D1M
52843	1175	consensus	6	110M6D
52844	1176	consensus	11	110M
165	1177	CCT	7	36M1D74M
4126	1178	consensus	10	110M
30577	1179	consensus	4	110M
1376	1181	CT	16	110M
7096	1182	GGGTCTAT	12	100M2D10M1D
1731	1183	consensus	7	110M
5210	1184	consensus	10	110M
39160	1185	consensus	7	110M10D
27520	1186	consensus	4	4D110M
52845	1187	consensus	7	110M
7546	1188	G	5	110M
52846	1190	consensus	6	110M
46200	1191	consensus	5	110M11D
2995	1192	GATC	4	110M1D
582	1193	consensus	6	87M1D23M
1019	1194	consensus	4	110M
1583	1195	consensus	4	110M
1141	1196	G	12	110M
37755	1197	consensus	7	110M2D
52847	1198	consensus	4	110M2D
7209	1199	consensus	10	110M
14348	1200	A	8	110M20D
52848	1201	consensus	29	110M
52849	1202	consensus	15	110M
52850	1203	consensus	12	110M
3461	1204	consensus	7	12D110M11D
3121	1205	consensus	8	8D110M
1774	1206	GG	11	110M
13598	1207	consensus	15	2M9D108M5D
1041	1208	ATT	6	110M
34841	1209	consensus	5	2D110M7D
52851	1210	consensus	13	110M
52852	1211	consensus	4	110M
2748	1212	T	5	110M1D
19927	1213	consensus	4	110M
36416	1214	consensus	7	110M1D
10795	1215	G	6	110M
1132	1216	GGC	25	119M15D
14380	1217	consensus	9	110M
52853	1218	consensus	10	110M
679	1219	GCACGGAGT	52	111M
25500	1220	consensus	5	12D110M
930	1221	consensus	14	110M
450	1222	consensus	18	110M
1326	1223	G	18	110M
2905	1224	AA	11	110M
1801	1225	AC	10	110M
1801	1225	GC	4	110M
423	1226	GGGTC	19	74M2D36M1D
5893	1227	consensus	15	110M
2851	1228	TG	22	110M1D
6169	1229	consensus	8	110M
5856	1230	A	4	110M
7554	1231	A	4	110M
90272	1232	consensus	12	110M
52854	1233	consensus	16	110M
639	1234	T	16	110M
30912	1235	consensus	7	1D110M
8111	1236	consensus	12	110M
4371	1237	consensus	4	110M1D
17565	1238	consensus	7	12D110M4D
1508	1239	consensus	8	110M1D
2615	1240	consensus	9	110M1D
52855	1241	consensus	17	110M
52856	1242	consensus	9	110M
102	1243	CCCG	5	110M
2300	1244	C	15	26M8D84M4D
52857	1246	consensus	6	110M
40847	1247	consensus	10	6D110M
38231	1248	consensus	4	1D110M3D
52858	1249	consensus	7	110M
670	1250	A	4	110M1D
29768	1251	TGCTCA	34	110M
26520	1252	consensus	7	110M
3754	1253	T	9	110M
52859	1254	consensus	6	110M
5340	1255	CC	24	110M
2399	1256	A	13	110M1D
17	1257	AC	8	10D122M10D
22687	1258	consensus	4	14D110M
8725	1259	consensus	14	110M10D
8652	1260	consensus	8	9D85M7D25M10D
3493	1261	A	6	110M
3493	1261	G	8	110M
3463	1262	consensus	6	110M1D
52860	1263	GC	9	110M
1403	1264	consensus	5	110M1D
9351	1265	ATAA	13	110M
52861	1266	consensus	8	110M
14058	1267	consensus	9	2M12D108M2D
41241	1268	consensus	12	110M3D
12325	1269	consensus	5	4M3D106M8D
31949	1270	A	8	109M19D1M
52862	1271	T	13	10D110M
370	1272	A	5	110M
2788	1273	C	4	110M
5375	1274	consensus	4	110M
18770	1275	A	7	2D110M5D
52863	1277	consensus	16	110M3D
2752	1278	CA	5	35M16D75M2D
2974	1279	G	4	110M1D
1858	1280	consensus	24	9D110M12D
52864	1281	consensus	9	110M
52865	1282	consensus	4	110M
3156	1283	AA	7	110M
52866	1284	consensus	9	110M
52867	1285	consensus	4	110M
2190	1286	consensus	6	110M20D
2219	1288	GT	6	110M
6899	1289	A	6	110M
1003	1291	GCT	20	110M
1575	1292	AG	6	110M
6556	1293	consensus	7	110M
1487	1294	GATTG	9	110M
42719	1295	AG	11	110M
437	1296	consensus	6	110M
372	1297	G	27	110M
26400	1298	consensus	5	1M8D109M7D
2443	1299	C	19	20M1D90M
52868	1300	consensus	13	110M
52869	1301	consensus	10	110M
52870	1302	consensus	18	110M
1166	1303	consensus	12	2M11D108M9D
690	1304	CTTTATCTA	10	110M1D
52871	1305	consensus	4	110M
3815	1306	G	14	110M
17252	1307	consensus	8	1M3D109M5D
8348	1308	C	12	110M
1727	1309	consensus	10	110M
4315	1310	G	36	110M
240	1311	consensus	12	1D108M1D2M
225	1312	TT	27	110M
52872	1313	consensus	20	110M
52873	1314	consensus	4	2M6D108M
52874	1315	consensus	7	110M
44094	1316	consensus	11	110M
6531	1317	T	5	110M1D
24989	1318	T	6	110M
7130	1319	G	8	110M
52875	1320	consensus	15	1M7D109M
7534	1321	CT	6	110M1D
5388	1322	AG	5	110M
52876	1323	consensus	4	110M
29615	1324	consensus	5	7D110M8D
2014	1325	ATGA	13	110M
284	1326	GGGG	5	44M1D66M1D
52877	1327	consensus	4	110M
52878	1328	consensus	9	110M
2295	1329	TACA	6	110M
11023	1330	CC	5	110M
11023	1330	CT	14	110M
52879	1331	TA	7	110M
4640	1332	consensus	8	110M
52880	1333	consensus	10	110M
439	1334	G	6	110M1D
4668	1335	consensus	9	110M
8395	1336	consensus	4	110M1D
2391	1337	consensus	5	110M
52881	1338	consensus	5	63M1D47M1D
7465	1339	AAGCG	8	110M
5617	1340	A	8	110M
1804	1341	T	12	110M
5441	1342	GGGA	27	75M10D35M2D
188	1343	AT	12	110M1D
52882	1344	CA	4	110M
52883	1345	consensus	9	3D110M
2705	1346	CAGT	31	1M10D122M11D
42045	1347	TCG	7	8M5D102M
3139	1348	CA	12	110M
874	1349	consensus	9	17D122M12D
184	1350	C	6	110M7D
2950	1351	consensus	24	110M
29381	1352	G	6	10D110M
7269	1353	AGCCA	10	106M4D4M2D
52884	1354	consensus	16	110M
52885	1355	consensus	8	110M
3103	1356	CAC	10	110M
52886	1357	consensus	8	5D110M
2997	1358	AAT	12	110M
52887	1359	consensus	9	110M
14160	1360	consensus	10	110M10D
52888	1361	consensus	7	110M
3990	1362	consensus	8	110M
37899	1364	consensus	15	9D110M
5364	1365	consensus	7	110M
52889	1366	consensus	19	110M
2230	1367	A	11	110M
3988	1368	consensus	5	110M1D
52890	1370	consensus	4	110M
3927	1372	consensus	8	110M
52257	1373	consensus	8	110M5D
18236	1374	consensus	6	9D110M
913	1375	consensus	9	110M
77106	1376	consensus	11	73M1D37M
4149	1377	A	19	110M
3943	1378	T	20	110M
52891	1379	consensus	7	110M
925	1380	TGCAAC	17	110M
39934	1381	consensus	7	1M19D109M
1210	1382	consensus	10	110M
12390	1383	GC	4	110M
2935	1384	consensus	8	110M
52892	1385	consensus	11	110M
52893	1386	consensus	13	110M
7917	1387	consensus	7	110M4D
27540	1388	C	27	110M
9336	1389	consensus	4	110M5D
30424	1390	consensus	5	5D110M6D
52894	1391	consensus	7	110M
42065	1392	consensus	12	7D109M2D1M
1679	1393	consensus	23	110M1D
2270	1394	GT	7	110M1D
6777	1395	A	4	110M
3484	1396	TCACTGT	15	110M1D
52895	1397	consensus	19	110M
201	1398	GCG	20	13D113M6D3M
52896	1399	consensus	13	110M
4145	1400	consensus	8	110M
52897	1401	consensus	19	110M
3948	1402	TT	12	108M2D2M
2106	1403	TG	11	110M1D
52898	1404	consensus	8	110M
4468	1406	consensus	18	12D110M3D
9245	1407	A	14	110M
42459	1409	consensus	8	110M
52899	1410	consensus	4	110M
52900	1411	CTCG	4	110M
6573	1412	A	8	110M1D
2309	1413	consensus	20	110M
11621	1414	T	11	110M
43013	1415	consensus	12	110M
81	1416	consensus	6	110M2D
10494	1417	T	6	1D110M22D
2591	1418	consensus	6	110M
33997	1419	consensus	4	7D110M4D
52901	1420	consensus	4	110M
268	1421	G	10	110M
2919	1422	TCC	6	99M3D11M
52902	1423	consensus	4	110M
52903	1424	consensus	16	110M
31759	1425	consensus	9	110M
26408	1426	consensus	16	110M15D
39230	1427	T	22	110M
737	1428	consensus	9	110M
25287	1429	consensus	9	1M1D109M
2626	1430	TC	8	110M1D
52904	1431	consensus	6	110M
# sstacks completed on 2026-03-06 12:15:05
