# sstacks version 2.68; generated on 2026-03-06 12:15:06
7351	2	consensus	16	128M4D
6781	3	AA	19	42M3D71M
156	5	AC	16	124M30D
7769	6	C	17	124M12D
5589	7	GCGAAT	14	110M1D
5589	7	GCGATT	14	110M1D
345	8	A	19	122M18D
669	9	CTGCCT	11	111M
1267	10	A	21	1M7D123M7D
7103	11	consensus	12	1M8D116M
971	12	AGA	12	12D116M8D
58308	13	consensus	25	113M
31	15	TGTAAAA	29	118M
16333	16	consensus	15	1M5D119M6D
13192	18	C	20	1M15D126M7D
3428	19	consensus	13	6D122M
261	20	consensus	12	112M1D
1132	21	GGC	14	119M15D
5453	22	GATCCTG	11	16D119M5D
5453	22	GATTCCG	11	16D119M5D
410	23	CCTCCGCGG	8	111M
410	23	CCTCCGTGG	22	111M
23	24	TA	25	6D124M8D
470	25	AA	21	1M4D123M4D
2815	26	AT	14	25D124M
53	27	A	13	1M1D124M23D
3970	28	A	10	12D120M3D
3970	28	T	4	12D120M3D
58309	29	consensus	11	121M
58310	30	consensus	8	114M
266	31	TACC	12	1M14D110M13D
43	32	AG	21	10D127M
40241	34	AA	12	111M
3361	35	consensus	21	1M9D112M7D
50	38	CGTCNN	22	3D122M13D
49	39	consensus	12	4M6D116M24D
1116	40	G	22	7D119M19D
15	41	AT	20	1M11D121M2D
44	42	AGGCG	23	130M12D
13671	43	TAAGA	15	2M19D119M10D
13671	43	TAAGG	15	2M19D119M10D
33	44	AAGAA	41	10D112M1D14M
17	45	AC	13	12D118M12D
3112	46	GGGGGG	12	110M
6597	47	C	9	110M
6069	48	CT	9	110M
7236	49	TAG	7	110M
35228	50	C	6	110M1D
4461	51	TCTTGC	4	110M1D
41938	52	A	8	14D110M
37876	53	consensus	15	1M13D118M
562	54	consensus	5	110M
58311	55	consensus	6	110M
1601	56	consensus	4	110M
1368	57	consensus	6	110M
620	58	TCGGT	11	110M1D
3070	59	AG	9	13D109M8D1M
97	60	TCCTCCTCTTGNNN	5	110M8D
35277	61	consensus	5	17D110M
58312	62	consensus	4	110M7D
6224	63	CT	5	110M
14312	64	consensus	7	15D110M
58313	65	C	4	4D110M
29811	67	consensus	4	2D110M4D
1004	68	TA	6	110M
593	69	CC	12	110M
62175	70	consensus	7	110M
15139	71	TC	6	110M22D
3108	72	consensus	9	110M
9038	73	consensus	6	110M
4750	74	consensus	4	110M1D
37847	75	consensus	4	1M1D109M8D
7460	76	GTTA	4	110M1D
40615	77	CGCC	7	110M
4126	78	consensus	6	110M
58314	79	consensus	6	110M
686	80	CT	6	15D117M4D
8519	81	G	9	110M1D
1068	82	CCTATT	5	110M1D
1360	83	C	6	101M1D9M
5461	84	C	25	110M
8502	85	consensus	12	15D109M1D1M
5313	86	GAT	7	110M
6369	87	consensus	5	1D109M2D1M
271	88	GTA	11	110M1D
8012	89	CT	4	110M
3409	90	TCG	9	110M
1382	91	consensus	4	110M
58315	93	consensus	4	110M
7833	94	consensus	17	110M4D
1594	95	consensus	11	110M
58316	96	consensus	6	110M
8001	97	CT	14	105M3D5M
4131	98	consensus	4	110M1D
58317	99	T	12	110M
291	100	GGT	8	110M
46688	101	consensus	8	4D110M
5632	102	C	10	110M
58318	103	consensus	6	110M
2021	104	consensus	6	110M
3556	105	A	4	110M
20666	106	CT	4	59M1D51M1D
5358	107	GCC	4	110M
2872	108	TT	7	110M1D
9153	109	consensus	5	11D116M
8889	110	GAA	7	110M
58319	111	consensus	4	110M
3045	112	T	8	110M
2794	113	A	11	5D109M8D1M
530	114	consensus	14	2D121M8D
8707	115	A	7	110M
32872	116	consensus	7	110M12D
8877	117	consensus	8	110M
58320	118	consensus	4	110M
59	119	GCTGA	10	1M4D113M21D
56480	120	consensus	4	1M3D109M6D
5606	121	T	5	110M1D
8578	122	consensus	8	112M8D
2651	123	GG	4	72M3D38M
56697	124	consensus	8	110M
3180	125	T	7	110M
17887	126	A	5	1M7D109M
552	127	TTTG	7	29M2D81M
8879	128	consensus	5	110M8D
3815	129	G	5	110M
36428	130	GTTAG	8	110M5D
684	131	consensus	11	110M
1979	132	AG	5	110M1D
1020	133	AAACCACTGATCTGGTAAGGTCGACT	20	1M3D6M18D103M
5664	134	A	5	110M
3721	135	C	7	58M1D52M1D
730	136	TTATC	18	114M
699	137	consensus	6	110M
71	138	C	4	110M
58321	139	consensus	5	110M1D
635	140	TGT	4	110M
55314	141	A	8	110M
3535	142	consensus	16	110M
9411	143	consensus	11	1M15D109M
1221	144	consensus	4	1M10D109M8D
674	145	T	4	1M13D109M1D
57777	146	consensus	13	110M19D
19696	147	consensus	5	6D110M
195	148	T	5	110M
20254	149	A	4	110M11D
30700	150	consensus	5	110M
58322	151	consensus	5	110M
14410	152	consensus	4	2D110M21D
5032	153	consensus	5	8D113M1D
1774	154	AG	8	110M
10708	155	CGAC	6	110M
1048	156	consensus	6	110M1D
28825	157	C	4	1M3D109M
1542	158	CCA	11	110M
1715	159	AG	4	110M1D
18853	160	C	6	18D110M4D
18853	160	T	6	18D110M4D
85	161	consensus	9	110M
3074	162	GA	13	110M
7273	163	consensus	6	110M
2403	164	consensus	7	110M1D
56487	165	CAT	11	44M1D66M
56487	165	TAT	11	44M1D66M
58323	166	consensus	17	110M
40229	167	consensus	27	110M7D
5441	168	GGGA	8	77M8D35M2D
5522	169	T	4	110M
29898	170	consensus	10	7D110M9D
3351	171	C	19	81M1D29M1D
22164	172	G	8	110M4D
58324	173	consensus	6	110M
58325	174	consensus	5	110M
58326	175	consensus	9	110M
880	176	G	7	110M
1420	177	TA	5	110M1D
1396	178	GTTCAGCGGCC	9	110M
7622	179	consensus	10	110M9D
1736	180	GGGGGTAGGCTACA	11	110M
13646	181	CGTGT	5	110M
955	182	T	6	110M
2024	183	AAT	8	110M
18915	184	consensus	7	111M5D
7512	185	consensus	4	1M15D109M
2092	186	consensus	4	110M
3321	187	T	5	110M
284	188	GACA	7	44M1D66M1D
2824	189	consensus	12	110M
41	190	AATTA	12	8D116M17D
28291	192	C	6	2D110M11D
5148	193	AC	10	110M
4555	194	T	5	110M
1455	195	C	10	110M
1441	196	GAGCTCGTGA	5	100M1D10M
3346	197	TC	6	110M
3346	197	TT	3	110M
31264	198	consensus	5	110M
58327	199	consensus	4	110M
9695	200	consensus	7	13D110M
30319	201	consensus	5	3M10D107M4D
6030	202	A	3	3D110M15D
6030	202	G	6	3D110M15D
37928	203	A	7	1M5D109M
454	204	C	5	43M2D67M2D
4644	205	G	7	110M
268	206	G	4	110M
2206	207	CGTTTGC	3	110M
2206	207	TGTCTAC	7	110M
4022	208	ATA	17	110M2D
3774	209	AGCAT	8	110M
10476	210	consensus	5	110M
2962	211	GTATA	18	110M
14443	212	GC	5	1M6D114M
4535	213	GCAGTTG	5	110M
58328	214	consensus	6	110M
7465	215	GTGAG	4	110M
40428	216	GC	4	110M
251	217	AGGGG	6	110M3D
29019	218	consensus	5	15D110M
7465	219	AAGCG	4	110M
4562	220	AG	8	7D111M20D
3397	221	A	4	110M
58329	222	consensus	7	1M1D109M12D
56586	223	consensus	6	6D110M
8965	224	GACG	5	110M
58330	225	consensus	6	110M
102	226	CCCG	4	110M
4001	227	GC	8	110M
349	228	consensus	6	14D110M
58331	229	consensus	6	110M
58332	230	consensus	9	110M
3258	231	TAA	15	110M1D
362	232	consensus	5	110M
4820	233	consensus	8	7D110M
843	234	ACCAC	10	110M1D
7260	235	C	4	110M
27843	236	consensus	9	3D110M11D
58333	237	consensus	4	110M
2256	239	consensus	7	110M
630	240	consensus	7	59M3D58M16D
58334	241	consensus	5	111M
2713	242	CC	28	110M1D
3314	243	consensus	9	110M
58335	244	consensus	5	110M
519	245	A	9	110M1D
4116	246	G	7	110M
486	247	AAG	7	110M4D
1494	248	AC	5	110M
5298	249	TA	7	110M
58336	250	consensus	6	110M4D
2784	251	consensus	6	110M
15413	252	consensus	7	119M5D
3284	253	G	15	110M
902	254	A	6	110M
58337	255	consensus	6	110M
4965	256	CTC	6	110M
29491	257	AAGC	5	110M1D
26405	258	G	4	1M12D109M
3136	259	A	10	110M
29491	260	AGAG	18	110M1D
29491	260	GGAC	18	110M1D
873	261	consensus	6	100M1D10M1D
58338	262	consensus	8	110M
7138	263	GG	4	110M
47155	265	consensus	5	110M
4481	266	TT	7	110M
4673	267	GTN	14	77M5D33M1D
285	268	CG	4	110M1D
1251	269	C	5	110M
848	270	GAT	12	110M
301	271	T	4	110M
8037	272	C	12	110M
9700	273	consensus	8	7D109M1D1M
26023	274	consensus	9	1M5D112M10D
39075	275	consensus	4	1D110M3D
12383	276	consensus	4	110M14D
23003	277	C	14	110M18D
38809	278	consensus	10	1M10D40M10D69M
10097	279	AGCATC	5	2M1D108M
987	280	consensus	13	110M
58031	281	consensus	4	8D110M5D
13667	282	consensus	6	110M16D
7289	283	G	8	110M
3156	284	AA	6	110M
2347	285	A	15	110M
30593	286	T	10	12D111M
58339	287	consensus	5	110M2D
2213	288	consensus	6	110M
7534	289	CT	8	110M1D
58340	290	consensus	7	110M
2254	291	TAA	5	110M
58341	292	consensus	4	110M
127	293	GA	21	110M1D
8538	294	AC	6	3D110M14D
4108	295	TGT	7	110M
1111	296	GAC	10	110M
3895	297	consensus	4	110M
2542	298	G	7	110M
2194	299	ACCA	16	110M
59517	300	consensus	6	110M
240	301	consensus	9	112M
19707	302	consensus	6	110M1D
1984	303	GG	7	110M
3790	304	T	11	110M
1277	305	consensus	9	110M
81531	306	consensus	5	110M
56557	307	consensus	17	4D109M7D1M
9579	308	G	5	110M
2788	309	C	4	110M
3475	310	G	13	110M
58342	311	consensus	4	110M
58343	312	consensus	5	110M
4053	313	consensus	4	110M1D
23475	314	consensus	9	110M1D
3867	316	consensus	4	110M
58344	317	consensus	12	110M2D
7368	318	consensus	4	110M
277	319	consensus	10	110M
3660	320	G	5	110M
2521	321	T	13	110M
22200	322	A	5	1M7D109M
2973	323	G	10	110M
20409	324	consensus	4	1M3D109M
3797	325	GG	5	110M
732	326	GTGG	8	110M
1433	327	NNNNNNNNANNNNNCACTTGT	6	1M19D5M4D104M
15755	328	NCAGAA	5	8D93M2D17M
2508	329	CTT	9	110M1D
38146	330	consensus	7	110M4D
58345	331	consensus	7	110M
58346	332	consensus	4	110M
3459	333	GAAT	4	110M
1569	334	G	5	110M
58347	335	consensus	5	110M
58348	336	consensus	5	110M2D
28316	337	consensus	6	110M
58349	338	consensus	4	110M
3471	339	C	9	110M5D
58350	340	consensus	6	110M
8679	341	consensus	4	110M14D
2434	342	consensus	15	1M1D110M14D
2297	343	T	5	110M
9396	344	CGCCTC	4	110M
3990	345	consensus	11	110M
58351	346	consensus	5	110M
58352	347	consensus	5	110M
2777	348	C	16	110M1D
58353	349	consensus	4	110M
651	350	consensus	9	126M22D
4187	351	consensus	13	110M
154	352	A	4	59M8D51M
30133	353	consensus	5	110M25D
3957	354	G	4	110M
541	355	C	9	1M8D123M10D
9062	356	T	4	110M
40342	357	consensus	6	1D110M1D
31610	358	consensus	9	10D110M
4003	359	consensus	4	110M1D
26278	360	consensus	5	1M11D109M4D
3550	361	A	8	110M1D
3018	362	G	7	110M
34415	363	T	7	110M
2050	364	TT	4	110M
757	365	C	8	2D119M4D
58354	366	consensus	13	116M
1886	367	AGTT	8	110M
29060	368	consensus	6	122M11D
1412	369	GG	8	110M1D
5413	370	consensus	4	5D110M2D
37385	371	consensus	5	110M
33809	372	consensus	7	121M4D
5158	373	T	6	105M1D5M5D
58355	390	consensus	4	110M
58356	391	consensus	9	110M
292	392	A	5	110M
28520	393	TT	5	110M8D
9360	394	CG	5	110M7D
58357	395	consensus	5	110M
58358	396	consensus	6	110M
26597	397	consensus	5	1M10D109M
58359	398	consensus	5	1M10D109M
39759	399	T	7	119M15D
4890	400	consensus	8	110M
5286	401	consensus	10	1M8D109M
2732	402	TAAC	4	102M1D8M
58360	403	consensus	8	110M
49682	404	consensus	5	116M
58361	405	consensus	10	110M
4836	406	A	5	110M
52292	407	consensus	5	110M3D
286	408	C	4	110M
33478	409	CT	4	4M3D3M1D103M
2295	410	TGCA	6	110M
58362	411	consensus	4	110M
44486	412	consensus	7	120M1D
58363	413	consensus	8	110M
878	414	GTTTT	6	110M
5508	415	C	7	110M
58364	416	consensus	7	110M
1869	417	GT	4	110M1D
1135	418	consensus	11	110M
58365	419	consensus	12	110M
4531	420	consensus	5	110M
7633	421	consensus	4	3M7D107M8D
11835	422	consensus	4	110M
72075	423	consensus	7	110M1D
34442	424	G	7	6D110M9D
58366	425	consensus	4	110M
2680	426	T	9	7D110M10D
58367	427	consensus	4	110M
1116	428	G	16	20D117M8D
1794	429	C	6	110M
2995	430	GATC	4	110M1D
6953	431	consensus	6	14D110M2D
41506	432	T	13	110M
1008	433	consensus	6	110M15D
10559	434	consensus	8	110M
1165	435	consensus	6	118M5D
5425	436	CA	5	110M
10273	437	consensus	5	5M2D105M14D
20692	438	T	4	22D110M
1118	439	A	10	110M
7993	440	consensus	5	110M18D
58368	441	consensus	4	110M
2550	442	consensus	14	110M
58369	443	consensus	6	110M1D
42312	444	consensus	9	116M2D
58370	445	consensus	9	1M1D115M1D
1447	446	T	6	5D111M3D2M
2905	447	AA	8	110M
106	448	TTTCAATACGTACAC	8	110M1D
106	448	TTTTTATACGTATGC	8	110M1D
58371	449	consensus	6	110M2D
58372	450	consensus	4	110M
58373	451	consensus	5	110M
19704	452	AATAC	4	110M14D
2626	453	TC	7	110M1D
1334	454	C	7	100M1D10M1D
40862	455	consensus	11	122M9D
1193	456	TAC	6	94M1D16M1D
4179	458	C	4	4D110M14D
1021	459	TG	8	46M1D74M19D
437	460	consensus	8	110M
58374	461	consensus	9	110M
22538	462	consensus	5	110M
14079	463	consensus	7	7D110M10D
2012	464	TC	16	111M
1668	465	GCGCG	5	110M10D
3974	466	consensus	9	110M
3975	467	TGC	11	110M1D
3975	467	TGT	11	110M1D
36588	468	consensus	4	11D110M6D
12993	469	C	9	122M
6531	470	T	7	110M1D
52479	471	consensus	11	116M
1961	472	consensus	7	110M
5908	473	C	5	110M4D
4827	474	G	8	110M
58375	475	consensus	4	110M
1162	476	CG	6	14M1D96M
4377	477	TA	8	110M
17374	478	consensus	11	2D121M2D
4130	479	consensus	5	110M
6894	480	consensus	4	110M
3557	481	T	6	110M
58376	482	consensus	5	110M
7072	483	CCG	13	110M
14673	484	TTCGA	7	7D110M16D
2613	485	ACTGC	10	110M
58377	486	consensus	4	110M
1207	487	TGAG	9	110M
34412	488	consensus	5	1D110M10D
3336	489	CTA	5	110M1D
47096	490	C	4	110M
1362	491	consensus	4	1D110M25D
29657	492	consensus	10	11D125M
1521	493	TGTC	17	110M
57240	494	consensus	12	5D116M
58378	495	consensus	4	110M
60529	496	consensus	5	110M1D
58379	497	consensus	5	110M
2236	498	consensus	12	110M
7123	499	C	5	110M
5330	500	GTG	6	110M
15875	501	consensus	5	110M20D
90	502	G	8	110M1D
3575	503	T	18	112M
3581	504	A	9	110M
2716	505	TA	6	110M
57383	506	consensus	6	15D110M
1254	507	GT	9	110M
17394	508	T	4	110M
4205	509	consensus	5	57M3D53M
169	510	A	6	110M
2879	511	consensus	7	110M12D
1454	512	CAAAAG	22	110M
57106	513	AGCT	4	110M8D
4766	514	TT	9	110M
10186	515	TCCTC	5	110M
40404	516	consensus	6	110M1D
21	517	GTCT	13	20D123M
13879	518	ATC	8	116M11D
2763	519	consensus	5	110M
163	520	AT	7	110M1D
2115	521	G	8	110M
944	522	ATCGG	4	110M
1761	523	consensus	4	110M
1939	524	T	6	110M
1583	525	consensus	4	110M
1410	526	AA	10	11D114M6D
58380	527	consensus	7	110M
3916	528	consensus	8	110M
3139	529	TA	12	110M
13715	530	consensus	7	8D110M
8053	531	AA	4	110M
32371	532	TAA	4	23M1D87M1D
467	533	GT	6	110M
12560	534	consensus	4	11D110M
39963	535	consensus	7	1M11D109M
690	536	CTTAATCTA	21	110M1D
403	537	consensus	9	110M
7849	538	C	4	5D110M12D
3286	539	T	6	110M
3861	540	A	6	37M2D73M1D
778	541	consensus	7	110M
1445	542	AAA	4	110M
3381	543	TTT	10	110M
9172	544	G	4	110M1D
57328	545	consensus	4	110M2D
823	546	C	9	105M1D5M1D
636	547	CAAACATGGGTA	7	110M5D
930	548	consensus	8	110M
58381	549	consensus	12	110M
658	550	T	6	110M1D
2378	551	CCCAT	17	42M1D68M
111	552	TC	12	110M
412	553	T	5	110M
3080	554	C	7	110M
7628	555	ACC	10	110M12D
1630	556	CT	4	110M
56909	557	consensus	5	110M10D
58382	558	consensus	4	110M
2947	559	GG	14	110M
1478	560	AC	12	110M3D
58383	561	consensus	6	110M
58384	562	consensus	4	110M
1469	563	A	11	110M
189	564	G	5	110M1D
5483	565	consensus	12	110M
30344	566	consensus	10	110M
2564	567	GG	5	110M
58385	568	consensus	7	110M
1644	569	AC	11	110M1D
1644	569	AT	11	110M1D
58386	570	consensus	5	110M
225	571	TT	13	110M
636	572	CAGTCATGACTA	20	110M5D
636	572	CAGTCATGATTA	20	110M5D
3883	573	A	6	110M1D
58387	574	consensus	10	115M4D
4589	575	consensus	4	4D110M14D
2257	576	consensus	8	110M11D
4803	577	A	6	110M
2539	578	AT	7	110M
5905	579	consensus	6	110M1D
2314	580	T	4	110M
40537	581	consensus	9	2M7D108M
62111	582	consensus	16	120M
52099	583	consensus	15	110M2D
2150	584	T	9	110M1D
8330	585	TC	12	110M
59555	586	consensus	11	110M1D
54397	587	CCCCGC	14	110M
54397	587	CCCCGT	19	110M
1115	588	GC	6	110M
853	589	AT	7	110M
3225	590	T	4	110M
1533	591	G	12	110M
1700	592	consensus	7	110M
7126	593	consensus	15	110M
906	594	TG	16	110M
1356	595	consensus	5	110M1D
638	596	GT	9	110M1D
2546	597	CTC	12	110M1D
764	598	A	4	110M1D
3525	599	A	5	110M
58388	600	consensus	4	110M
58389	601	consensus	4	110M
3985	602	consensus	8	110M
1661	603	T	11	110M
381	604	GTACT	15	110M
28563	605	consensus	5	8D110M4D
2811	606	GATTT	18	110M
51229	607	consensus	4	110M
20509	608	CG	6	9D110M
1450	609	CACC	21	110M1D
4566	610	consensus	5	110M
4678	611	TA	21	110M
8906	612	consensus	4	2D110M
1169	613	consensus	11	110M
6714	614	consensus	5	1M8D109M
58390	615	consensus	14	110M
2075	616	consensus	4	110M
4574	617	G	5	110M
1023	618	CT	4	110M1D
2301	619	AT	13	110M
1545	620	G	14	110M
58391	621	consensus	5	3D110M
4071	622	TATTGG	12	108M1D2M2D
58392	623	consensus	5	111M
858	624	consensus	13	104M2D6M
58393	625	consensus	8	110M
58394	626	consensus	4	110M
38026	627	consensus	7	1M4D109M
7302	628	T	7	110M
2673	629	TT	6	110M
27153	630	A	8	110M12D
4689	631	A	5	110M
58395	632	consensus	6	110M7D
3125	633	consensus	8	110M
520	634	consensus	8	110M
138	635	consensus	4	110M1D
10417	636	consensus	7	9D110M
23012	637	TAA	5	110M
26186	638	consensus	4	20D110M
495	639	consensus	23	110M
2640	640	G	11	110M
23390	641	consensus	6	110M
9308	642	AT	14	110M
20831	643	consensus	40	110M1D
2538	644	consensus	8	79M1D31M
1033	645	ACTTGC	7	110M
2959	646	consensus	12	2D120M
2172	647	consensus	11	110M
58396	648	consensus	6	110M
3306	649	G	4	2M10D108M4D
5718	650	GCG	6	110M
2134	651	A	6	110M
9539	652	consensus	9	110M
7786	653	CC	4	110M
58397	654	consensus	7	110M
37809	655	GTA	5	110M
1010	656	TTC	9	110M
230	657	G	6	110M
1203	658	AAAC	15	110M
1203	658	AAAG	9	110M
26506	659	T	6	110M
7856	660	C	5	31M1D79M
2766	661	CG	8	110M
58398	662	consensus	22	48M1D62M
3751	663	T	7	110M
3913	664	C	7	111M1D
1204	665	consensus	5	110M
1203	666	GGGC	10	110M
48359	667	CT	7	110M
7046	668	T	18	110M
58399	669	consensus	6	110M
31759	670	consensus	11	110M
7884	671	consensus	6	114M13D
40755	672	A	4	2D110M
7549	673	consensus	7	2D110M10D
58400	674	T	6	110M1D
1466	675	GG	9	110M4D
2223	676	GTTG	5	110M1D
58401	677	consensus	7	110M
3371	678	A	8	110M
3608	679	consensus	9	110M
312	680	ACC	8	2M12D119M3D
49489	681	consensus	5	110M
12181	682	consensus	21	110M
2986	683	consensus	12	110M
5005	684	consensus	4	110M
8007	685	consensus	12	110M
56231	686	consensus	17	110M1D
2196	687	consensus	4	110M
21111	688	consensus	5	7D110M
5638	689	T	7	110M
3543	690	ATA	5	110M1D
58402	691	consensus	5	110M
4006	692	GG	5	110M
3422	693	TTT	5	110M
1628	694	AC	13	110M
2669	695	consensus	5	1D110M8D
1822	696	GCCG	23	110M4D
2534	697	AC	12	21M1D89M
14957	698	consensus	7	110M
4737	699	consensus	9	110M
58403	700	A	6	8D110M5D
12193	701	GATAC	6	15D110M1D
7789	702	A	4	110M
16635	703	consensus	11	1D110M4D
52347	704	G	4	110M4D
1741	705	consensus	4	110M
1072	706	consensus	6	110M
58404	707	consensus	4	110M2D
1795	708	C	7	110M
29322	709	consensus	5	1M12D109M
3413	710	AC	9	110M6D
1078	711	TGT	19	110M
15968	712	consensus	8	9D110M5D
4167	713	consensus	5	110M
3696	714	consensus	7	110M
2325	715	NNNNNNNNNACCACTGNNT	7	12D7M3D103M1D
1381	716	AAACTAAT	7	110M
1129	717	AC	9	50M1D60M
5549	718	A	5	110M
58405	719	consensus	5	110M
543	720	GC	6	110M
58406	721	consensus	5	110M
1724	722	consensus	6	110M
2799	723	GCCG	4	100M1D10M2D
5426	724	T	5	110M
23311	725	consensus	6	110M
27056	726	consensus	6	110M6D
79194	727	consensus	4	5D110M4D
1286	728	consensus	12	110M1D
15164	729	GA	4	67M2D43M2D
1381	730	TGAATATT	5	110M
8355	731	consensus	5	7D110M2D
7356	732	consensus	5	3D110M18D
2171	733	TGA	7	110M
3174	734	GGAG	10	110M1D
4437	735	TGTA	8	88M1D22M
4153	736	consensus	5	110M
58407	737	consensus	7	110M
26918	738	GA	5	110M
26555	739	consensus	4	1M14D109M5D
3784	740	T	5	110M
884	741	A	5	110M
894	742	TGCA	9	110M
9506	743	consensus	6	110M
30456	744	consensus	4	110M7D
8548	745	CGG	7	110M
5507	746	CTC	14	110M
959	747	consensus	4	110M1D
10578	748	AT	6	110M
1220	749	consensus	9	110M
3893	750	TT	6	95M1D15M1D
4011	751	consensus	10	110M
1419	752	TGG	10	110M
6825	753	A	5	110M
4529	754	ACCACTGTTCACGTGC	6	9M16D101M
4600	755	TGA	7	110M
4087	756	consensus	5	110M3D
7077	757	C	17	110M
5560	758	C	17	110M1D
1187	759	AACG	8	110M
7495	760	G	6	110M
14213	762	A	5	110M
14213	762	G	6	110M
58408	763	consensus	9	4D110M
5223	764	GT	6	110M
4690	765	T	11	110M
746	766	T	8	110M
4610	767	C	7	110M
58409	768	consensus	5	110M
7805	769	AGC	9	110M2D
4682	770	A	4	110M1D
7182	771	A	17	110M
2079	772	consensus	5	110M
8650	773	consensus	6	110M
58410	774	consensus	4	1M6D109M
3053	775	consensus	4	4D110M10D
3766	776	C	19	110M1D
9489	777	TCAA	8	6D115M12D
9489	777	TGAC	8	6D115M12D
5575	778	AT	6	110M
10666	779	A	4	110M
1038	780	G	4	110M
1468	781	CCC	14	110M1D
30476	782	consensus	5	1M10D109M
3580	783	GT	8	110M
2293	784	consensus	22	110M
5472	785	C	6	90M1D20M
4719	786	A	19	110M
497	787	consensus	5	110M
2916	788	GA	16	110M
1069	789	consensus	4	110M
335	790	T	19	110M1D
4440	791	A	9	110M1D
2532	792	CG	7	110M
815	793	GAT	5	110M
7624	794	A	15	110M
16808	795	consensus	6	9D110M2D
3552	796	AC	7	110M
4169	797	consensus	11	110M
7108	798	CCAG	14	110M
58411	799	consensus	5	110M10D
3898	800	GCTCC	5	12M1D98M
58412	801	consensus	5	110M
1797	802	A	10	110M
677	803	GA	20	110M1D
3571	804	A	8	110M1D
58413	805	consensus	4	110M
423	806	GGGTC	17	74M2D36M1D
19159	807	consensus	5	2M5D108M9D
4117	808	G	6	108M1D2M6D
9061	809	GA	12	110M11D
2312	810	AG	5	110M
57984	811	consensus	8	1D110M
1409	812	TT	11	110M
2496	813	TAG	4	110M1D
2032	814	AA	10	110M
1543	815	consensus	4	110M
15821	816	consensus	6	1M4D109M5D
1501	817	T	7	110M1D
1870	818	C	4	110M
18600	819	A	18	110M
2597	820	T	4	110M
4191	821	CTG	8	110M
19927	822	consensus	4	110M
850	823	T	7	110M
58414	824	consensus	6	110M
8414	825	consensus	28	110M
7228	826	consensus	9	110M
31108	827	consensus	5	110M
792	828	AA	12	110M
2333	829	CTAG	9	14D110M
34060	830	consensus	5	110M1D
1127	831	ACAC	5	110M
38940	832	consensus	4	1M12D109M
847	833	CCTACGA	18	110M
9406	834	consensus	6	2M6D108M
4300	835	consensus	13	110M
2425	836	GA	8	110M
2923	837	GCT	8	110M
76832	838	consensus	17	110M
1673	839	T	5	110M
3514	840	AA	4	110M
3849	841	consensus	22	110M
7405	842	CCG	17	47M4D63M2D
2938	844	GTC	6	110M
57567	845	consensus	12	110M
4808	846	C	6	110M
1676	847	consensus	6	110M
2054	848	A	6	16D118M
58228	849	consensus	9	1M8D109M3D
3196	850	G	9	42M1D68M
556	851	TGTCT	21	110M
556	851	TGTTT	7	110M
1636	852	CCTCGTAAG	7	110M
1636	852	CTCCGTAGG	3	110M
2039	853	AA	5	110M
5041	854	CCTCCAACNGACTTNAAGGAGAGAAGTG	4	3M9D3M13D2M3D102M
58415	855	consensus	4	110M
24	856	consensus	8	111M
2919	857	TCC	15	99M3D11M
3138	858	CC	5	110M1D
809	859	AC	6	110M
1114	860	A	7	110M1D
1839	861	consensus	6	110M
29591	862	CC	4	3D110M
50822	863	consensus	6	110M15D
233	864	CT	8	110M
4342	865	consensus	34	110M
2783	866	consensus	5	1M2D109M10D
12420	867	ATT	7	110M
58416	868	consensus	4	110M
857	869	AA	6	7D113M12D
2637	870	C	8	110M
1491	871	CT	6	110M
2372	872	G	5	1D110M11D
2875	873	C	14	110M
11513	874	C	8	42M2D68M1D
4150	875	consensus	4	110M
2231	876	consensus	22	110M
2247	877	A	12	110M1D
10125	878	G	8	110M
1319	879	TA	10	110M1D
303	880	GT	9	110M
58417	881	consensus	5	110M
58418	882	consensus	4	110M
5253	883	GTC	9	110M1D
2739	884	C	8	110M1D
5186	885	CC	8	110M
6172	886	consensus	8	110M
8484	887	CTAA	7	110M
8396	888	consensus	4	110M
2267	889	C	9	110M
3339	890	consensus	10	110M1D
9451	891	consensus	4	110M
145	892	consensus	9	110M
1007	893	consensus	8	110M
1891	894	GC	5	110M
829	895	consensus	4	13D110M6D
1571	896	AC	20	110M
59	897	GCTGA	14	16D113M10D
502	898	GGG	4	110M
2548	899	ACCC	9	110M
197	900	A	8	110M1D
14603	901	consensus	6	110M
4467	902	consensus	7	110M
825	903	TA	17	110M
35051	904	consensus	5	1M7D109M2D
58419	905	consensus	7	110M
61752	906	consensus	4	110M
2497	907	TAA	5	110M1D
7116	908	A	3	8D110M
7116	908	G	5	8D110M
9202	909	TGAG	8	110M
716	910	G	11	110M
23293	911	G	7	110M
60	912	G	6	4D120M2D
58420	913	consensus	6	110M
2253	914	consensus	4	110M
58421	915	consensus	5	110M5D
58422	916	consensus	7	110M
2789	917	consensus	4	110M
3215	918	TG	16	110M2D
7357	919	GCAGGTTTC	18	110M
58423	920	consensus	5	110M
5734	921	G	6	110M1D
12132	922	consensus	6	110M
31792	923	consensus	4	110M3D
2834	924	C	3	14D116M
2834	924	T	6	14D116M
1772	925	T	8	110M
9140	926	consensus	9	110M
1197	927	G	12	5M1D105M
7130	928	A	7	110M
8023	929	GCCTGG	7	42M1D20M11D48M
25327	930	A	16	110M
23039	931	consensus	4	110M15D
3997	932	consensus	13	110M
5340	933	AA	8	110M
1290	934	consensus	5	16D110M
553	935	consensus	8	4D50M1D60M
5234	936	consensus	4	110M
58424	937	consensus	5	110M
802	938	consensus	4	1D110M9D
1041	939	ATT	7	110M
58425	940	consensus	4	110M
273	941	CG	14	8M2D102M
1906	942	C	4	110M1D
58426	943	consensus	4	110M
3210	944	CT	10	110M
20	945	T	10	11D124M7D
8376	946	consensus	8	24M1D86M
3432	948	TG	10	1M17D116M7D
3665	949	TTCTA	16	110M
34788	950	consensus	5	7D110M9D
10633	951	C	10	110M
12287	952	consensus	4	110M
5579	953	A	13	110M
14794	954	A	6	51M6D59M1D
161	955	TGTGG	5	110M
26898	956	consensus	14	110M4D
8728	957	GGCC	7	110M
9351	958	ATAA	4	110M
3302	959	AGG	12	110M11D
5044	960	consensus	6	110M
2510	961	AT	9	110M
359	962	TA	6	110M
32236	963	A	4	110M6D
56759	964	C	7	110M
10597	965	consensus	7	2M5D108M13D
25931	966	C	7	2D110M16D
5264	967	consensus	4	7M3D103M15D
51033	968	G	11	110M
3984	969	CCCTTGTGN	4	110M5D
9520	970	GGGGGAAAGCAT	5	110M
58427	971	consensus	5	110M
5308	972	TGCCC	6	110M
5561	973	A	6	110M
58428	974	consensus	4	110M
50906	975	consensus	9	110M6D
4213	976	consensus	5	2M7D108M
219	977	consensus	12	110M
58429	978	consensus	9	110M
40451	979	G	5	110M10D
3016	980	A	4	110M
2149	981	consensus	12	110M
6196	982	CAA	5	110M
3593	983	consensus	9	110M
5023	984	A	10	110M
360	986	consensus	6	110M
58430	987	consensus	9	110M
4392	988	consensus	8	110M
17823	989	ATT	8	110M1D
3317	990	TC	9	110M
679	991	TCGTGGAGT	15	110M1D
2977	992	CG	16	110M1D
56	993	TT	15	1M4D117M23D
648	994	consensus	13	110M
1778	995	T	15	110M
1238	996	T	15	18M1D92M2D
58431	997	consensus	4	110M
81	998	consensus	8	112M
7715	999	consensus	5	110M
58432	1000	consensus	6	110M
13924	1001	G	5	110M
4076	1002	C	4	3M1D90M1D17M1D
58433	1003	consensus	9	110M
1710	1004	CC	8	110M
474	1005	consensus	14	110M
1317	1006	CG	4	110M
8245	1007	A	4	110M14D
1812	1008	G	8	110M
6407	1009	consensus	5	110M
23422	1010	T	9	1D110M
4226	1011	consensus	7	110M
3375	1012	T	4	110M
3118	1013	C	10	99M2D11M
5786	1014	C	7	110M
51311	1015	consensus	4	1M1D109M8D
2518	1016	consensus	5	110M2D
3067	1017	TTGT	20	110M
2286	1018	TC	6	110M
1400	1019	TTC	7	110M
2707	1020	consensus	19	110M
4061	1021	T	5	3D110M20D
5532	1022	G	5	110M1D
1326	1023	G	7	110M
9240	1024	consensus	5	110M12D
1279	1025	CACC	6	110M
3560	1026	consensus	8	110M
3780	1027	T	8	110M
1369	1028	consensus	4	110M
56466	1029	consensus	6	110M4D
10532	1030	A	7	100M1D10M
4518	1031	T	6	110M
2270	1032	GT	4	110M1D
1553	1033	CTC	8	110M
315	1034	C	5	110M
8082	1035	CC	8	110M1D
2623	1036	GA	4	110M
1856	1037	T	9	110M1D
3313	1038	consensus	9	110M1D
9687	1039	C	13	110M
19088	1040	C	5	110M5D
29633	1041	consensus	4	110M4D
723	1042	consensus	6	110M
2263	1043	T	5	110M
1504	1044	consensus	4	110M
254	1045	CT	5	110M
274	1046	consensus	6	110M
105	1047	C	4	2M15D108M10D
35632	1048	consensus	7	110M2D
391	1049	consensus	4	110M
4815	1050	consensus	12	110M
58434	1051	consensus	5	14D110M
77373	1052	consensus	5	3D110M
859	1053	A	14	111M
1495	1054	ACTAAT	7	99M5D11M
26407	1055	consensus	12	1M6D109M
8612	1056	ACCTTC	5	8M2D102M
5775	1058	T	5	110M
1691	1059	G	9	110M
8195	1060	AT	12	110M
56264	1061	consensus	12	110M1D
34665	1062	C	6	110M
4804	1063	consensus	11	110M
4069	1064	C	13	110M
1383	1065	consensus	6	110M
220	1066	CAT	7	110M
35465	1068	T	4	110M13D
888	1069	ATG	19	10M1D100M
3677	1070	TCA	14	110M1D
477	1071	GGTCT	16	110M
3988	1072	consensus	13	110M1D
2845	1073	consensus	4	110M19D
5052	1074	consensus	21	110M
1716	1075	consensus	6	110M
800	1076	C	6	110M1D
1427	1077	CG	8	110M
7362	1078	consensus	13	110M
4049	1079	ACTACTGNAGCCGGAACAGAA	10	2M1D6M14D102M1D
1297	1080	A	12	84M2D26M
4692	1081	GCTGTCCT	5	110M2D
43519	1082	consensus	8	12D110M
4894	1083	G	25	110M
1993	1084	G	10	110M
1818	1085	A	11	110M
2142	1086	A	12	9M1D101M1D
18864	1087	consensus	5	110M
38721	1088	consensus	4	4M12D106M
4872	1089	consensus	8	110M
208	1090	C	4	15D110M1D
334	1091	C	4	99M1D11M
3880	1092	A	11	110M
4826	1093	A	10	110M
322	1094	ATG	15	3D118M8D
7274	1095	GA	8	110M
58435	1096	consensus	4	110M3D
1117	1097	A	5	110M
2573	1098	T	8	110M
4142	1099	consensus	4	110M
57961	1100	consensus	4	10D110M
2406	1101	GT	5	110M1D
51213	1102	consensus	6	5D110M
58436	1103	consensus	13	110M
58437	1104	consensus	11	10D110M
3395	1105	T	6	110M
26872	1106	consensus	7	3M11D107M
1641	1107	AA	6	110M
3618	1108	AGCG	4	110M
15637	1109	consensus	4	3D110M5D
998	1110	CC	4	110M
58438	1111	consensus	8	110M
2129	1112	C	26	110M
7311	1113	G	8	110M
4418	1114	GGG	4	110M
3862	1115	consensus	6	5D110M10D
1075	1116	CCC	5	66M3D35M3D9M
55690	1117	A	11	110M
3513	1118	T	8	110M
789	1119	TC	4	110M
58809	1120	consensus	15	91M4D19M
604	1121	consensus	17	110M
4528	1122	CT	5	110M
5424	1123	AA	8	110M1D
2427	1124	T	11	70M1D40M
29334	1125	consensus	6	110M
58439	1126	consensus	4	110M
2279	1127	consensus	16	110M
16060	1128	T	5	110M
5503	1129	A	15	110M
58440	1130	consensus	4	110M
915	1131	consensus	6	110M
2022	1132	consensus	8	110M
715	1133	consensus	6	1M8D116M8D
1544	1134	GC	4	110M
3633	1135	AG	4	110M
6027	1136	GG	4	110M1D
1698	1137	AA	5	110M
121	1138	CAC	12	110M
3276	1139	T	5	110M
1476	1140	GATG	13	110M
25367	1141	consensus	4	110M
1680	1142	T	7	4M1D106M
41532	1143	consensus	4	110M
3832	1144	G	7	110M1D
1861	1145	CG	4	110M1D
679	1146	TAGTGGGAT	23	110M1D
679	1146	TCGTGAGAT	23	110M1D
4587	1147	TC	7	110M
25732	1148	consensus	10	110M
618	1149	consensus	22	102M2D7M1D1M
1779	1150	T	7	110M1D
1814	1151	GGA	9	110M
3576	1152	A	11	20M2D90M1D
23265	1153	consensus	16	4D108M1D2M
58441	1154	consensus	4	110M
58442	1155	consensus	4	110M
57993	1156	consensus	8	8D110M
6462	1157	consensus	4	110M
5251	1158	consensus	5	110M
40197	1159	consensus	4	110M
28790	1160	consensus	6	1M1D109M1D
5746	1161	T	14	110M
1884	1162	G	6	110M
2345	1163	A	7	110M
6943	1164	GC	23	111M
984	1165	CT	22	99M1D11M
670	1166	C	7	110M1D
2475	1167	AAGACTCNN	4	102M4D7M6D1M
39158	1168	consensus	4	110M
42127	1169	G	5	9D110M3D
41110	1170	consensus	7	110M
8381	1171	consensus	23	110M1D
2942	1172	C	8	110M
2942	1172	T	14	110M
5572	1173	consensus	22	110M2D
57387	1174	CA	12	110M
250	1175	consensus	8	110M
6861	1176	A	6	110M
2323	1177	consensus	5	110M
35549	1178	consensus	5	2D110M11D
52638	1179	consensus	5	7D110M
58443	1180	consensus	9	110M
375	1181	consensus	6	61M2D49M1D
14064	1182	C	13	110M2D
7599	1183	consensus	5	110M
58009	1184	consensus	4	110M
66	1185	GTTGTC	6	110M1D
58444	1186	consensus	4	110M
4109	1187	GTCC	16	110M1D
1425	1188	consensus	18	66M1D44M
3617	1189	A	12	110M
2714	1190	consensus	17	110M
58445	1191	consensus	8	120M
2359	1192	C	11	110M1D
1092	1193	AA	14	3M3D113M16D
657	1194	CCGCAGTGCT	12	110M4D
58446	1195	consensus	4	110M
106	1196	TTTTAATATATAGAC	20	110M1D
106	1196	TTTTAATATGTAGAC	20	110M1D
2440	1197	T	5	110M
21226	1198	consensus	7	1M2D109M13D
3307	1199	consensus	4	110M
4635	1200	A	4	31M1D79M
1515	1201	GG	7	110M
32739	1202	consensus	5	12D110M
4345	1203	consensus	8	110M17D
12700	1204	consensus	8	110M19D
26908	1205	consensus	5	4M12D106M
14339	1206	consensus	11	91M1D19M
2437	1207	AG	10	110M
1663	1208	T	4	97M2D2M2D11M
7683	1209	consensus	5	110M
8209	1210	consensus	7	110M
1134	1211	ATGT	9	4D110M2D
58447	1212	consensus	6	110M
4585	1213	G	7	110M
1159	1214	TCA	6	110M2D
5405	1215	consensus	7	110M
8988	1216	consensus	10	73M2D37M
2580	1217	T	7	110M
2605	1218	TGA	10	110M
3439	1219	G	4	110M
2143	1220	T	8	110M
1183	1221	CAAAAA	6	110M
4460	1222	A	8	110M
4202	1223	C	7	110M
58448	1224	consensus	12	110M
34882	1225	consensus	7	2D110M6D
4289	1226	TTAGCA	12	110M3D
1848	1227	consensus	6	110M9D
58449	1228	consensus	4	110M
7778	1229	consensus	4	110M
57034	1230	A	5	110M16D
16665	1231	consensus	6	110M
3050	1232	AAC	4	32M2D78M
1901	1233	consensus	7	37M1D73M
1652	1234	G	7	110M
58450	1235	consensus	8	110M
3484	1236	TCACCGT	4	110M1D
26491	1237	consensus	4	110M7D
14462	1238	A	5	110M
5893	1239	consensus	12	110M
3771	1240	T	5	110M
28651	1241	consensus	10	121M
231	1242	consensus	4	110M12D
1773	1243	consensus	6	110M
2310	1244	GCAA	5	110M1D
29105	1245	consensus	6	3D110M6D
9568	1246	A	4	1M5D109M10D
4315	1247	G	4	110M
58451	1248	G	7	100M3D10M
266	1249	TACC	11	18D117M1D2M
299	1250	GGCCCCACTC	7	110M1D
1457	1251	TTA	8	110M
7618	1252	consensus	6	1M2D109M12D
23133	1253	consensus	5	110M
58452	1254	consensus	9	110M
1634	1255	consensus	7	110M
7218	1256	consensus	6	7D110M14D
37143	1257	GA	6	110M
954	1258	consensus	8	1M7D109M14D
12304	1259	consensus	4	6D110M
1100	1261	T	10	110M
308	1262	ACCTA	5	110M
1152	1263	A	9	110M
41077	1264	consensus	6	113M1D
58453	1265	consensus	4	110M
2667	1266	T	7	110M1D
58454	1267	consensus	4	110M
42545	1269	consensus	5	2D118M
9063	1270	consensus	11	110M
58455	1271	consensus	5	86M2D24M
2767	1272	CCT	5	110M
4134	1273	AC	8	110M
2042	1274	consensus	7	110M18D
1015	1275	consensus	19	110M1D
1261	1276	TT	6	120M14D
58456	1277	consensus	14	110M
1764	1278	consensus	12	110M
4687	1279	A	13	110M
3383	1280	C	5	110M
2160	1281	consensus	7	110M
84140	1282	consensus	16	110M
2387	1283	consensus	12	110M3D
3754	1284	T	4	110M
71072	1285	consensus	4	110M11D
2781	1286	C	7	110M
96	1287	T	12	110M
2146	1288	consensus	4	110M
3882	1289	GT	7	75M11D35M
8395	1290	consensus	6	110M1D
9641	1291	C	4	110M2D
7625	1292	A	7	110M1D
2014	1293	ATGA	9	110M
4163	1294	T	5	110M1D
9089	1295	consensus	9	110M
58457	1296	consensus	4	110M
1656	1297	GGGAT	4	110M
1508	1298	consensus	12	87M1D23M
7303	1299	AAG	5	110M
7489	1300	consensus	9	110M9D
14184	1301	AT	5	109M4D1M
2987	1302	consensus	5	110M
1155	1303	C	5	110M
1675	1304	A	11	43M1D67M
881	1305	consensus	10	110M
2593	1306	consensus	5	7D110M
3443	1307	consensus	8	16D116M7D
1461	1308	GTG	15	110M1D
5088	1309	C	6	8D110M1D
56653	1310	AT	9	110M
2522	1311	GC	4	110M
58458	1312	consensus	19	110M
4176	1313	A	5	110M
2742	1314	consensus	7	110M
960	1315	ATT	12	110M
1953	1316	consensus	11	110M
58459	1317	consensus	6	110M
9217	1318	consensus	9	110M
5309	1319	consensus	4	110M
828	1320	consensus	4	110M
3526	1321	TCGA	7	110M
3603	1322	CCG	9	110M1D
41943	1323	consensus	62	110M1D
1708	1324	consensus	11	110M
5698	1325	consensus	7	110M
5124	1326	consensus	6	110M
5958	1327	consensus	7	110M1D
1431	1328	ATTCG	12	110M1D
1431	1328	TTTCG	12	110M1D
3181	1329	TTAGT	7	110M
2823	1330	AT	10	110M1D
58460	1331	consensus	5	110M
4712	1332	G	7	110M
23171	1333	consensus	5	13D110M
4541	1334	A	12	110M
47970	1335	TCACGGT	6	110M
58461	1336	consensus	11	119M
1809	1337	C	5	110M
55483	1338	T	9	3M4D107M
3943	1339	T	9	110M
393	1340	GT	12	110M
47970	1341	ACGTAAC	11	110M
7004	1342	consensus	6	110M
3332	1343	CC	4	101M1D9M
1443	1344	CG	5	110M
9844	1346	T	11	110M
2224	1347	C	6	110M
58462	1348	consensus	12	110M5D
58463	1349	consensus	5	110M
3020	1350	consensus	5	110M
439	1351	G	5	110M1D
58464	1352	consensus	5	110M
1755	1353	GTA	13	110M1D
1756	1354	GC	4	110M
3698	1355	T	11	110M
4218	1356	C	7	110M
3976	1357	consensus	13	110M1D
9236	1358	C	6	110M
2682	1359	consensus	7	110M
5535	1360	A	8	110M
4282	1361	consensus	5	110M
58465	1362	consensus	5	110M
52	1363	consensus	9	6D118M22D
2702	1364	consensus	8	10M5D100M
5133	1365	consensus	11	110M1D
4438	1366	consensus	8	110M
1600	1367	A	10	110M
3474	1368	consensus	4	1M13D109M
3539	1369	A	8	110M
478	1370	G	5	110M
2455	1371	G	6	110M
5534	1373	AA	7	70M1D40M1D
4000	1374	consensus	13	110M
814	1375	T	7	67M1D43M2D
224	1376	A	7	110M
1805	1377	TG	4	8M1D102M
1765	1378	CA	4	110M
1765	1378	TA	4	110M
7447	1379	CGT	12	110M1D
4334	1380	A	6	110M
3490	1381	C	5	110M
1240	1382	AT	7	110M
7475	1383	C	11	110M
10845	1384	T	5	110M
2363	1385	consensus	5	110M
1711	1386	TG	18	28M11D82M
4425	1387	TGT	5	110M
42231	1388	consensus	5	110M11D
3722	1389	consensus	5	110M1D
3520	1390	T	13	110M
1759	1391	TTTGGCAAGAGGT	8	110M
58466	1392	consensus	10	110M
2628	1393	consensus	8	110M
2414	1394	consensus	6	110M
6826	1395	T	6	5M1D105M
7936	1396	A	8	13D110M6D
5485	1397	CC	5	110M
4638	1398	C	6	35M1D75M
7671	1399	consensus	4	110M20D
1722	1400	TC	4	30M5D80M
58467	1401	consensus	5	110M
56718	1402	consensus	12	2M1D115M
58468	1403	consensus	7	110M
1785	1404	GA	7	110M
3545	1405	C	7	50M1D60M
3252	1406	TTC	8	110M
79186	1407	consensus	11	117M
1462	1408	G	8	110M
1723	1409	consensus	12	110M
13882	1410	TCAG	4	110M
# sstacks completed on 2026-03-06 12:15:06
