# sstacks version 2.68; generated on 2026-03-06 12:15:01
39	1	GC	22	12D112M12D
846	2	TC	26	123M16D
40241	4	AA	29	111M
2299	7	AT	14	21D119M
818	8	GGCAAATGGACA	8	110M
818	8	GGCAATTGGACG	5	110M
62035	9	consensus	34	120M
8182	10	G	21	6D120M12D
20863	11	consensus	22	5D114M
5158	12	T	10	105M1D10M
7582	13	consensus	19	2M1D120M
43	16	AA	20	1M13D118M5D
59	17	GCTGA	16	1M4D120M14D
32469	19	G	16	118M
32470	20	consensus	25	5D116M7D
12841	21	CGG	14	1M4D123M3D
73919	22	consensus	12	115M
21	23	GTCN	20	5D122M16D
5170	24	consensus	13	8D110M1D2M
33	25	TAGAA	19	1M2D120M14D
32471	26	consensus	6	110M
29556	27	T	7	1D110M6D
1135	28	consensus	6	110M
1047	29	consensus	7	110M
7236	30	TAG	7	110M
32472	31	consensus	5	110M
45585	32	consensus	5	110M
2726	33	TGA	6	110M
26995	34	consensus	11	2M2D108M5D
32473	35	consensus	6	110M
32474	36	consensus	5	110M
3723	37	consensus	4	5D110M20D
32475	38	consensus	9	110M
1636	39	TCCTGTGGG	32	110M
19658	40	consensus	5	110M
15164	41	GA	18	67M2D43M2D
1478	42	AC	5	110M3D
32476	43	consensus	6	110M
32477	44	consensus	4	110M
772	45	consensus	5	110M
3883	46	A	10	110M1D
4076	47	C	4	3M1D90M1D17M1D
4965	48	CTC	16	110M
32478	51	consensus	6	5D110M
32479	52	consensus	5	110M
3943	53	T	7	110M
9950	54	C	9	110M1D
10544	55	consensus	7	1M10D109M
1376	56	CC	11	110M
31294	57	consensus	6	110M
1644	58	AT	11	110M1D
32480	59	consensus	5	110M
8412	60	GA	5	110M6D
893	61	CG	8	110M
32481	62	consensus	6	110M
639	63	T	14	110M
32482	64	consensus	4	110M
1752	65	TA	4	110M
3018	66	A	7	110M
9154	67	consensus	8	110M16D
58099	68	consensus	4	110M
32483	69	consensus	7	110M
32484	70	consensus	5	110M
6196	72	CAA	6	110M
3597	73	consensus	4	110M
32485	74	consensus	4	110M
28686	75	consensus	7	110M7D
5441	76	GGGA	5	75M10D35M2D
32486	77	consensus	5	110M
3180	78	T	5	110M
2580	79	T	24	110M
32487	80	consensus	7	110M
29902	81	consensus	4	96M1D14M1D
1856	82	T	13	110M1D
1642	83	T	6	110M
2024	84	AAC	5	110M
32488	85	consensus	4	110M
32489	86	consensus	5	110M
32490	87	A	5	116M
6974	88	consensus	6	16D110M
2368	89	consensus	18	110M2D
3797	90	GG	20	110M
3181	91	TTAGT	8	110M
32491	92	consensus	4	110M
4211	94	T	7	110M
32492	95	consensus	4	110M
1319	96	TG	17	110M1D
848	97	GAT	6	110M
32493	98	consensus	6	110M
5457	99	consensus	13	110M
2896	100	C	13	110M
32494	101	consensus	6	110M
452	102	GC	5	110M
2286	103	TA	4	110M
8981	104	A	10	24M1D86M
684	105	consensus	5	110M
32495	106	consensus	4	110M
32496	107	consensus	6	110M
9057	108	AT	5	110M
26458	109	C	6	20D110M4D
5632	110	C	8	110M
32497	111	consensus	6	110M
32498	112	consensus	9	110M
9435	113	consensus	4	2M18D108M7D
1389	114	TGC	5	110M
32499	115	consensus	11	1M3D109M4D
32500	116	consensus	11	110M
32501	117	consensus	4	110M
1564	118	CT	5	110M
1331	119	consensus	11	110M
1108	120	consensus	4	110M
32502	121	consensus	8	110M
1884	122	G	12	110M
32503	123	consensus	7	110M
32504	124	consensus	4	110M
825	125	TA	18	110M
32505	126	consensus	7	110M
4047	127	TTCTA	4	1M10D109M14D
722	128	consensus	11	110M
9886	129	T	5	110M
32506	130	consensus	5	110M11D
983	131	consensus	6	110M
32507	132	consensus	4	110M
887	133	consensus	9	51M1D59M
8295	134	consensus	12	110M13D
3966	136	A	5	14M1D96M
1661	137	T	5	110M
32508	138	consensus	5	110M
32509	139	consensus	6	110M
8749	140	consensus	6	2M11D108M
2489	141	A	6	110M
2489	141	G	3	110M
32510	142	consensus	13	110M
9113	143	C	5	2M3D108M11D
1822	144	GCCG	5	110M4D
32511	145	consensus	4	110M
669	146	CTGCTT	10	110M1D
771	147	consensus	8	110M
32512	148	consensus	6	110M11D
4369	149	TAGCA	4	110M
4205	150	consensus	6	57M3D53M
32513	151	consensus	5	110M
9520	152	TCGGGGAGGCAT	6	110M
463	153	C	6	110M1D
32514	154	consensus	4	110M
7764	155	consensus	4	110M
32515	156	consensus	6	10D110M9D
32516	157	consensus	4	110M
1755	158	GTA	5	110M1D
32517	159	consensus	5	110M
32518	160	consensus	10	110M5D
32119	161	consensus	6	110M3D
702	162	T	5	110M
32519	163	consensus	7	110M
4789	164	ACT	4	110M1D
32520	165	consensus	4	110M
1175	166	T	5	19D110M4D
32521	167	consensus	6	110M
28150	168	consensus	10	2M4D108M10D
32522	169	consensus	5	110M
3849	170	consensus	9	110M
32523	171	consensus	12	110M
2962	172	GTGCG	8	110M
3169	173	consensus	6	1M12D109M
32524	174	consensus	7	110M
32525	175	consensus	5	110M
2799	176	GCCA	4	100M1D10M2D
1365	177	T	4	110M1D
50895	178	G	6	110M
32526	179	consensus	4	110M
32527	180	consensus	5	110M
72862	181	CCTCGT	16	110M
3552	182	GT	7	110M
32528	183	T	9	15D110M3D
1575	184	AG	10	110M
11435	185	consensus	7	110M7D
32529	186	consensus	9	110M
300	187	consensus	11	110M
7128	188	consensus	4	110M
8161	189	consensus	8	9D110M2D
32530	190	consensus	6	110M
2019	191	GC	6	110M
1134	192	ATGT	6	4D110M2D
14350	193	consensus	5	1D110M18D
5522	194	T	8	110M
31649	195	A	4	1M4D109M13D
32531	196	consensus	7	110M
32532	197	consensus	11	110M
32533	198	consensus	5	110M
32534	199	consensus	5	110M
4318	200	AGT	18	111M
1265	201	consensus	6	110M
3895	202	consensus	4	110M
880	203	G	10	110M
32535	204	consensus	5	110M
16929	205	C	7	10D110M5D
32536	206	consensus	7	110M
16432	207	consensus	9	110M
32537	208	GA	4	110M
32538	209	consensus	4	110M
29674	210	consensus	9	3M9D107M
32539	211	consensus	9	110M
403	212	consensus	4	110M
439	213	G	10	110M1D
932	214	G	15	71M3D39M
3815	215	G	14	110M
32540	216	consensus	8	110M
11559	217	consensus	8	110M4D
32541	218	consensus	11	110M
32542	219	consensus	5	110M
32543	220	consensus	9	110M
18426	221	consensus	5	1M6D109M2D
32544	222	consensus	5	110M
32545	223	consensus	4	110M
556	224	TGTCT	9	110M
1761	225	consensus	4	110M
3419	226	consensus	8	110M
814	227	C	11	110M3D
61851	228	consensus	14	110M
2387	229	consensus	11	112M1D
2807	230	G	17	110M
32546	231	consensus	4	110M
3181	232	TCGAT	11	110M
4990	233	A	17	110M1D
1155	234	C	4	110M
32547	235	consensus	10	110M
3533	236	consensus	12	68M1D42M
32548	237	consensus	19	110M
32549	238	consensus	4	110M
32550	239	consensus	4	110M
32551	240	consensus	9	110M
32552	241	consensus	7	110M
794	242	T	6	110M2D
32553	243	consensus	5	110M
29797	244	consensus	18	110M7D
32554	245	consensus	4	6D110M
4738	246	consensus	13	8D109M1D1M
268	247	G	11	110M
32555	248	consensus	6	110M
3572	249	CA	7	110M
26876	250	C	9	1M13D109M2D
17828	251	AC	5	110M
1193	252	TAC	5	94M1D16M1D
32556	253	G	6	111M
32556	253	T	4	111M
28089	254	consensus	7	110M7D
29629	255	consensus	5	7D110M
32557	256	consensus	8	110M
1461	257	GTG	7	110M1D
32558	258	consensus	6	110M
2165	259	TGGC	4	110M1D
32559	260	consensus	11	110M
32560	261	consensus	9	110M
1984	262	GG	7	110M
32561	263	consensus	11	110M
1111	264	GAC	4	110M
32562	265	A	7	110M
32563	266	consensus	6	110M10D
4415	267	GGA	11	110M
3273	268	A	5	110M
32564	269	consensus	7	110M
4186	270	consensus	8	110M
32565	271	consensus	4	110M
1121	272	consensus	5	21D113M7D
32566	273	consensus	9	110M
32567	274	consensus	9	110M
547	275	consensus	4	110M
32568	276	consensus	7	110M
32569	277	consensus	4	110M
32570	278	consensus	6	110M
5645	279	consensus	7	110M10D
32571	280	consensus	4	110M
9162	281	TT	10	110M1D
32572	282	consensus	8	110M
7133	283	consensus	7	110M1D
32573	284	consensus	4	110M
4108	285	TGT	15	110M
32574	286	consensus	5	110M
32575	287	consensus	5	110M
55	288	GGTAG	8	3M4D114M9D
20376	289	consensus	8	8D110M5D
32576	290	consensus	9	110M
27386	291	consensus	5	19D109M1D1M
9571	292	A	8	110M
32577	293	consensus	6	110M
32578	294	consensus	5	110M
3882	295	GT	32	75M11D35M
15597	296	GATGCTGT	12	4M1D106M
32579	297	consensus	8	110M
1396	298	GTTCAGCGGCC	9	110M
52568	299	consensus	8	40M1D70M
4541	300	A	14	110M
242	301	consensus	8	110M1D
32580	302	A	3	110M
32580	302	G	5	110M
32581	303	consensus	4	110M
31759	304	consensus	4	110M
1906	306	C	8	110M1D
32582	307	consensus	8	110M
944	308	ACGGC	16	110M
32374	309	consensus	7	5D110M2D
32583	310	consensus	5	110M
25178	311	consensus	6	6D110M9D
4966	312	CG	5	110M
2975	313	AAATA	26	105M2D5M
20502	314	CCGCGG	8	110M
10637	315	G	6	110M
29413	316	consensus	4	110M
23127	317	consensus	4	110M
24486	318	consensus	4	1M4D109M7D
32584	319	consensus	5	110M
7262	320	AA	9	110M
32585	321	A	5	110M2D
32586	322	consensus	4	110M
1106	323	AA	13	110M1D
32587	324	consensus	4	110M
3344	325	TCT	8	110M
32588	326	consensus	5	110M
7375	327	G	12	110M16D
6	328	consensus	7	18D119M5D
224	329	A	11	110M
1805	330	TG	6	8M1D102M
32589	331	consensus	10	110M
4834	332	consensus	4	110M2D
28681	333	TTC	13	10D109M4D1M
32590	334	consensus	5	110M
32591	335	consensus	7	122M
1358	336	AGCC	4	110M
32592	337	consensus	4	110M
8369	338	T	8	110M
4638	339	C	6	35M1D75M
32593	340	consensus	4	110M
32594	341	consensus	5	110M
11621	342	T	12	110M
2406	343	GT	5	110M1D
32595	344	G	6	2D110M10D
7108	345	CCAG	4	110M
7108	345	TCAG	3	110M
2617	346	GCGA	6	110M
32596	347	consensus	4	110M
4841	348	consensus	11	7D110M
7786	349	TC	5	110M
5468	350	consensus	19	110M
27831	351	consensus	9	3D109M6D1M
17	352	AC	13	4M8D114M16D
32597	353	consensus	5	110M
32598	354	G	4	110M
455	355	consensus	11	110M1D
12132	356	consensus	4	110M
32599	357	consensus	4	110M
32600	358	consensus	6	110M
7292	359	consensus	7	1D110M
3638	360	consensus	5	110M
2850	361	consensus	8	110M2D
32601	362	consensus	7	110M
1656	363	GGGAT	9	110M
30171	364	G	6	1M1D109M11D
2146	365	consensus	9	110M
8330	366	GC	9	110M
4006	367	GG	10	110M
29437	368	consensus	4	110M
32602	369	A	5	110M11D
2868	370	consensus	5	110M
5069	371	consensus	8	10D110M4D
32603	372	C	4	13D110M1D
32604	373	GAA	11	110M
2307	374	consensus	11	110M
321	375	consensus	9	110M2D
594	376	T	6	110M1D
742	377	consensus	5	110M17D
11637	378	AGT	6	4D110M3D
30482	379	consensus	12	110M7D
6369	380	consensus	5	2M3D108M
70	381	A	9	110M
32605	382	consensus	7	110M
4101	383	consensus	4	110M
32606	384	consensus	8	110M
8826	385	A	6	4D108M1D2M
4300	386	consensus	6	110M
32607	387	consensus	5	110M
1592	388	consensus	11	2D110M4D
32608	389	consensus	4	6D110M
32609	390	consensus	6	110M
32610	391	consensus	9	110M
327	392	consensus	7	110M
2997	393	GAT	6	110M
12949	394	consensus	5	110M17D
3500	395	consensus	15	60M1D50M1D
1727	396	consensus	8	110M
27207	397	consensus	7	110M
32611	398	consensus	6	110M2D
32612	399	consensus	9	110M
32613	400	consensus	4	110M
334	401	C	7	99M1D11M
32614	402	consensus	10	110M5D
32615	403	TG	5	110M16D
608	404	consensus	4	110M
4600	405	TAG	15	110M
30602	406	consensus	5	4D110M1D
3426	407	consensus	5	9D110M18D
18942	408	C	3	110M
18942	408	G	7	110M
32616	409	consensus	5	110M
5011	410	C	6	68M2D42M
32617	411	consensus	5	110M
106	412	TTTTTATACGCATGC	16	110M1D
106	412	TTTTTATACGTATGC	16	110M1D
32618	413	consensus	6	110M
4497	414	TT	18	110M1D
32619	415	consensus	4	2D110M10D
32620	416	consensus	6	2M8D108M7D
3793	417	consensus	7	110M12D
32621	418	consensus	6	110M
32622	419	consensus	6	110M
9298	420	T	10	110M
2865	421	TCGA	18	110M
32623	422	C	4	109M3D1M
32624	423	consensus	5	110M
628	424	TGTC	9	110M
32625	425	consensus	5	110M
3726	426	T	17	110M
1702	427	consensus	13	110M
15657	428	consensus	10	16D110M
32626	429	consensus	6	110M
32627	430	consensus	9	110M
26801	431	consensus	6	4D110M
3459	432	CAAT	7	110M
4836	433	G	9	110M
32628	434	consensus	9	110M
486	435	AGG	7	110M4D
1736	436	GGGGGTAGGCTACA	4	110M
77714	437	consensus	6	110M
32629	438	consensus	8	110M
17468	439	consensus	6	2M5D111M9D
4956	440	consensus	4	110M1D
1187	441	GGTG	8	110M
6470	442	consensus	4	110M
2742	443	consensus	17	110M
138	444	consensus	4	110M1D
3865	445	GTGCCAG	7	110M6D
32630	446	consensus	5	110M
1773	447	consensus	10	110M
8652	448	consensus	6	4M2D106M24D
2824	449	consensus	12	110M
32631	450	consensus	17	2M4D108M3D
32632	451	consensus	7	110M
32633	452	A	4	110M
2766	453	CG	5	110M
8084	454	consensus	6	6D107M7D3M
28966	455	consensus	7	2D110M
1194	456	AAAC	12	110M
1194	456	GAAC	4	110M
32634	457	consensus	11	110M
13603	458	consensus	5	110M4D
32635	459	consensus	8	110M
32636	460	consensus	7	110M
1666	461	AT	5	105M3D5M
31100	462	consensus	7	4D110M
2637	463	C	19	110M
32637	464	consensus	6	110M
32638	465	consensus	4	110M
32639	466	consensus	7	110M
32640	467	AT	11	6D111M
32641	468	TG	13	8M1D90M1D14M
32642	469	consensus	11	110M
2381	470	AAACA	5	110M
2381	470	ATATA	12	110M
32643	471	consensus	8	110M
4692	472	GTTACCCT	7	110M2D
4062	473	AC	12	110M
3485	474	consensus	10	110M
15152	475	consensus	6	4D110M
32644	476	consensus	4	110M
2418	477	CA	7	110M
2418	477	CG	3	110M
32645	478	consensus	7	5D110M
4440	479	A	11	110M1D
10564	480	A	7	12D110M8D
32646	481	G	11	110M
1676	482	consensus	5	110M
4808	483	C	11	110M
32647	484	CA	7	110M
2889	485	consensus	8	110M
3449	486	TAT	10	110M1D
25615	487	consensus	9	1M6D109M5D
32648	488	consensus	4	12D110M
3442	489	consensus	7	110M
7203	491	consensus	14	110M
32649	492	consensus	27	110M
32650	493	consensus	5	110M
32651	494	C	6	1M15D109M
5375	495	consensus	12	110M
3820	496	GT	10	110M
1703	497	CCATATACG	10	60M2D50M
32652	498	consensus	5	110M
32653	499	consensus	4	110M
4176	500	A	5	110M
7808	501	consensus	18	1M15D109M6D
32654	502	consensus	13	110M
32655	503	consensus	6	110M
1182	504	A	14	110M
14457	505	TA	14	110M
3439	506	G	11	110M
9211	507	CA	4	110M
32656	508	consensus	13	110M
2936	509	AGGGA	21	110M
4016	510	GATAC	6	7M1D103M
6943	511	GC	5	110M1D
3594	512	GATA	10	75M1D35M1D
32657	513	consensus	4	110M
1635	514	consensus	7	110M
32658	515	consensus	5	110M
1736	516	GGAGGTGGCCTACA	7	110M
32659	517	consensus	5	110M4D
1005	518	consensus	6	110M
9060	519	T	10	1D114M4D
32660	520	consensus	12	110M
699	521	consensus	8	110M
32661	522	consensus	4	110M
3809	523	G	8	2D110M19D
1628	524	AC	4	110M
7321	525	GA	7	108M2D2M
299	526	GGCCCCACTC	7	110M1D
32662	527	consensus	8	110M
1100	528	T	11	110M
32663	529	consensus	7	110M
32664	530	consensus	8	110M
333	531	C	13	110M
32665	532	C	6	10D110M6D
1249	533	A	8	110M
52867	534	consensus	6	110M
13640	535	consensus	12	110M19D
32666	536	consensus	8	110M
32667	537	consensus	7	110M
898	538	CTATA	17	110M1D
15949	539	consensus	14	110M
1543	540	consensus	13	110M
32668	541	consensus	22	110M
5909	542	G	6	110M
32669	543	consensus	11	13D110M
12168	544	A	8	110M
20831	545	consensus	23	110M1D
4999	546	consensus	10	110M
5177	547	GTA	8	110M6D
32670	548	consensus	17	110M
32671	549	consensus	10	1M3D109M
32672	550	consensus	4	110M
32673	551	consensus	5	110M
19816	552	consensus	4	110M
1794	553	C	5	110M
3766	554	C	10	110M1D
32674	555	consensus	20	110M
32675	556	consensus	22	110M
32676	557	consensus	5	6D110M2D
32677	558	consensus	11	110M
32678	559	consensus	5	110M
32679	560	consensus	4	110M
5182	561	consensus	37	110M
32680	562	consensus	11	110M
26797	563	consensus	11	110M3D
2713	564	CC	6	110M1D
2792	565	GCAGG	13	110M
32681	566	consensus	12	110M
3759	567	T	6	110M
32682	568	consensus	11	110M
32683	569	consensus	9	110M7D
3628	570	G	13	110M
32684	571	consensus	9	110M
32685	572	consensus	6	110M
32686	573	consensus	4	110M
4315	574	G	5	110M
3006	575	AAGTC	6	110M
32687	576	consensus	5	110M5D
32688	577	consensus	6	110M
32689	578	consensus	7	110M
3493	579	G	5	110M
1665	580	GAGA	7	4M5D106M1D
32690	581	consensus	7	110M
9341	582	consensus	6	4M1D106M
32691	583	consensus	11	110M
29676	584	G	4	2D106M3D4M
32692	585	consensus	6	110M8D
3807	586	consensus	21	72M2D38M
4477	587	A	5	110M1D
5358	588	GCC	23	110M
4942	589	consensus	5	110M
32693	590	consensus	4	110M
32694	591	consensus	5	6D110M12D
32695	592	consensus	5	110M
32696	593	consensus	5	110M
1179	594	CC	4	110M
3590	595	consensus	7	11D110M6D
469	596	consensus	9	3M1D118M22D
4248	597	A	6	110M
7108	598	CACA	17	110M
32697	599	AG	6	110M
7251	600	consensus	5	110M
30826	601	consensus	19	110M16D
9653	602	AG	7	14D110M7D
31601	603	consensus	6	7D110M5D
19849	604	consensus	5	2M7D108M3D
7555	605	consensus	19	10M1D100M
32698	606	A	14	5D110M9D
32699	607	consensus	14	6D110M
2309	608	consensus	19	110M
1812	609	G	9	110M
1710	610	CC	28	110M
1521	611	TGTC	5	110M
1508	612	consensus	7	110M1D
2067	613	ATTA	6	110M
2290	614	consensus	19	100M1D3M2D7M
7498	615	consensus	5	110M
23694	616	consensus	20	5D110M
2714	617	consensus	8	110M
30860	618	consensus	4	110M2D
5043	619	C	15	110M
7538	620	A	10	110M1D
2972	621	CGC	6	110M
576	622	TCTT	5	110M1D
3608	623	consensus	5	110M
64	624	C	4	110M
32700	625	consensus	7	110M
32701	626	consensus	8	110M
2877	627	consensus	10	110M
13891	628	consensus	4	16D110M11D
29518	629	AC	5	3M8D107M8D
4736	630	consensus	47	110M
2427	631	T	6	110M1D
1078	632	TGT	13	110M
15538	633	consensus	6	121M10D
32702	634	consensus	7	110M
26423	635	T	7	3D110M16D
1953	636	consensus	5	110M
7278	637	CT	17	110M
32703	638	consensus	8	110M
12088	639	CG	5	43M1D67M
3044	640	TT	8	1M8D109M4D
1259	641	consensus	13	110M
26142	642	A	17	110M8D
305	643	AATC	12	110M1D
381	644	GTACT	10	110M
12959	645	consensus	5	110M15D
3204	646	TTG	20	105M1D5M
2697	647	A	12	110M
32704	648	consensus	7	110M
32705	649	consensus	7	110M
32706	650	consensus	7	110M
32707	651	consensus	8	110M8D
13804	652	consensus	12	115M1D
10690	653	consensus	6	110M13D
3298	654	ACTC	5	110M
7460	655	GTTA	13	110M1D
9466	656	A	6	110M1D
335	658	T	21	110M1D
12962	659	consensus	5	110M
1788	660	A	4	110M
4079	661	TGG	8	110M
677	662	GA	15	110M1D
32708	663	consensus	8	110M
944	664	ATCGG	12	110M
106	665	TTTTAATATGTAGAC	21	110M1D
29306	666	consensus	16	110M4D
32709	667	consensus	5	110M11D
32710	668	consensus	7	110M
32711	669	consensus	5	110M11D
32712	670	consensus	5	110M13D
2043	671	G	7	110M
21227	672	consensus	7	2M15D108M
69	673	TAG	17	110M
15355	674	G	4	110M6D
121	675	TAA	10	110M
121	675	TAC	5	110M
10652	676	consensus	10	110M
32713	677	consensus	5	110M4D
1092	678	AA	7	8D110M17D
1781	679	consensus	13	110M
48691	680	consensus	12	110M
32714	681	consensus	7	110M
4712	682	G	4	110M
32715	683	consensus	5	110M
3480	684	consensus	5	9D110M13D
931	685	A	27	110M
32716	686	consensus	5	110M
32717	687	consensus	9	110M
1939	688	T	10	110M
210	689	consensus	11	110M
490	690	TAA	8	110M1D
32718	691	consensus	4	110M
3592	692	T	4	110M9D
32719	693	consensus	7	110M
32720	694	consensus	6	110M
1454	695	CAAAAG	15	110M
2329	696	consensus	4	110M4D
32721	697	consensus	7	110M
19139	698	A	18	12D110M6D
3747	699	consensus	5	110M
32722	700	consensus	5	110M
6894	701	consensus	6	110M
32723	702	consensus	7	110M
32724	703	consensus	7	110M
32725	704	consensus	12	1M12D109M
4535	705	GCAGGTG	3	110M
4535	705	GCAGTTG	6	110M
4126	706	consensus	13	110M
32726	707	consensus	12	112M
32727	708	consensus	7	6D110M
32728	709	consensus	4	1M11D109M
2521	710	C	4	110M
32729	711	consensus	4	110M5D
32730	712	consensus	9	110M
2827	713	GC	7	110M
2465	714	consensus	7	110M
6107	715	GTT	13	110M
3490	716	C	8	110M
32731	717	consensus	9	110M
32732	718	consensus	4	110M
32733	719	consensus	7	110M
1542	720	CCA	5	110M
2994	721	GT	11	110M
4040	722	consensus	7	110M
32734	723	G	10	110M
32735	724	consensus	5	110M
2445	725	consensus	10	110M2D
851	726	CA	7	110M
4267	727	TAA	5	105M6D5M
32736	728	consensus	19	1M7D109M
4272	729	consensus	11	110M
189	730	A	10	110M1D
17823	731	ATT	18	110M1D
2231	732	consensus	9	110M
5488	733	TT	4	110M
32737	734	consensus	4	110M
84	735	C	4	110M6D
32738	736	consensus	5	110M
2849	737	T	6	110M
1841	738	consensus	26	110M
3540	739	consensus	12	1M3D111M5D
32739	740	consensus	11	110M12D
593	741	CC	14	110M
32740	742	consensus	8	110M
32741	743	consensus	10	110M
7151	744	AA	5	110M
7151	744	CA	3	110M
9541	745	CA	31	110M
9524	746	consensus	12	110M2D
75	747	AAG	4	110M
28461	748	C	7	1M7D109M3D
1431	749	TTTCG	17	110M1D
32742	750	consensus	12	110M
32743	751	consensus	6	110M
1397	752	consensus	23	86M1D24M
32744	753	consensus	4	110M
2798	754	consensus	8	110M1D
39	755	GC	11	1M5D112M18D
1680	756	T	7	4M1D106M
32745	757	CTCA	5	110M
26858	758	consensus	6	6D110M
341	759	TG	5	110M
1678	760	CAC	18	110M1D
5671	761	consensus	4	110M
4001	762	GC	6	110M
32746	763	consensus	7	110M
1137	764	TAC	5	110M
7496	765	GA	16	13D82M1D28M
7496	765	TA	16	13D82M1D28M
7579	766	T	8	1M12D109M
32747	767	consensus	6	1M8D109M8D
361	768	CTC	28	110M2D
9522	769	consensus	4	110M
32748	770	consensus	4	110M
14957	771	consensus	6	110M
13887	772	consensus	12	1M11D109M
1814	773	GGA	14	110M
32749	774	consensus	7	110M
26277	775	TATG	4	110M
14410	776	consensus	12	1M3D109M20D
447	777	CG	16	110M1D
906	778	CT	10	110M
32750	779	consensus	9	110M
32751	780	consensus	12	110M
32752	781	G	8	8D120M
2874	782	G	6	110M
32753	783	C	7	110M
32753	783	T	7	110M
653	784	AATG	5	110M
32754	785	consensus	11	110M
690	786	CTTTATCTA	4	110M1D
4215	787	AAA	7	110M8D
1497	788	consensus	6	110M1D
32755	789	consensus	5	110M
4350	790	consensus	5	1M7D109M8D
32756	791	consensus	9	110M
3727	792	consensus	15	110M
3276	793	T	6	110M
1684	794	AT	19	110M
32757	795	consensus	4	1D110M4D
2670	796	consensus	9	110M
11926	797	consensus	15	110M
4289	798	TCGATG	11	12M3D98M
32758	799	consensus	15	110M
32759	800	consensus	7	110M
3535	801	consensus	4	110M
2532	802	CG	15	110M
1479	803	G	10	110M
15484	804	T	8	110M
32760	805	A	5	1M6D109M7D
25836	806	consensus	5	110M4D
28476	807	AA	13	36M1D74M1D
32761	808	consensus	9	110M
955	809	A	5	110M
1888	810	consensus	9	110M
32762	811	AAAAAA	7	110M4D
5692	812	CG	5	5D110M7D
1052	813	A	5	110M
13139	814	consensus	5	2D112M10D
1762	815	CGA	18	72M2D39M
3475	816	G	7	110M
19185	817	GG	4	110M
32763	818	consensus	11	110M
32764	819	consensus	4	110M
9900	820	consensus	9	110M
2628	821	consensus	5	110M
32765	822	consensus	9	110M
3947	823	consensus	5	110M
170	824	consensus	10	110M
16999	825	consensus	17	110M15D
1352	826	TT	5	110M
32766	827	consensus	10	110M
32767	828	consensus	6	110M
22508	829	consensus	8	110M6D
5318	830	GGAGGTA	6	2M14D108M
32768	831	consensus	4	110M
626	832	T	6	110M
58009	833	consensus	9	110M
5746	834	T	4	110M
32769	835	C	4	2M3D108M
29491	836	AGAG	10	110M1D
2644	837	AT	4	15D110M8D
32770	838	consensus	12	110M
32771	839	consensus	14	120M
3774	840	AGCAT	9	110M
32772	841	consensus	5	110M
5667	842	consensus	17	110M12D
4325	843	GCT	15	85M10D25M
423	844	TAACC	4	110M3D
32773	845	consensus	8	110M
1944	846	GCC	11	110M
5148	847	AA	6	110M
1203	848	GGGC	8	110M
5050	849	consensus	12	110M5D
3456	850	TG	9	110M
657	851	CCGCAGTGCT	7	110M4D
657	851	CTGCAGGGCT	7	110M4D
1117	852	A	4	110M
1119	853	consensus	6	87M1D23M
3911	854	G	7	110M
32774	855	G	14	110M
562	856	consensus	14	110M
1092	857	AA	8	12D116M7D
1852	858	consensus	5	110M11D
2479	859	A	7	110M2D
32775	860	consensus	6	110M
32776	861	G	14	1M3D109M
1999	862	TA	5	110M
2595	863	CGAA	8	110M
20666	864	CT	9	59M1D51M1D
4438	865	consensus	10	110M
2705	866	CAGT	11	1M10D118M15D
56264	867	consensus	5	110M1D
26190	868	consensus	5	110M1D
32777	869	consensus	6	110M
372	870	G	15	110M
15458	871	TG	13	1M7D117M15D
3722	872	consensus	6	110M1D
1452	873	T	12	110M
6927	874	AG	4	2D110M
32778	875	consensus	10	110M
4105	876	A	10	110M
32779	877	consensus	4	110M
32780	878	consensus	12	110M
64635	879	A	4	110M
1229	880	consensus	4	110M
2201	881	GATAC	7	102M1D8M
2201	881	TGTAC	7	102M1D8M
31381	882	consensus	6	12D110M6D
32781	883	consensus	5	110M
32782	884	ACT	9	110M
19046	885	consensus	5	110M
1141	886	G	6	110M
847	887	TATACGT	7	110M
943	888	CG	5	110M1D
3589	889	consensus	7	110M
1952	890	CCG	5	110M
32783	891	consensus	19	110M
32784	892	consensus	9	110M
32785	893	consensus	4	110M
2224	895	C	6	110M
1023	896	CT	8	111M
32786	897	consensus	7	110M
541	898	C	16	1M2D126M13D
32787	899	consensus	9	110M
3644	900	consensus	8	110M
17077	901	consensus	14	2M9D109M
2784	902	consensus	7	110M
1687	903	AG	7	110M
3547	904	G	9	110M
32788	905	consensus	11	110M
3916	906	consensus	12	110M
28756	907	CCA	4	106M1D4M
32789	908	consensus	7	110M
4011	909	consensus	12	110M
1419	910	TGG	12	110M
10028	911	consensus	11	5D110M8D
2715	912	consensus	19	110M
7190	913	GT	4	110M
2403	914	consensus	4	110M1D
1966	915	A	11	110M
3659	916	consensus	8	110M
4682	917	A	15	110M1D
3509	918	AACG	4	98M1D11M1D1M
259	919	AATAT	12	104M2D6M
32790	920	consensus	5	110M
136	921	A	7	110M
1979	922	AG	9	110M1D
1979	922	CG	9	110M1D
32791	923	consensus	5	110M
1092	924	AA	5	1M4D109M21D
184	925	C	5	110M7D
894	926	TGCG	4	110M
32792	927	consensus	4	110M
28160	928	consensus	5	1M9D114M5D
818	929	TCTGATTATGCG	7	110M
32793	930	AAC	9	110M
5287	931	GCCGGCCG	13	113M
391	932	consensus	17	110M
299	933	GGCTTCACTT	6	107M1D3M
30053	934	C	5	113M4D
32794	935	consensus	7	110M
2574	936	GT	5	86M1D24M
495	937	consensus	5	110M
687	938	GA	14	110M
32795	939	consensus	15	110M2D
82863	940	consensus	7	110M
25124	941	ATGA	20	110M
4167	942	consensus	14	110M
686	943	CT	11	22D110M4D
1580	944	CA	7	110M
32797	945	consensus	13	110M
5448	946	T	6	110M2D
10565	947	T	5	110M
230	948	G	10	110M
3332	949	CC	5	101M1D9M
3603	950	CCG	25	110M1D
32798	951	consensus	15	110M
32799	952	consensus	7	4M12D106M
8283	953	AC	4	110M1D
32800	954	consensus	4	110M5D
514	955	T	4	110M
32801	956	consensus	5	110M
1795	957	C	6	110M
32802	958	consensus	9	110M
32803	959	consensus	5	110M
6531	961	T	4	110M1D
32804	962	consensus	5	110M
32805	963	consensus	13	110M
1356	964	consensus	5	110M1D
32806	965	consensus	5	1M2D109M5D
31825	966	consensus	13	110M8D
3377	967	consensus	9	110M
32807	968	consensus	5	110M
32808	969	consensus	4	3D110M
478	970	G	7	110M
51229	971	consensus	10	110M
4619	972	T	8	110M
32809	973	CC	12	13D110M
696	974	A	3	110M
696	974	G	7	110M
31270	975	consensus	6	115M8D
25199	976	consensus	8	13D110M
3116	977	CGA	7	110M
714	978	C	5	110M1D
271	979	GTA	11	110M1D
3529	980	consensus	5	110M1D
5092	981	consensus	6	110M
10950	982	T	11	10D110M
32810	983	consensus	4	110M8D
6568	984	consensus	8	110M
32811	985	consensus	9	110M
4192	986	CT	9	84M1D26M1D
3342	987	A	5	110M
3864	988	consensus	5	110M
32812	989	consensus	6	90M1D20M
32813	990	consensus	5	110M
32814	991	consensus	6	110M
1132	992	GGC	10	1D118M15D
32815	993	consensus	4	110M
32816	994	consensus	4	110M
32817	995	consensus	4	110M
32818	996	consensus	7	110M7D
1004	997	TA	9	110M
32819	998	consensus	6	110M
32820	999	consensus	5	110M
32821	1000	consensus	5	110M
32822	1001	consensus	4	2M2D108M1D
1577	1002	consensus	5	110M
2339	1003	consensus	8	110M
13838	1004	AG	5	110M11D
32823	1005	consensus	6	110M
695	1006	consensus	7	1M6D109M
32824	1007	consensus	5	110M
16747	1008	C	6	9D110M6D
32825	1009	consensus	4	3M7D107M
2068	1010	GA	22	110M
165	1011	CTT	4	36M1D74M
338	1012	GG	14	110M
4197	1013	consensus	9	110M
28024	1014	consensus	4	10D110M
1511	1015	G	17	110M
437	1016	consensus	5	110M
7946	1017	T	5	110M
32826	1018	consensus	20	110M
32827	1019	consensus	7	112M
26514	1020	consensus	4	12D110M
32828	1021	consensus	4	110M
32829	1022	consensus	4	110M
2082	1023	A	5	110M
32830	1024	consensus	5	110M
4187	1025	consensus	12	110M
7475	1026	C	8	110M
4419	1027	consensus	17	110M
32831	1028	consensus	5	110M
32832	1029	consensus	5	110M
2349	1030	consensus	11	110M
1724	1031	consensus	4	110M
32833	1032	consensus	4	110M
5288	1033	consensus	6	110M
32834	1034	consensus	5	110M
14969	1035	consensus	9	5D115M11D
32835	1036	consensus	5	110M
29718	1037	consensus	5	11D110M
4632	1038	C	4	110M4D
12062	1039	ACGAG	9	110M8D
3110	1040	C	5	110M
32836	1041	consensus	6	110M
9202	1042	TGAG	10	110M
1130	1043	ATT	7	6D119M9D
5634	1044	G	4	110M
32837	1045	consensus	8	110M
32838	1046	consensus	4	10D110M3D
26198	1047	consensus	7	110M9D
32839	1048	consensus	9	110M
32840	1049	consensus	5	110M
424	1050	A	5	110M
4226	1051	consensus	19	110M
32841	1052	consensus	5	110M
32842	1053	consensus	11	110M
1169	1054	consensus	9	110M
32843	1055	consensus	6	110M
3526	1056	TCGA	4	110M
4030	1057	AATTCCCTTCAT	6	44M1D66M3D
32844	1058	consensus	7	110M
29662	1059	consensus	12	1M11D25M1D84M1D
32845	1060	G	12	110M
152	1061	C	5	2M13D108M3D
3931	1062	consensus	6	110M11D
472	1063	CCGAGCTA	8	6M1D33M7D71M
32846	1064	consensus	4	110M
32847	1065	consensus	9	110M
716	1066	G	7	110M
32848	1067	consensus	6	110M
1041	1068	ATT	4	110M
7756	1069	GCT	5	110M
7507	1070	consensus	12	110M1D
32849	1071	consensus	7	110M
7576	1072	consensus	10	110M
32850	1073	consensus	4	7D110M
32851	1074	TCGG	23	110M
32852	1075	consensus	6	110M
2194	1076	ACCG	10	110M
2300	1077	C	14	30M4D84M4D
694	1078	consensus	9	110M
32853	1079	consensus	5	110M
14148	1080	TCC	4	3M14D107M12D
32854	1081	consensus	6	110M
32855	1082	consensus	6	5D110M8D
32856	1083	consensus	10	110M2D
32857	1084	consensus	4	110M
32858	1085	consensus	7	110M
7947	1086	consensus	10	6D110M15D
32859	1087	consensus	20	110M
563	1088	G	8	110M
1634	1089	consensus	6	110M
32860	1090	consensus	4	10D109M4D1M
32861	1091	consensus	8	110M
3665	1092	TTCTA	10	110M
32862	1093	consensus	9	11D110M6D
3742	1094	AT	5	110M
32863	1095	consensus	9	110M
5414	1096	TT	10	28M14D82M1D
1861	1097	CG	8	110M1D
3008	1098	consensus	15	110M
7625	1099	A	15	110M1D
32864	1100	consensus	10	110M
2037	1101	consensus	6	110M
32865	1102	consensus	9	110M
9472	1103	consensus	7	110M
2377	1104	ACG	8	58M1D52M
32866	1105	consensus	7	110M
2077	1106	A	9	110M
4003	1107	consensus	8	110M1D
14209	1108	consensus	5	110M
32867	1109	consensus	6	5D110M
10684	1110	consensus	6	11D110M
284	1111	GACA	8	44M1D66M1D
284	1111	GACG	8	44M1D66M1D
12328	1112	G	14	110M
32868	1113	consensus	7	2M2D108M7D
32869	1114	consensus	4	110M
32870	1115	consensus	14	110M
16374	1116	consensus	12	9D110M6D
32871	1117	consensus	8	110M
19365	1118	G	7	4D110M11D
9557	1119	T	4	110M
23133	1120	consensus	16	110M
32872	1121	consensus	7	12D110M
583	1122	G	9	110M
4140	1123	C	10	110M
90272	1124	consensus	6	110M
32873	1125	consensus	6	110M
411	1126	GACA	10	110M
4454	1127	TAT	8	42M1D68M
32874	1128	consensus	5	110M
4403	1129	consensus	4	110M
317	1130	GAC	23	110M
32875	1131	consensus	4	110M
32876	1132	consensus	9	110M
506	1133	G	7	12D110M6D
32877	1134	consensus	7	110M
394	1135	AA	10	1M1D120M19D
32878	1136	consensus	6	110M
2202	1137	consensus	6	110M
12354	1138	T	11	110M
7599	1139	consensus	11	110M
32879	1140	consensus	4	110M
3524	1141	ATA	9	110M
32880	1142	consensus	8	1M4D109M14D
32881	1143	consensus	4	110M
32882	1144	consensus	4	110M
1648	1145	T	6	110M
32883	1146	consensus	7	110M
2777	1147	C	6	110M1D
32884	1148	G	4	110M
32885	1149	consensus	14	110M
32886	1150	consensus	6	110M
3516	1151	G	5	12D110M7D
32887	1152	consensus	4	1D110M8D
25461	1153	consensus	8	27M1D83M
32888	1155	consensus	8	110M
19526	1156	consensus	4	110M8D
2732	1157	AAAC	8	102M1D8M
2732	1157	TAAC	8	102M1D8M
5698	1158	consensus	10	110M
32889	1159	consensus	6	110M
4217	1160	C	4	110M2D
32890	1161	consensus	6	110M
32891	1162	consensus	12	110M
32892	1163	consensus	4	110M
32893	1164	consensus	6	110M
7070	1165	consensus	4	102M6D8M8D
79861	1166	consensus	15	110M
383	1167	AA	5	110M
32894	1168	consensus	5	110M
42	1169	G	8	121M14D
15796	1170	consensus	4	8D110M3D
32895	1171	consensus	7	110M
5319	1172	A	4	110M9D
32896	1173	consensus	6	110M
8082	1174	CC	12	110M1D
32897	1175	consensus	9	110M
1364	1176	consensus	10	110M
25416	1177	consensus	9	110M4D
1858	1178	consensus	8	9D110M12D
2455	1179	G	9	110M
8037	1180	A	10	110M
1116	1181	G	8	1D126M18D
32898	1182	consensus	5	110M
519	1183	G	10	110M1D
9555	1184	consensus	5	110M
8376	1185	consensus	9	24M1D86M
32899	1186	consensus	5	110M
32900	1187	consensus	16	110M7D
32901	1188	consensus	5	110M
7343	1189	A	7	4D110M10D
32902	1190	consensus	7	110M
32903	1191	consensus	4	110M
26958	1192	consensus	6	110M
32904	1193	consensus	4	110M14D
32905	1194	consensus	7	110M
7618	1195	consensus	10	11D110M3D
32906	1196	consensus	7	110M
3909	1197	C	4	50M1D60M
32907	1216	consensus	4	110M
7248	1217	CCAA	8	110M1D
5507	1218	CTT	7	110M
3016	1219	A	4	110M
7568	1220	C	4	4D110M10D
5048	1221	TT	10	110M
111	1222	TC	7	110M
8619	1223	G	8	110M
7227	1224	consensus	21	28M1D82M
997	1225	consensus	5	110M1D
12460	1226	consensus	14	111M11D
2378	1227	CCCAT	8	42M1D68M
27042	1228	consensus	4	110M2D
2716	1229	TA	10	110M
32908	1230	consensus	4	110M
32909	1231	consensus	6	110M
2947	1232	CG	5	110M
2947	1232	GG	6	110M
2391	1233	consensus	5	110M
584	1234	consensus	10	66M4D44M
32910	1235	ATTGG	6	110M
32911	1236	consensus	6	110M
2603	1237	consensus	6	110M
2539	1238	AT	12	110M
32912	1239	consensus	4	2M1D108M
2973	1240	G	15	110M
1113	1241	consensus	4	4M14D106M5D
32913	1242	consensus	6	110M
32914	1243	consensus	9	110M
2295	1244	TACA	4	110M
301	1245	T	7	110M
23180	1246	consensus	5	4D110M
32915	1247	consensus	7	110M
32916	1248	consensus	4	3D110M
3817	1249	G	4	28M4D82M4D
3484	1250	TCACCGT	5	110M1D
14096	1251	consensus	8	10D110M1D
27889	1252	consensus	13	1D110M4D
3683	1253	C	5	110M
32917	1254	TAA	14	110M
2395	1255	A	6	110M
14410	1256	consensus	14	22D105M1D5M
3677	1257	TAA	18	110M1D
3677	1257	TCA	18	110M1D
1491	1258	CT	14	110M
1491	1258	GT	11	110M
878	1259	GTTTT	12	110M
4524	1260	consensus	11	1M5D109M9D
1481	1261	CTGCCGCCCT	6	110M
251	1262	AGGGG	5	110M3D
34850	1263	consensus	10	11D111M8D1M
12311	1264	consensus	4	110M
32918	1265	consensus	4	110M
1693	1266	CCCGTCCGCCG	7	110M1D
406	1267	consensus	7	12D110M8D
17008	1268	consensus	4	110M
9159	1269	consensus	4	110M2D
8351	1270	AAC	7	110M
1951	1271	CC	12	110M
2080	1272	CA	7	110M
32919	1273	consensus	5	110M
479	1274	ATTA	18	65M1D45M1D
479	1274	TATA	18	65M1D45M1D
4549	1275	consensus	9	110M
3050	1276	AAC	16	32M2D78M
1686	1277	AGG	4	110M
32920	1278	consensus	18	1M6D109M
32921	1279	consensus	7	110M
2230	1280	A	6	110M
2230	1280	G	4	110M
49724	1281	consensus	14	110M
32922	1282	consensus	7	8D110M
14794	1283	A	5	110M7D
604	1284	consensus	24	110M
286	1285	C	10	110M
32923	1286	AG	4	110M3D
2171	1287	TGA	5	110M
32924	1288	consensus	4	110M
32925	1289	consensus	5	110M
32926	1290	consensus	17	110M
32927	1291	consensus	6	110M
154	1292	A	7	59M8D51M
32928	1293	consensus	4	110M
7610	1294	consensus	9	110M8D
32929	1295	consensus	5	110M
17969	1296	AGAC	9	110M
32930	1297	consensus	16	110M
5405	1298	consensus	11	110M
1425	1299	consensus	4	66M1D44M
32931	1300	consensus	8	110M6D
32932	1301	consensus	6	110M
32933	1302	consensus	7	110M
28098	1303	consensus	5	1M8D109M5D
32934	1304	consensus	9	110M
32935	1305	consensus	8	110M
32936	1306	consensus	4	110M
651	1307	consensus	8	19D122M7D
3174	1308	GGAG	7	110M1D
438	1309	consensus	8	1M11D109M14D
32937	1310	consensus	4	110M
3625	1311	TTCCTTT	14	110M2D
32938	1312	consensus	17	110M
1759	1313	TTTCGCAAAAGGT	11	110M
1759	1313	TTTGGCAAGAGGT	8	110M
32939	1314	consensus	12	110M
2968	1315	CA	12	110M
2968	1315	TA	31	110M
4929	1316	CTG	6	110M
32940	1317	consensus	9	1M9D109M
29999	1318	consensus	5	110M18D
32941	1319	consensus	5	110M
3492	1320	T	6	110M
32942	1321	consensus	9	110M
4840	1322	consensus	4	110M
32943	1323	consensus	11	110M
1000	1324	consensus	15	110M
32944	1325	consensus	7	110M
1056	1327	consensus	16	110M
3860	1328	consensus	8	7M1D103M
1495	1329	ACTAAT	5	99M5D11M
2305	1330	ATG	4	110M
1400	1331	TCT	5	110M
32945	1332	consensus	6	6D110M8D
5496	1333	T	9	110M
2320	1334	consensus	6	77M6D37M
32946	1335	consensus	7	110M
3470	1336	GC	5	3M1D107M
32947	1337	consensus	5	110M
3061	1338	G	5	110M1D
3010	1339	consensus	29	110M
14813	1340	consensus	4	1M1D109M4D
23329	1341	consensus	5	1M8D109M8D
32948	1342	T	5	2M20D108M3D
1028	1343	T	6	110M
32949	1344	consensus	4	110M
5228	1345	consensus	9	110M
2875	1346	C	16	110M
29122	1347	consensus	5	4M1D106M
2942	1348	C	6	110M
2942	1348	T	9	110M
32950	1349	consensus	8	110M7D
5775	1350	T	10	110M
14994	1351	consensus	4	110M
32951	1352	consensus	5	110M
32952	1353	consensus	12	110M
25611	1354	T	6	110M
1070	1355	consensus	4	7D110M12D
2745	1357	T	7	27M1D83M
32953	1358	consensus	6	110M14D
11817	1359	CA	4	110M
32954	1360	consensus	4	110M
2510	1361	AT	13	110M
32955	1362	consensus	7	110M
32956	1363	consensus	4	110M
32957	1364	consensus	5	110M
32958	1365	consensus	5	110M
7617	1366	GC	6	20M1D90M
32959	1367	consensus	12	110M
789	1368	TC	6	110M
32960	1369	consensus	4	110M
5188	1370	consensus	9	110M
32961	1371	consensus	4	110M
936	1372	GC	14	110M3D
32962	1373	consensus	6	110M
10762	1374	A	9	110M
32963	1375	consensus	4	110M
14419	1376	consensus	12	8D110M3D
701	1377	consensus	6	110M
32964	1378	consensus	9	1D110M
32965	1379	consensus	11	5D110M
7282	1380	consensus	4	110M
32966	1381	consensus	10	110M
3100	1382	C	6	110M1D
3881	1384	ACGC	4	110M
3258	1385	TAA	20	110M1D
4865	1386	CGAAT	6	110M
25214	1387	TT	6	10D110M4D
636	1388	CAGTCATGATTA	13	110M5D
805	1389	consensus	4	110M1D
19860	1390	consensus	6	1M9D109M7D
32967	1391	consensus	10	110M
1533	1392	A	6	110M
71	1393	C	7	110M
21863	1394	C	7	110M
30884	1395	A	17	1M1D109M
32968	1396	consensus	6	110M
32969	1397	consensus	11	19D42M1D68M
1066	1398	ATCT	4	110M1D
4425	1399	TGT	4	110M
4426	1400	T	10	4M1D106M
9849	1401	consensus	8	20D110M
5076	1402	GC	5	110M
4299	1403	AGG	6	110M
32970	1404	consensus	6	110M
7405	1405	CCG	4	47M4D63M2D
4316	1406	ATG	11	110M
1206	1408	TC	10	120M25D
32971	1409	consensus	15	110M
1067	1410	C	23	110M
1739	1411	GAGT	11	110M
32972	1412	consensus	7	110M
32973	1413	consensus	11	118M
4519	1414	A	5	110M
3606	1415	CT	15	110M
197	1416	A	11	110M1D
137	1417	consensus	11	59M4D51M1D
7269	1418	AGCCA	7	106M4D4M2D
629	1419	C	7	110M1D
2893	1420	AC	41	110M
360	1421	consensus	4	110M
27299	1422	consensus	7	110M4D
32974	1423	C	5	110M
7877	1424	consensus	7	1M12D109M3D
3315	1425	consensus	14	110M
2236	1426	consensus	9	110M
6385	1427	A	4	110M
3928	1428	consensus	6	11D110M
32975	1429	consensus	8	110M
22937	1430	C	5	11D110M
32976	1431	consensus	8	110M
2266	1432	consensus	17	8D116M5D
19790	1433	T	4	13D109M1D1M
1809	1434	C	9	110M
4574	1435	G	9	110M
1679	1436	consensus	20	110M1D
592	1437	C	6	110M1D
32977	1438	consensus	4	110M
32978	1439	consensus	12	110M
18281	1440	G	12	1M3D109M
32979	1441	consensus	7	110M
5734	1442	G	5	110M1D
32980	1443	consensus	11	110M
32981	1444	consensus	7	110M
32982	1445	consensus	12	110M
32983	1446	consensus	9	110M
1361	1447	GA	13	110M
3717	1448	consensus	4	10D11M1D99M2D
32984	1449	consensus	6	110M
4053	1450	consensus	4	110M1D
32985	1451	consensus	5	110M
1983	1452	A	7	6M1D104M
1476	1453	GATA	10	110M
32986	1454	consensus	4	110M
32987	1455	consensus	8	110M
5459	1456	A	14	110M1D
15917	1457	consensus	5	111M
32988	1458	consensus	4	110M
4644	1459	G	11	110M
7942	1460	C	14	110M
1716	1461	consensus	9	110M
90	1462	G	10	110M1D
12278	1463	AGAGCAGATTA	11	110M2D
6030	1464	A	6	1M8D109M10D
4371	1465	consensus	6	110M1D
22264	1466	consensus	10	1M12D109M
32989	1467	consensus	9	110M
32990	1468	consensus	8	110M
28986	1469	consensus	9	6D110M
32991	1470	consensus	15	110M
4437	1471	TGAA	14	88M1D22M
8263	1472	C	9	110M
26988	1473	T	8	110M5D
32992	1474	consensus	4	110M
2021	1475	consensus	9	110M
2605	1476	TTA	13	110M
2838	1477	CTGAAT	7	1D110M
2134	1478	A	5	110M
32993	1479	consensus	4	110M
32994	1480	consensus	5	110M
84140	1481	consensus	12	110M
5133	1482	consensus	7	110M1D
2591	1483	consensus	5	110M
9090	1484	consensus	5	10D110M
32995	1485	consensus	13	110M
32996	1486	consensus	4	110M
4827	1487	G	4	110M
3380	1488	T	6	110M
32997	1489	consensus	6	110M
4719	1490	A	8	110M
32998	1491	consensus	5	110M
32999	1492	consensus	4	110M
33000	1493	consensus	7	110M
33001	1494	consensus	4	110M
33002	1495	consensus	6	110M
3656	1496	AC	8	110M
81	1497	consensus	4	110M2D
7434	1498	G	7	96M1D14M
33003	1499	consensus	7	110M
33004	1500	consensus	9	110M
8535	1501	consensus	4	110M
28638	1502	consensus	8	8D110M8D
408	1503	CAC	5	110M
33005	1504	C	7	110M
3913	1505	C	6	110M2D
33006	1506	consensus	7	110M
1382	1507	consensus	14	110M
787	1508	consensus	9	14D113M13D
71072	1509	consensus	10	110M11D
1251	1510	C	4	110M
2079	1511	consensus	6	110M
1651	1512	CG	16	110M
33007	1513	consensus	5	110M
33008	1514	consensus	9	110M
33009	1515	consensus	7	110M
33010	1516	AG	4	110M
33011	1517	consensus	9	110M
861	1518	A	7	110M
33012	1519	consensus	12	110M
33013	1520	consensus	6	110M
8556	1521	GCTA	4	9D110M10D
33014	1522	consensus	7	110M
25577	1523	consensus	10	110M
10695	1524	AG	11	110M
33015	1525	consensus	5	110M
1537	1526	GCTG	28	110M1D
33016	1527	consensus	4	110M
3496	1528	GACT	5	110M
15056	1529	consensus	6	7D110M
100	1530	consensus	15	110M
1673	1531	T	10	110M
33017	1532	consensus	12	110M
33018	1533	consensus	16	110M
3751	1534	C	17	110M
3972	1535	consensus	4	3D110M8D
3865	1536	ATACCAA	7	110M6D
33019	1537	consensus	7	1M2D109M
131	1538	AAA	26	110M
102	1539	CCCG	31	110M
33020	1540	consensus	4	110M
33021	1541	consensus	5	110M
33022	1542	consensus	4	110M
33023	1543	consensus	6	110M
5012	1544	consensus	4	16D110M
1420	1545	TA	22	110M1D
2551	1546	C	7	110M
3753	1547	consensus	12	110M
33024	1548	consensus	9	110M
5540	1550	CA	8	110M
29355	1551	consensus	5	110M
2756	1552	A	8	93M1D17M
1837	1553	consensus	14	110M1D
33025	1554	consensus	12	110M
3210	1555	CT	12	110M
3210	1555	TT	4	110M
2829	1556	CC	12	110M
33026	1557	consensus	8	110M
3957	1558	G	5	110M
9652	1559	C	6	2D110M12D
1154	1560	TT	4	38M2D72M
5232	1561	consensus	9	110M
1901	1562	consensus	12	37M1D73M
59896	1563	T	4	110M
33027	1564	consensus	7	110M
33028	1565	consensus	5	110M
33029	1566	consensus	7	110M
843	1567	ACCAC	8	110M1D
33030	1568	consensus	8	7D110M8D
1326	1569	G	22	110M
33031	1570	consensus	23	110M
1254	1571	GT	6	110M
33032	1572	consensus	4	1D110M8D
12423	1573	CA	4	110M
1550	1574	CT	6	110M
33033	1575	consensus	10	110M
33034	1576	consensus	7	110M10D
7607	1577	C	7	4D110M22D
4588	1578	consensus	14	110M
33035	1579	consensus	9	110M
2626	1580	TC	20	110M1D
31	1581	TACAAAA	11	110M8D
31	1581	TGCAAAA	11	110M8D
31	1581	TGCAGAA	11	110M8D
949	1582	consensus	7	1M19D109M4D
4776	1583	consensus	11	110M
# sstacks completed on 2026-03-06 12:15:01
