# sstacks version 2.68; generated on 2026-03-06 12:15:09
1092	1	AA	16	1M4D120M10D
47760	2	consensus	24	117M
284	3	GACA	9	44M1D66M1D
284	3	GACG	9	44M1D66M1D
61381	4	consensus	19	1D118M
8640	5	consensus	10	1D120M11D
52534	7	consensus	26	114M
1450	8	CACC	27	111M
59468	9	consensus	20	116M
431	10	consensus	18	4D124M10D
2705	11	CAGT	13	1M15D117M11D
443	12	consensus	13	16D111M11D
57965	13	A	7	6D110M15D
57965	13	G	6	6D110M15D
6	15	consensus	18	1M10D116M15D
39	16	GC	13	23D113M
25639	18	consensus	16	113M
62200	19	consensus	34	120M
62201	20	consensus	15	119M
62202	21	AT	6	120M
62202	21	GC	14	120M
6	22	consensus	11	18D115M9D
22989	23	consensus	26	111M
1077	24	C	15	10D121M15D
953	25	CT	11	4D117M11D
56	27	AT	17	9D120M16D
10567	28	consensus	12	1M2D112M8D
40241	29	AA	21	111M
4229	30	A	33	3M4D121M20D
9449	31	consensus	15	1M14D121M
20	32	T	26	10D132M
470	33	AA	32	122M10D
50	34	CGTCNN	15	16D114M8D
62203	39	consensus	17	112M
3361	42	consensus	17	1M9D115M4D
2000	43	consensus	13	14D116M
31948	44	A	16	116M2D
59	45	GCTGA	17	11D115M13D
2414	46	consensus	17	110M
62204	47	consensus	39	118M
4562	48	AG	17	8D124M6D
1362	50	consensus	16	9D116M11D
62205	51	consensus	19	116M
322	52	ATG	18	10D111M8D
23	53	TA	21	12D114M12D
971	54	TGA	20	125M11D
32371	57	AAT	12	23M1D87M1D
32371	57	TAA	12	23M1D87M1D
32371	57	TAT	12	23M1D87M1D
686	58	CT	35	11D117M8D
62206	60	consensus	16	114M
282	61	C	17	21D123M
17253	62	consensus	12	126M
1116	64	G	19	20D118M7D
812	65	A	16	12D118M1D1M
8849	66	T	12	5D111M1D
3970	67	A	34	9D122M4D
469	68	consensus	21	2M2D118M22D
1270	69	consensus	17	1D122M
47991	70	consensus	17	7D114M1D
715	71	consensus	12	2M14D112M5D
39	72	GC	23	121M15D
1362	73	consensus	16	111M25D
7769	74	C	21	9D127M
44	75	AGGCG	22	18D124M
590	76	GT	11	8D122M15D
62207	77	consensus	9	122M
3776	79	C	8	110M
4538	80	CACCTT	4	110M1D
723	81	consensus	6	110M
62208	82	consensus	5	110M
62209	83	consensus	4	110M
370	84	A	7	110M
2114	85	consensus	11	6M14D116M
772	86	consensus	13	110M
58954	87	A	11	113M1D
3910	88	TG	5	110M
3012	89	C	4	110M
16448	90	A	5	110M15D
2613	91	ACTGC	4	110M
14396	92	consensus	6	110M
420	93	T	6	110M
21	95	GTCT	12	22D115M6D
4003	96	consensus	5	110M1D
17	97	AC	10	13D116M13D
30985	98	T	4	2M15D108M
55957	99	consensus	7	1M4D110M
1238	100	T	5	18M1D92M2D
6151	101	consensus	5	2D110M10D
62210	102	consensus	7	110M
5308	103	TGCCC	5	110M
3159	104	consensus	13	110M
4826	105	A	8	110M
31667	106	consensus	5	5D110M5D
62211	107	consensus	5	110M
69	108	TAT	6	110M
564	109	GGA	13	110M
1019	110	consensus	13	110M
14455	111	NC	5	5D110M7D
1001	112	consensus	9	10D110M6D
3933	113	GT	8	110M
62212	114	consensus	5	110M4D
6573	115	A	5	110M1D
42	116	G	9	121M14D
843	117	ACCAC	14	110M1D
7260	118	C	5	110M
3851	119	C	5	1D110M
2150	120	T	9	110M1D
3288	121	C	4	110M
2107	122	consensus	4	110M
2637	123	C	5	110M
4799	124	consensus	5	110M
932	125	A	8	71M3D39M
94	126	consensus	8	3D124M2D
3699	127	C	5	110M
62213	128	consensus	5	110M
35682	129	consensus	11	110M6D
5894	130	TG	9	110M1D
7321	131	GA	6	108M2D2M
894	132	TGCA	5	110M
884	133	A	6	110M
62214	134	consensus	6	110M
22386	135	C	4	110M14D
8659	136	T	7	63M1D47M1D
62215	137	consensus	13	110M
196	138	AA	18	110M
1196	139	AAA	5	110M18D
5364	140	consensus	6	110M
62216	141	consensus	8	110M
41471	142	consensus	5	110M2D
4651	143	CNNCAA	5	1M7D109M10D
4008	144	consensus	11	110M
25293	145	consensus	5	14D110M
62217	146	consensus	4	110M
39937	147	consensus	4	1M5D109M
16076	148	consensus	6	10D110M
30	149	consensus	8	122M15D
62218	150	consensus	9	12D110M
50611	151	consensus	6	1M3D113M1D
9154	152	consensus	10	126M
8195	153	AT	4	110M
3550	154	A	4	110M1D
312	155	ACG	21	16D113M7D
438	156	consensus	9	9D116M8D2M
197	157	A	8	110M1D
10588	159	consensus	14	110M1D
52	161	consensus	16	23D118M5D
3217	162	consensus	4	8D110M
1396	163	GTTCAGCGGCC	8	110M
3470	164	GC	14	3M1D107M
6029	165	A	8	110M14D
540	166	CA	7	110M
5507	167	CCT	5	110M
5507	167	CTT	4	110M
4109	168	GTCC	12	110M1D
3381	169	TTT	16	110M
59323	170	consensus	4	9D110M2D
1603	171	CC	4	39M7D71M
2769	172	consensus	16	42M2D68M
497	173	consensus	6	110M
62219	174	consensus	7	110M
62220	175	consensus	5	110M
4412	176	AAGT	4	110M
3917	177	consensus	7	110M
62221	178	consensus	5	110M
1721	179	consensus	12	110M
20840	180	consensus	5	110M
381	181	GTACT	12	110M
62222	182	CT	7	107M2D3M1D
4272	183	consensus	6	110M
850	184	T	4	110M
3214	185	consensus	5	110M
1851	186	T	7	110M1D
17288	187	consensus	5	110M14D
3176	188	T	7	110M1D
28255	189	consensus	7	110M
45740	190	consensus	4	110M7D
5572	191	consensus	6	110M2D
2972	192	TAT	17	110M
62223	193	consensus	7	110M
2997	194	AAT	6	110M
40761	195	consensus	9	6D110M6D
22710	196	G	5	110M11D
1381	197	TGAATATT	5	110M
7594	198	A	6	110M26D
7262	199	TA	5	110M
2916	200	GA	4	110M
923	201	consensus	5	2D110M3D
61854	202	consensus	8	1D110M
423	203	GGGTC	8	74M2D36M1D
338	204	GG	21	110M
4197	205	consensus	10	110M
5217	206	consensus	10	110M1D
3740	207	consensus	5	110M
5253	208	GTC	8	110M1D
62224	209	consensus	4	110M
62225	210	consensus	7	110M
1585	211	consensus	11	110M
730	212	TTATG	5	114M
1994	213	AACAC	6	110M
3765	214	TA	13	23D119M3D
62226	215	consensus	6	110M
62227	216	consensus	7	110M
2387	217	consensus	5	110M3D
2936	218	GGGGA	6	110M
5703	219	consensus	5	110M1D
2230	220	A	4	110M
7062	221	consensus	6	114M
2378	222	CCTAC	5	110M1D
18705	223	consensus	4	5D110M
62228	224	consensus	11	115M
62229	225	consensus	5	110M
1916	227	consensus	4	110M
10483	228	consensus	11	110M
62230	229	consensus	15	110M
3103	230	CAC	11	110M
59803	231	T	10	120M7D
1181	232	consensus	9	1M11D114M7D
23205	233	consensus	5	110M3D
583	234	G	5	110M
10636	235	consensus	10	10D110M3D
2129	236	C	15	110M
6196	237	CAA	8	110M
4148	238	consensus	4	110M1D
7311	239	G	22	110M
4071	240	TATTGG	26	108M1D2M2D
7128	241	consensus	7	110M
4808	242	C	11	110M
1302	243	consensus	16	110M
11585	244	T	12	110M
1518	245	consensus	7	110M
72891	246	consensus	4	110M
31682	247	C	5	110M
3791	248	consensus	7	1M1D109M19D
57804	250	consensus	10	2M1D108M
5005	251	consensus	11	110M
8525	252	GAC	4	110M14D
2039	253	AA	5	110M
62231	254	consensus	4	110M
62232	255	consensus	6	110M
239	256	C	4	110M
1886	257	ACTT	5	110M
3659	258	consensus	8	110M
62233	259	C	4	110M4D
62234	260	consensus	4	110M
2792	261	GCAGG	4	110M
7708	262	TT	8	110M
3166	263	GC	8	79M1D31M
85	264	consensus	4	110M
3535	265	consensus	4	110M
358	266	TA	5	110M
7216	267	consensus	6	110M
1478	268	AC	6	110M3D
3901	269	TTG	4	110M
62235	271	consensus	4	110M
154	272	G	10	110M8D
62236	273	consensus	5	110M
915	274	consensus	15	110M
47858	275	consensus	5	1D110M
62237	276	consensus	4	110M3D
49	277	consensus	14	1M16D122M11D
1778	278	T	4	110M
3397	279	A	6	110M
62238	280	consensus	4	4D110M
17391	281	T	5	110M1D
41126	282	consensus	7	4D110M
3561	283	consensus	4	110M
1359	284	consensus	5	110M
14794	285	A	4	51M6D59M1D
29118	286	consensus	6	110M16D
5287	287	GCAGGCCG	4	25M3D85M
62239	288	consensus	4	110M
27323	289	consensus	6	1M14D109M
60954	290	AC	10	116M
3677	291	TCA	5	110M1D
52	292	consensus	10	4D121M21D
2481	293	consensus	12	110M1D
1479	294	G	7	110M
62240	295	consensus	4	110M
6030	296	A	6	12D110M5D1M
62241	297	consensus	6	110M
29281	298	consensus	11	18D110M5D
3936	299	C	8	110M
2995	301	GATC	6	110M1D
3319	302	C	4	110M
62242	303	consensus	5	110M
41446	305	consensus	5	110M
1271	306	TA	7	1M13D119M7D
2707	307	consensus	10	110M
1258	308	G	6	110M
56825	309	consensus	5	110M
4703	310	TG	8	85M1D25M
26	311	consensus	19	17D126M3D
1286	312	consensus	4	110M1D
5696	313	AG	5	110M1D
7805	314	AGC	5	110M2D
1389	315	TGC	6	110M
2942	316	C	5	110M
5354	317	C	5	15D110M
62243	318	consensus	15	110M
622	319	consensus	8	110M
7108	320	CACA	7	110M
71	321	C	4	110M
7726	322	T	9	110M
2297	323	T	4	110M
4134	324	AT	8	110M
176	325	consensus	4	110M
62244	326	consensus	4	110M
3571	327	T	4	110M1D
2338	328	consensus	6	110M
3964	329	TG	10	110M
3016	330	A	18	110M
2032	331	AA	32	110M
2279	332	consensus	17	110M
62245	333	consensus	5	110M
9950	334	C	9	110M1D
4697	335	TA	8	110M
62246	337	consensus	4	110M
29923	338	consensus	4	6D110M3D
62247	339	consensus	6	110M
38971	340	consensus	14	110M10D
8994	341	consensus	4	110M
2060	342	CCA	6	110M
62248	343	consensus	8	110M
62249	344	consensus	4	110M
62250	345	consensus	10	110M
1822	346	GCCG	7	110M4D
226	347	consensus	6	110M3D
2320	348	consensus	10	81M2D29M8D
7064	349	G	4	73M8D37M
50	350	TGTCNN	13	1M13D111M13D
5589	351	GCGAAT	6	110M1D
11991	352	consensus	5	5M5D107M4D
1283	353	consensus	5	110M
45606	354	AG	5	55M9D55M8D
408	355	CGT	7	110M
1279	356	CGCT	5	110M
59652	357	consensus	7	110M1D
2886	358	GC	15	110M
17251	359	consensus	6	2D110M
4219	360	TTC	5	110M
638	361	GT	4	110M1D
3302	362	AGG	15	110M11D
4638	363	C	9	35M1D75M
62129	364	consensus	5	110M
1360	365	C	10	101M1D9M
82	366	T	5	110M
2356	367	consensus	10	110M
9709	368	consensus	10	5D112M
8090	369	GGA	4	110M
690	370	CCCAATCCG	10	110M1D
690	370	CCCAATCTG	10	110M1D
7475	371	C	6	110M
10134	372	CA	8	12D114M4D
62251	374	consensus	6	110M
61069	375	consensus	5	5D110M
1251	376	C	8	110M
7678	377	consensus	10	1M11D109M
2584	378	consensus	4	13D110M5D
1964	379	CCTAA	5	110M
321	381	consensus	6	110M2D
1944	382	GCC	4	110M
1159	383	TCA	11	110M2D
745	384	consensus	9	71M1D39M
8776	385	consensus	5	14D110M
38094	386	consensus	5	112M
8348	387	C	5	110M
17681	388	consensus	4	110M1D
1476	389	GATG	7	110M
4300	390	consensus	4	110M
1763	391	G	6	110M
62252	392	consensus	19	110M
314	393	consensus	4	110M
41943	394	consensus	105	110M1D
2884	395	TCG	13	110M
3432	396	TG	8	2M8D118M13D
62253	397	consensus	10	110M
3832	398	G	7	110M1D
3832	398	T	4	110M1D
33436	399	GT	10	110M
4532	400	consensus	10	110M
1992	401	G	7	110M
1410	402	AA	7	10D121M
8199	403	A	9	85M1D30M12D
62150	404	consensus	5	3D110M
6957	405	TC	4	110M
19879	406	consensus	5	8D110M
3572	407	CA	8	110M
8257	408	consensus	6	110M
10	409	C	11	1D119M18D
1566	410	consensus	4	110M10D
2811	411	GCTTA	4	110M
2443	412	C	5	110M1D
5381	413	AA	5	110M
3752	414	consensus	11	110M
5082	415	AT	7	1M12D116M6D
4834	416	consensus	5	110M2D
3313	417	consensus	7	110M1D
9308	418	AT	5	110M
72075	419	consensus	10	110M1D
48156	420	consensus	4	3D110M
3657	421	C	7	110M
3618	422	AGCG	4	110M
19750	423	consensus	11	3M12D111M12D
9129	424	G	6	13D110M3D
292	425	A	12	110M
3589	426	consensus	7	110M
572	427	consensus	5	110M
1521	428	TGTC	5	110M
519	429	G	6	110M1D
4771	431	consensus	5	110M
477	432	GGTCT	4	110M
6943	433	GC	9	110M1D
7700	434	TA	5	110M
2270	435	GT	12	110M1D
1035	436	CCGC	6	110M
5210	438	consensus	7	110M
62699	439	consensus	4	110M
1752	440	TG	4	110M
3154	441	consensus	6	110M
62254	442	consensus	8	110M
550	443	consensus	4	96M1D14M
62255	444	consensus	4	110M
58962	445	consensus	11	114M
2910	446	AT	11	102M3D8M
16022	447	consensus	4	1M3D109M3D
14303	448	consensus	15	110M20D
5534	449	AG	8	70M1D40M1D
2437	450	AG	7	110M
3788	451	CACCGC	18	20D110M
4163	452	T	4	110M1D
1314	453	consensus	8	110M
41189	454	consensus	6	2D110M
1577	455	consensus	8	110M
471	456	consensus	4	67M1D43M1D
3538	457	consensus	4	110M
28736	458	consensus	7	110M3D
3617	459	A	6	110M
5954	460	consensus	7	110M
17449	461	A	19	5D108M5D2M
17449	461	G	8	5D108M5D2M
62256	462	consensus	4	110M
1911	463	TAG	13	3M16D108M11D
10609	464	consensus	12	110M
2469	465	CTA	5	110M
2753	466	consensus	6	110M
49476	467	A	9	110M
17	468	AC	19	27D115M
3430	469	AC	8	13D113M14D
997	470	consensus	8	110M1D
56496	471	consensus	4	1M11D109M
814	472	T	4	67M1D43M2D
35445	473	consensus	5	8D110M
9086	474	consensus	7	1M5D118M1D
189	475	G	10	110M1D
2034	476	CCAT	4	110M1D
68889	477	G	6	110M
32045	478	consensus	5	110M12D
541	479	C	11	1M19D114M8D
53	480	T	26	24D120M5D
62257	481	consensus	4	110M
43519	482	consensus	4	5D110M7D
62258	483	consensus	12	110M
32665	484	C	4	1M3D109M13D
300	485	consensus	12	110M
2172	486	consensus	11	110M
58263	487	consensus	4	110M
853	488	AT	10	110M
2571	489	A	8	110M1D
3948	490	CT	7	108M2D2M
7368	491	consensus	8	110M
62259	492	consensus	4	110M
62260	493	consensus	5	110M
100	494	consensus	6	110M
7625	495	A	7	110M1D
62261	496	consensus	6	110M
19223	497	consensus	7	4D110M8D
2603	498	consensus	8	110M
210	499	consensus	4	110M
490	500	TAA	18	110M1D
4016	501	GATAC	6	7M1D103M
11878	502	consensus	5	110M
62262	503	consensus	5	3D110M
16727	504	consensus	7	110M8D
12488	505	consensus	6	5D120M
4321	506	AC	8	110M
62263	507	consensus	5	110M
19873	508	consensus	7	2M2D108M
4155	509	ACGT	6	110M
14556	510	consensus	7	110M11D
12400	511	consensus	4	110M1D
3181	512	TTAGT	5	110M
9645	513	consensus	5	110M17D
37017	514	T	5	7D110M
1334	515	C	15	100M1D10M1D
657	516	CTGCAGGGCT	11	110M4D
3139	517	CT	10	110M
13554	518	AG	8	5D11M2D109M
20831	519	consensus	75	110M1D
12311	520	consensus	10	110M
285	521	CG	10	110M1D
7326	522	A	7	110M
7460	523	GTTA	7	110M1D
26	524	consensus	17	125M21D
8053	525	AA	7	110M
62264	526	consensus	5	110M
5163	527	consensus	10	110M1D
12370	528	consensus	10	1M14D115M
4479	529	CGTGA	5	110M
295	530	T	10	110M
36499	531	G	5	120M3D
4652	532	consensus	8	110M
5575	533	AT	9	110M
3107	534	consensus	9	110M
1592	535	consensus	5	110M6D
1187	536	AACG	8	110M
5614	537	consensus	5	110M
2223	538	GTTG	12	110M1D
677	539	GA	18	110M1D
787	540	consensus	13	124M16D
3389	541	TCGG	7	74M2D36M12D
62265	542	consensus	5	110M
1663	543	T	5	97M2D2M2D11M
655	544	GC	15	110M
155	545	consensus	10	110M1D
62266	546	consensus	4	110M
62267	547	consensus	9	111M
686	548	CT	7	22D110M4D
4168	549	GGT	4	110M
4169	550	consensus	4	110M
37620	551	consensus	6	3D110M11D
1571	552	AC	10	110M
2970	553	A	7	110M
1869	554	GT	16	110M1D
800	555	C	15	110M1D
5428	556	consensus	22	110M1D
62268	557	consensus	11	110M
1511	558	G	8	110M
1768	559	G	11	22M1D88M
1137	560	TAA	8	110M
13740	561	A	4	2D110M3D
1527	562	C	4	110M1D
44262	563	consensus	4	110M7D
1634	564	consensus	9	110M
4377	565	TA	4	110M
412	566	T	9	110M
8707	567	A	6	110M
2391	568	consensus	7	110M
7858	569	TG	9	110M
393	570	GT	12	110M
4066	572	T	4	110M
5188	573	consensus	10	110M
1259	574	consensus	13	110M
62269	575	consensus	5	110M
39195	576	consensus	7	15D110M2D
2717	577	A	10	110M
5205	578	A	4	110M
9607	579	consensus	4	110M13D
3545	580	C	12	50M1D60M
2067	581	TTGA	6	110M
23160	582	consensus	5	1M1D109M19D
4522	583	consensus	4	1M2D109M
29657	584	consensus	10	7D121M8D
1046	585	GA	10	110M
19952	586	consensus	8	1M8D114M
1100	587	T	9	110M
1094	588	consensus	5	110M
20024	589	consensus	7	122M
1661	590	T	8	110M
56653	591	AT	18	110M
5588	592	TA	5	110M
2594	593	consensus	6	1M18D109M5D
4829	594	C	9	110M1D
4105	595	A	6	110M
3074	596	GA	6	110M
2202	597	consensus	19	110M
30496	598	AG	5	110M
15	600	AT	14	8D125M2D
28712	601	consensus	5	110M
7436	602	GGTT	6	110M1D
3866	603	consensus	13	110M
3981	604	consensus	5	110M
1356	605	consensus	9	110M1D
26593	606	consensus	6	110M
28859	607	consensus	10	16D109M2D1M
1469	608	A	12	110M
5027	609	TC	4	110M1D
8220	610	consensus	10	110M
30834	611	consensus	4	17D110M
10544	612	consensus	6	1M1D109M9D
3883	613	A	6	110M1D
1460	614	consensus	13	110M
1818	615	A	6	110M
4127	616	T	4	107M1D3M
3978	617	TAA	8	64M1D46M
1559	618	T	8	1M1D113M6D
1294	619	G	5	110M
242	620	consensus	4	110M1D
2964	622	consensus	12	110M1D
5557	623	consensus	11	110M19D
5424	624	AA	9	110M1D
4192	625	CT	14	84M1D26M1D
3342	626	A	11	110M
35321	627	consensus	6	6D110M
33	628	TAGAA	25	1M2D120M14D
651	629	consensus	6	13D127M8D
13954	630	consensus	4	110M
3276	631	T	14	110M
30008	632	consensus	4	2M2D108M5D
11367	633	GC	4	12D106M2D4M
147	634	ATTT	8	103M1D7M
3575	635	T	15	112M
2132	636	C	12	94M2D16M1D
36575	637	consensus	5	10D110M
15458	638	GG	9	20D114M5D1M
2530	639	consensus	10	5D110M
1837	640	consensus	13	110M1D
2146	641	consensus	5	110M
30055	642	consensus	6	1M1D120M
7553	644	C	7	110M
2975	645	AAGTA	4	105M2D5M
44902	646	consensus	4	4D110M
4170	647	GC	6	110M2D
58266	648	consensus	5	4M2D106M
5425	649	GG	4	110M
4788	650	consensus	11	110M
62270	651	consensus	30	114M
62271	652	consensus	5	110M
7046	653	T	7	110M
7847	654	T	10	110M
327	655	consensus	4	110M
1839	656	consensus	8	110M
7839	657	CA	7	110M4D
5358	658	GCC	16	110M
54397	659	CCCCGC	10	110M
54397	659	CCCCGT	4	110M
60170	660	consensus	9	110M5D
1773	661	consensus	6	110M
465	662	CT	8	110M
1074	663	TGC	4	110M
10639	664	consensus	16	1M12D109M15D
2253	665	consensus	4	110M
5186	666	CC	11	110M
41671	667	consensus	6	7M7D103M
333	668	C	7	110M
578	669	consensus	5	1M7D109M12D
62272	670	consensus	8	110M
3525	671	A	7	110M
764	672	A	6	110M1D
1141	673	G	9	110M
7362	674	consensus	16	110M
7289	675	G	17	110M
62273	676	consensus	4	110M
10633	677	C	5	110M
30027	678	consensus	4	4D109M2D1M
3035	679	AT	17	110M
8619	680	A	4	110M
38038	681	consensus	4	110M1D
14380	682	consensus	4	110M
32033	683	consensus	4	6D110M12D
29402	684	A	18	110M7D
3116	685	CGA	5	110M
1368	686	consensus	9	110M
9452	687	consensus	4	110M17D
2573	688	T	9	110M
62274	689	consensus	4	110M
602	690	consensus	5	110M13D
4531	691	consensus	16	110M
26331	692	consensus	5	110M
880	693	G	9	110M
4034	694	GA	7	110M3D
7466	695	consensus	14	110M1D
4280	696	T	10	110M
5240	697	CGTGCTGTGC	6	110M
13682	698	consensus	6	110M
16617	699	consensus	5	12D110M
4076	700	C	4	3M1D90M1D17M1D
31438	701	consensus	4	1D110M
5671	702	consensus	6	110M
4001	703	GC	22	110M
1003	704	GTT	5	110M
2574	705	GT	4	86M1D24M
604	706	consensus	7	110M
8020	707	consensus	10	110M
1536	708	CGAC	7	110M
4670	709	consensus	5	3M1D107M10D
9541	710	CA	5	110M
530	711	consensus	10	2M13D116M
2783	712	consensus	11	12D110M
30162	713	consensus	5	12D109M3D1M
1022	714	CT	5	110M
4000	715	consensus	10	110M
1543	716	consensus	11	110M
20666	717	CT	4	59M1D51M1D
55610	718	consensus	4	110M11D
28241	719	consensus	8	12D110M
3682	720	TGCT	4	110M
14386	721	consensus	8	1M11D109M
4737	722	consensus	5	110M
3010	723	consensus	18	110M
4185	724	G	7	39M3D71M
1741	725	consensus	13	110M
7365	726	CCCCC	5	110M
31025	727	consensus	7	110M6D
30883	728	consensus	5	110M15D
1780	729	GTA	10	97M4D12M4D1M
8499	730	consensus	6	17D110M
29132	731	consensus	5	7D110M3D
1005	732	consensus	6	110M
29491	733	AAGC	9	110M1D
29491	733	AGAC	9	110M1D
29491	733	AGAG	9	110M1D
62275	734	consensus	4	110M
62276	735	consensus	4	110M
145	736	consensus	6	110M
3400	738	CTTCC	10	70M2D40M
818	739	TCTGATTATGCG	13	110M
3459	740	GAAT	23	110M
76832	741	consensus	4	110M
8381	742	consensus	5	110M1D
62277	743	consensus	4	110M
17105	744	consensus	6	110M
3754	745	T	7	110M
5667	746	consensus	9	103M2D7M10D
3580	748	GT	6	110M
16273	749	A	11	1M15D109M
8535	750	consensus	4	110M
19399	751	T	13	110M
2896	752	C	5	110M
62278	753	consensus	7	110M7D
14782	754	A	4	110M
3797	755	GG	8	110M
1129	756	AC	7	50M1D60M
25771	757	consensus	5	111M8D
9172	758	G	16	110M1D
4040	759	consensus	6	110M
2626	760	TC	4	110M1D
3215	761	TG	25	110M2D
4643	762	T	5	110M
13220	763	A	5	117M8D
1724	764	consensus	16	110M
5698	765	consensus	8	110M
873	766	consensus	7	100M1D10M1D
3424	767	AA	8	110M
1004	768	TA	5	110M
4499	769	consensus	4	110M
7254	770	G	7	110M
1216	771	T	4	110M
62279	772	consensus	13	110M
447	773	CG	6	110M1D
62280	774	consensus	15	3D110M
437	775	consensus	7	110M
3779	776	ATGN	11	110M1D
4149	777	A	11	110M
315	778	C	5	110M
3664	779	CCTG	16	110M
5303	780	T	5	15D110M7D
1127	781	ACAC	10	110M
62281	782	consensus	6	110M
7394	783	consensus	6	110M10D
8082	784	CC	11	110M1D
2189	785	G	7	110M
5606	786	T	6	110M1D
38182	787	consensus	5	2M6D108M7D
1155	788	C	6	110M
2407	789	consensus	11	110M
469	790	consensus	14	1M13D122M8D
1736	791	GGGGGTAGGCTACA	14	110M
1383	792	consensus	9	110M
2321	793	T	4	110M
62282	794	consensus	5	110M
1171	795	CTCCA	5	110M
5746	796	T	4	110M
23333	797	consensus	7	114M14D
2905	798	AA	14	110M
25199	799	consensus	11	1M12D109M1D
62283	800	consensus	4	110M
26836	801	consensus	8	18D110M
4259	802	CT	4	110M
2935	803	consensus	4	110M
62284	804	consensus	7	110M1D
59360	805	consensus	4	4D110M
62285	806	consensus	15	110M
15606	807	consensus	7	110M3D
2628	808	consensus	7	110M
3766	809	C	5	110M1D
15033	810	T	10	110M
4750	811	consensus	9	110M1D
345	812	A	12	6D121M13D
1168	813	consensus	9	1M9D118M
1785	814	GA	8	110M
3792	815	T	5	110M
23055	816	A	7	6D117M
23055	816	C	3	6D117M
3383	817	C	4	110M
4712	818	G	6	110M
59587	819	consensus	11	110M5D
2402	820	consensus	6	4D109M1D1M
7430	821	consensus	11	110M
8981	822	A	8	24M1D86M
62286	823	consensus	6	110M
2534	824	AC	7	21M1D89M
943	825	CA	5	110M1D
1673	826	T	12	110M
1722	827	TC	4	110M5D
2977	828	CG	6	110M1D
716	829	G	7	110M
10420	830	consensus	7	110M10D
2068	831	GA	7	110M
62287	832	consensus	6	110M
3576	833	A	8	20M2D90M1D
19781	834	consensus	6	1M4D109M
25540	835	TGT	10	110M16D
3649	836	consensus	4	110M
2828	837	A	6	110M
40800	838	consensus	7	5M13D115M
2880	839	GT	4	110M
18902	840	consensus	4	110M3D
23121	841	consensus	10	110M12D
3732	842	consensus	12	110M
62288	843	consensus	12	110M
1261	844	TT	4	1M21D109M3D
1457	845	TTG	8	110M
2739	846	C	9	110M1D
636	847	CAGTCATAACTA	13	110M5D
636	847	CAGTCATGACTA	13	110M5D
636	847	CAGTCGTGACTA	13	110M5D
10763	849	consensus	7	110M
62289	850	consensus	5	3M6D107M
5330	851	CTG	4	110M
5330	851	GTG	11	110M
8733	852	consensus	4	110M7D
50	853	CGTCNN	6	11D111M16D
1254	854	GT	5	110M
5488	855	TT	4	110M
4200	856	consensus	11	110M
3990	857	consensus	5	110M
1399	858	consensus	9	110M1D
11413	859	consensus	8	10D110M
60258	860	consensus	6	110M18D
4176	861	A	4	110M
35836	862	consensus	10	110M15D
7610	863	consensus	7	1M7D110M
1642	864	T	7	110M
3174	865	GGAG	6	110M1D
56792	866	TATA	10	12D110M
62290	867	consensus	4	1M7D109M
1326	868	G	13	110M
15458	869	TG	5	2D122M16D
7481	870	GGT	15	110M
62291	871	consensus	14	110M
62292	872	consensus	10	3D110M
3893	873	AT	8	111M1D
10374	874	consensus	8	110M5D
47970	875	ACGTAGC	4	110M
858	876	consensus	8	104M2D6M
1267	877	A	14	127M11D
9428	878	A	5	110M1D
1759	879	TTTGGCAAGAAGT	8	110M
9908	880	AC	12	26D119M3D
7633	881	consensus	13	117M8D
805	882	consensus	8	110M1D
259	884	AATAT	8	104M2D6M
62293	885	consensus	4	110M
9140	886	consensus	6	110M
7729	887	consensus	7	3M5D107M4D
2666	888	A	4	110M
27409	889	consensus	6	6D110M8D
60219	890	consensus	8	112M6D
62294	891	consensus	9	114M
5158	892	T	4	105M1D5M5D
614	893	CT	5	110M
1550	894	CC	4	110M
46435	895	consensus	7	122M12D
5048	896	GT	6	110M
2115	897	G	10	110M
14009	898	GAAGG	4	6D110M6D
341	899	TG	6	110M
694	900	consensus	5	110M
30446	901	consensus	10	6D114M9D
62295	902	consensus	5	110M
4477	903	A	6	110M1D
2532	904	TG	7	110M
62296	905	consensus	4	110M
4062	906	AT	4	110M
668	907	consensus	8	60M1D50M
62297	908	consensus	4	110M
930	909	consensus	4	110M
19536	910	A	3	110M
19536	910	G	7	110M
56829	911	consensus	4	5D110M
7403	928	TG	5	110M
2206	929	TGACTAC	7	110M
60286	930	consensus	5	110M10D
28805	931	T	4	7D110M
12418	932	consensus	6	110M
60758	933	consensus	5	2M6D108M
14	934	GGCA	7	1M12D111M7D
62298	935	consensus	7	8D110M
3413	936	AC	9	110M6D
55690	937	A	6	110M
4840	938	consensus	8	110M
79861	939	consensus	4	110M
5161	940	C	7	1M12D121M1D
1679	941	consensus	16	110M1D
62299	942	consensus	9	4D110M
2236	943	consensus	15	110M
2757	944	C	5	110M
3409	945	TAG	6	110M
539	946	GGG	7	60M1D50M1D
4204	947	consensus	14	110M
35261	948	consensus	5	5D110M11D
3926	949	consensus	5	1M16D109M7D
3317	950	TC	11	110M
62300	951	consensus	4	110M
2143	952	T	6	110M
32623	953	T	5	3D110M
1218	954	C	5	110M
846	955	TC	10	9D113M16D1M
3331	956	consensus	4	110M
4113	957	consensus	5	1M17D109M
4160	958	consensus	9	110M1D
5893	959	consensus	6	110M
1203	960	AAAC	6	110M
1203	960	GGGC	3	110M
7540	961	AC	8	110M
11796	962	consensus	15	3M8D107M7D
8739	963	T	4	2M13D108M5D
987	964	consensus	4	110M
6861	965	A	5	110M
959	966	consensus	16	110M1D
335	967	T	32	110M1D
18886	968	G	4	1M14D109M1D
3045	969	T	6	110M
8265	970	CACC	6	2D116M20D
1951	971	CC	5	110M
55404	972	consensus	4	5D110M
13436	973	consensus	6	110M1D
3916	974	consensus	5	110M
8282	975	ACAGTG	7	110M
8282	975	TGAGCC	3	110M
19907	976	GA	4	83M2D27M
55992	977	consensus	7	110M9D
3771	978	T	4	110M
1858	979	consensus	16	122M9D
2319	980	consensus	9	1M20D118M9D
966	981	consensus	4	110M
9763	982	consensus	4	110M5D
38203	983	A	13	5D110M7D
39	984	GC	13	12D116M8D
2849	985	T	4	110M
5275	986	CT	10	11D112M
10675	987	consensus	5	5D110M3D
960	988	ATT	5	110M
41655	989	consensus	13	110M
8133	990	consensus	4	110M
11680	991	A	9	110M
303	992	GT	7	110M
31	993	TGTAAAA	4	110M8D
62301	994	consensus	6	112M
1197	995	G	5	110M1D
60	996	G	5	114M12D
60	996	T	7	114M12D
825	997	TA	4	110M
64635	998	A	4	110M
64635	998	G	6	110M
2307	999	consensus	4	110M
8728	1000	GGCC	10	110M
10723	1001	consensus	6	10D110M
7495	1002	G	5	110M
118	1003	CG	12	110M
10430	1004	T	4	110M
2497	1005	TAA	10	110M1D
9767	1006	GTA	6	52M6D58M
7302	1007	T	12	110M
62302	1008	consensus	5	110M
3490	1010	C	4	110M
1494	1011	GC	11	110M
779	1012	consensus	6	110M1D
42096	1013	consensus	4	14D110M
4915	1014	GC	12	110M
33030	1015	consensus	5	110M15D
4299	1016	TGG	4	110M
4460	1017	A	8	110M
4203	1018	consensus	4	110M
1365	1019	T	5	110M1D
1066	1020	ATCT	15	110M1D
1066	1020	GTCT	15	110M1D
106	1021	TTTTAATATGTAGAC	27	110M1D
106	1021	TTTTAATCTGTAGAC	27	110M1D
25653	1022	A	5	7D110M
25653	1022	G	3	7D110M
1700	1023	consensus	5	110M
4692	1024	GTCATCTC	11	110M2D
23133	1025	consensus	5	110M
7187	1026	C	7	110M
7909	1027	GC	8	110M1D
39700	1028	consensus	5	4D110M10D
25175	1029	consensus	8	110M11D
29728	1030	GT	9	110M17D
682	1031	A	6	107M1D3M
18646	1032	consensus	9	110M7D
3880	1033	A	4	110M
26870	1034	consensus	4	110M3D
72862	1035	CCGCGC	3	110M
72862	1035	CCTCGT	8	110M
1461	1036	GTG	5	110M1D
151	1037	AT	4	110M
15347	1038	AAT	4	110M
41038	1039	C	12	110M
1481	1040	CTGCCGCCCT	4	110M
17663	1041	consensus	4	110M
62303	1043	consensus	5	7D110M
150	1044	TT	27	129M
62304	1045	consensus	9	110M
11937	1046	consensus	8	3D110M5D
2510	1047	AT	12	110M
2476	1048	T	10	110M1D
5154	1049	TG	10	1M8D116M10D
62305	1050	consensus	20	110M
6654	1051	consensus	4	110M
62306	1052	consensus	7	6D117M
3258	1053	TAA	5	110M1D
1179	1054	CT	9	110M
4466	1055	T	13	110M1D
19719	1056	consensus	5	1M14D109M
4364	1057	T	7	110M2D
62307	1058	consensus	5	110M
4768	1059	T	10	110M
576	1060	TCTT	4	110M1D
7507	1061	consensus	10	111M
2489	1062	G	9	110M
1193	1063	TAC	4	94M1D16M1D
62308	1064	consensus	9	110M
5911	1065	G	4	110M
40944	1066	consensus	9	3D110M6D
782	1067	CAG	15	3M24D116M4D
4145	1068	consensus	4	110M
8256	1069	GCC	6	104M1D6M1D
50069	1070	TACA	5	4D110M
3439	1071	G	10	110M
3957	1072	G	12	110M
8799	1073	G	11	110M
1676	1074	consensus	5	110M
62309	1075	consensus	5	110M
5980	1076	consensus	6	110M
62310	1077	consensus	17	5D110M
51229	1078	consensus	14	110M
2640	1079	G	7	110M
4236	1080	GAG	6	17D110M4D
62311	1081	consensus	7	110M
4158	1082	consensus	9	110M
4157	1083	consensus	7	110M
6863	1084	consensus	6	110M
57567	1085	consensus	5	110M
1710	1086	CC	5	110M
1194	1087	AAAT	5	110M
2054	1088	T	4	8D110M16D
1794	1089	C	5	110M
2411	1090	AC	6	110M
1805	1091	TG	14	8M1D102M
224	1092	A	12	110M
1069	1093	consensus	4	110M
43306	1094	consensus	4	110M10D
2436	1095	consensus	11	9D121M9D
1169	1096	consensus	5	110M
17004	1097	consensus	4	110M4D
3820	1098	GT	10	110M
2345	1099	A	12	110M
5042	1100	G	11	110M
52147	1101	consensus	5	16D110M
34801	1102	GGCG	7	21D110M
62312	1103	consensus	6	110M
5018	1104	ATT	5	110M
680	1105	G	7	110M2D
1296	1106	CT	4	110M14D
8383	1107	TA	5	1M12D109M
12370	1108	consensus	7	110M20D
821	1109	T	8	110M1D
4481	1110	TT	5	110M
1881	1111	ATACGGTAC	10	103M2D7M3D
2549	1112	A	14	110M1D
2445	1113	consensus	9	110M2D
4722	1114	consensus	14	59M1D51M
1054	1115	C	9	110M
2529	1116	consensus	8	110M
9547	1117	consensus	8	110M
1038	1118	G	8	110M
2893	1119	AC	10	110M
2546	1120	CTC	11	110M1D
51033	1121	G	6	110M
1381	1122	AAACTAAT	4	110M
38096	1123	consensus	5	11D109M2D1M
1352	1124	TT	14	110M
62313	1125	consensus	5	110M
1182	1126	A	12	110M
8482	1127	T	7	110M
2272	1128	TCT	12	63M1D47M
4023	1129	GCTC	11	110M
7465	1130	AAGCG	4	110M
6385	1131	A	7	110M
9466	1132	C	4	110M1D
12700	1133	consensus	8	19D110M
14457	1134	TA	8	110M
4438	1135	consensus	6	110M
2804	1137	consensus	5	110M1D
8330	1138	GC	4	110M
1370	1139	CAAGTN	17	97M2D13M5D
4988	1140	consensus	7	87M1D23M
61716	1141	consensus	13	110M
62314	1142	consensus	5	110M
878	1143	GTTTT	7	110M
21253	1144	consensus	4	110M
62315	1145	consensus	10	11D110M4D
495	1146	consensus	7	110M
26226	1147	A	4	1M14D109M
7233	1148	A	5	110M
3815	1149	G	5	110M
2687	1150	consensus	5	110M
2374	1151	consensus	4	110M
30961	1152	consensus	4	14D110M
22143	1153	C	8	112M
1891	1154	GC	4	110M
4117	1155	G	5	108M1D2M6D
18029	1156	GA	6	2M20D108M
7096	1157	GCATCAAT	4	99M3D11M
11394	1158	C	9	4M1D106M
701	1159	consensus	6	110M
1033	1160	ACTTAC	4	110M
1841	1161	consensus	4	110M
2508	1162	CTT	11	106M1D4M
4289	1163	TTAGCA	5	110M3D
1847	1164	AT	17	57M1D53M
3635	1165	consensus	8	110M
4687	1166	G	14	110M
35325	1167	CG	10	110M
1761	1168	consensus	8	110M
2149	1169	consensus	7	110M
2323	1170	consensus	20	110M
62316	1171	consensus	4	110M11D
2310	1172	GCAA	6	110M1D
9539	1173	consensus	5	110M
2206	1174	CGTTTGC	11	110M
35314	1175	consensus	6	110M12D
1884	1176	G	4	110M
563	1177	G	5	110M
62317	1178	consensus	5	110M
30712	1179	C	6	3D110M
3395	1180	T	9	110M
71072	1181	consensus	12	110M11D
170	1182	consensus	10	110M
6069	1183	CT	7	110M
8819	1184	consensus	8	110M
58517	1185	consensus	4	6D110M4D
7203	1186	consensus	4	110M
61357	1187	consensus	6	110M
3336	1188	CTA	7	110M1D
754	1189	T	4	1M6D109M4D
687	1190	GA	6	110M
2098	1191	consensus	7	3D110M12D
37692	1192	consensus	5	4D109M4D1M
1798	1193	TC	11	109M2D1M
58	1194	consensus	7	1D110M
5148	1195	AC	12	110M
62318	1196	consensus	7	110M
14994	1197	consensus	6	110M
7153	1198	ATAAAT	5	68M4D42M3D
2947	1199	GG	6	110M
4315	1200	G	11	110M
57918	1201	consensus	9	110M6D
3428	1202	consensus	11	8D117M2D1M
# sstacks completed on 2026-03-06 12:15:09
