# sstacks version 2.68; generated on 2026-03-06 12:15:08
7097	1	consensus	14	1M8D118M
284	3	GACA	27	44M1D66M1D
284	3	GACG	27	44M1D66M1D
59	4	GCTGA	23	7D119M13D
469	5	consensus	27	2M2D124M16D
443	7	consensus	20	4D121M13D
55657	8	A	18	13D118M
156	9	AC	27	14D127M13D
281	10	A	19	7D122M17D
50	11	TGTCNN	17	1M7D121M9D
2856	12	consensus	12	127M
26	13	consensus	26	15D131M
971	14	AGA	21	10D112M14D
59217	15	consensus	15	118M
60824	16	consensus	17	118M
50978	17	consensus	25	114M
1089	18	consensus	17	128M24D
1362	20	consensus	17	1M13D111M11D
2705	21	CAGT	15	1M15D124M4D
326	22	consensus	13	2M1D115M25D
58962	23	consensus	17	114M
53	26	T	24	1M21D127M
9449	27	consensus	30	2M4D110M20D
4229	28	A	27	3M4D125M16D
470	29	AA	15	122M10D
6	30	consensus	11	18D115M9D
406	31	consensus	13	1M9D112M8D
56	32	AT	29	12D122M11D
30997	33	C	12	8D118M6D
60825	35	consensus	10	117M
3970	38	A	16	122M13D
4562	39	TG	20	1M21D110M6D
1267	42	A	26	1M17D113M7D
29430	43	consensus	14	121M
5587	44	NCCACGG	14	12D125M
5587	44	CCCAATC	14	12D125M
1092	45	AC	11	18D112M5D
1084	46	C	17	6D126M22D
12	47	G	15	4D111M18D
13671	48	CAAGA	17	17D121M12D
1130	49	ATT	20	1D124M9D
7138	50	GG	4	110M
2924	51	ACTCAAG	5	110M
56487	52	TCT	16	44M1D66M
2206	53	CGTTTGC	8	110M
4632	54	G	6	110M4D
3937	55	C	7	1M9D109M12D
30446	56	consensus	6	1M9D109M10D
2145	57	TTCT	17	44M1D67M1D
10692	58	C	5	110M
14794	59	A	9	51M6D59M1D
16617	60	consensus	9	8D110M4D
131	61	AAA	8	110M
130	62	consensus	8	110M
1666	63	AT	5	105M3D5M
5228	64	consensus	24	110M
8195	65	AT	11	110M
1691	66	G	8	110M
29391	67	T	4	2M8D108M3D
34747	68	consensus	10	1M18D109M
987	69	consensus	10	110M
49613	70	consensus	6	110M
321	71	consensus	19	110M2D
5703	72	consensus	28	110M1D
25589	73	consensus	4	110M7D
3871	74	CCCC	17	27M2D83M2D
2469	75	CTA	11	110M
825	76	TA	8	110M
58009	77	consensus	13	110M
6573	78	A	13	110M1D
60826	79	consensus	4	110M
1705	80	consensus	6	110M1D
4015	81	CT	15	110M
60827	82	G	9	110M5D
4906	83	G	4	110M
2430	84	consensus	5	110M
60828	85	consensus	11	110M7D
60829	86	consensus	9	110M
792	87	AA	16	110M
6927	88	GA	6	2D110M
82863	89	consensus	4	110M
60537	90	consensus	7	110M3D
51229	91	consensus	5	110M
1842	92	A	8	1M1D109M7D
2173	93	C	4	110M
5027	94	TC	10	110M1D
13182	95	consensus	19	110M
58081	96	CATG	11	6M1D104M
4951	97	AC	6	110M
3866	98	consensus	7	110M
1494	99	GC	5	110M
857	100	AA	12	10D110M12D
930	101	consensus	6	110M
17239	102	GCACG	5	4D112M
14488	103	A	9	3D110M11D
60830	104	consensus	4	11D110M
1608	105	consensus	4	110M
5284	106	consensus	5	110M12D
32747	108	consensus	4	110M16D
7683	109	consensus	4	110M
722	110	consensus	6	110M
9886	111	T	5	110M
7682	112	consensus	5	110M
52172	113	consensus	5	110M4D
13794	114	A	5	7D110M7D
5414	115	TT	8	35M7D75M8D
7447	116	CGT	6	110M1D
3339	117	consensus	5	110M1D
5637	118	T	7	1M1D109M9D
1527	119	C	8	110M1D
5270	120	A	10	110M1D
60831	121	consensus	8	110M
289	122	CGTC	5	110M
60832	123	consensus	4	110M
853	124	AT	9	110M
744	125	ACA	16	110M
60833	126	consensus	4	110M
57116	127	consensus	5	9D110M
60834	128	consensus	8	110M
5327	129	A	4	110M
3419	130	consensus	6	110M
8753	131	G	4	110M
5408	132	TC	9	110M10D
1352	133	TG	4	110M
1352	133	TT	4	110M
154	134	G	4	110M8D
388	135	G	5	22M1D88M1D
17867	136	A	7	110M
60835	137	consensus	6	110M
1987	138	consensus	4	110M
60690	139	consensus	5	5D110M
500	140	C	6	110M
60836	141	consensus	12	110M
5522	142	T	17	110M
111	143	TC	5	110M
2074	144	G	5	110M
15	145	AT	6	1M16D118M
370	146	A	7	110M
3451	147	TG	8	110M
4203	148	consensus	8	110M
3860	149	consensus	5	7M1D103M
60837	150	consensus	29	110M
10476	151	consensus	7	110M
4965	152	CTC	7	110M
32371	153	TAA	12	111M1D
301	154	T	7	110M
7531	155	C	4	110M11D
6824	156	consensus	7	110M
9285	157	consensus	7	5D110M
3072	158	T	11	110M
48057	159	consensus	13	110M
22907	160	consensus	5	10D110M
2300	161	C	25	122M
2702	162	consensus	43	10M5D100M
2332	163	consensus	4	110M1D
54226	164	consensus	4	2M18D108M
31677	165	consensus	4	110M15D
5163	166	consensus	18	110M1D
1679	167	consensus	16	110M1D
3997	168	consensus	4	110M
1476	169	GATG	5	110M
9135	170	AA	4	110M1D
2339	171	consensus	10	110M
1761	172	consensus	8	110M
60838	173	consensus	16	110M
1376	174	CT	6	110M
2377	175	ACC	5	110M1D
2995	176	GATC	12	110M1D
1591	177	consensus	10	110M1D
8767	178	CAG	9	110M
3110	179	C	4	110M
56908	180	consensus	5	110M3D
2146	181	consensus	10	110M
5255	182	AC	4	110M
9298	183	T	8	110M
2267	184	C	5	110M
2633	185	T	4	110M
2039	186	AT	6	110M
8965	187	GACG	5	110M
4568	188	consensus	7	110M
60839	189	consensus	7	110M
1392	190	AA	8	110M
60840	191	ATGGAA	31	110M
60841	192	consensus	4	110M
1634	193	consensus	5	110M
5507	194	CTC	6	110M
7802	195	consensus	6	15M1D95M
9541	196	CA	10	110M
8059	197	A	18	1M1D68M1D41M20D
5205	198	A	7	110M
60842	199	consensus	4	110M
3530	200	GC	6	110M
34665	201	T	6	110M
2272	203	TCT	6	63M1D47M
138	204	consensus	16	110M1D
847	205	TATACGT	20	110M
5483	206	consensus	13	110M
13597	207	AG	10	5D110M20D
13597	207	GG	10	5D110M20D
35132	208	consensus	4	110M4D
5154	209	TA	4	1M4D109M21D
6462	210	consensus	11	110M
7865	211	consensus	6	9D110M7D
4126	212	consensus	5	110M
3589	213	consensus	8	110M
16999	214	consensus	13	15D110M
1019	215	consensus	7	110M
3776	216	C	6	110M
1504	217	consensus	4	110M
266	218	TACC	13	18D117M1D2M
3375	219	T	7	110M
60843	220	consensus	4	110M
60844	221	consensus	6	110M
7576	222	consensus	4	110M
5210	223	consensus	13	110M
1822	224	GCCG	26	110M4D
1822	224	GTCG	26	110M4D
2333	225	CTAG	7	14D110M
2495	226	consensus	11	110M
60845	227	consensus	5	110M
3581	228	A	13	110M
3210	229	CT	36	110M
4638	230	C	7	35M1D75M
3932	231	consensus	7	110M
3595	232	C	4	110M1D
52236	233	G	5	110M8D
1908	234	consensus	13	110M1D
1110	235	TC	9	1M6D110M9D
7599	236	consensus	5	110M
3022	237	ATT	7	110M
1756	238	GC	6	110M
3276	239	T	4	110M
1644	240	AT	4	110M1D
3909	241	C	7	50M1D60M
3576	242	A	6	20M2D90M1D
19609	243	TCGATT	7	1M8D109M8D
794	244	T	14	110M2D
60846	245	C	5	110M
60846	245	T	6	110M
4121	246	AA	4	110M
20831	247	consensus	35	110M1D
60847	248	consensus	5	110M11D
50011	249	consensus	6	110M1D
1204	250	consensus	7	110M
1203	251	GGGC	4	110M
15209	252	consensus	4	20D110M
3336	253	CTA	11	110M1D
5118	254	TTAG	6	110M
18125	255	A	7	16D110M
14391	256	GA	13	110M
296	257	C	8	110M
1616	258	T	6	66M1D44M1D
35744	259	consensus	4	12D110M
41330	260	consensus	7	110M4D
4038	261	AGCGA	15	110M
1194	262	AAAT	10	110M
8968	263	consensus	10	110M7D
60848	264	consensus	4	110M
3424	265	AA	4	110M
3424	265	AT	3	110M
41943	267	consensus	54	110M1D
30556	268	consensus	5	1M11D109M
220	269	CAT	5	110M
220	269	CGG	6	110M
2149	270	consensus	8	110M
828	271	consensus	12	110M
997	272	consensus	22	110M1D
7742	273	GC	15	74M1D36M
268	274	G	6	110M
27452	275	consensus	5	110M
4481	276	TT	11	110M
5288	277	consensus	5	110M
60849	278	consensus	4	110M
60850	279	consensus	4	110M
1795	280	C	4	110M
679	281	TCGCAGAGT	4	110M1D
9665	282	consensus	4	11D110M4D
4240	283	CAATGGAA	27	110M
1117	284	A	5	110M
4318	285	AGT	10	110M1D
7522	286	consensus	7	110M
3748	287	consensus	4	110M1D
2270	288	GT	10	110M1D
6697	289	consensus	4	110M14D
1759	290	CCCGGCAAGAGGT	9	110M
312	291	ACG	7	2M12D119M3D
2445	292	consensus	8	110M2D
60851	293	TC	23	118M
12391	294	C	4	110M24D
2395	295	A	5	110M
338	296	GG	10	110M
5893	297	consensus	6	110M
684	298	consensus	11	110M
46440	299	consensus	6	110M
60852	300	consensus	4	110M
10582	301	consensus	5	12D110M1D
7942	302	C	17	110M
4644	303	G	12	110M
4205	304	consensus	7	57M3D53M
4132	305	consensus	8	110M
277	306	consensus	13	110M
3784	307	T	6	110M
2359	308	C	16	110M1D
8037	309	A	8	110M
8799	310	G	11	110M
8873	311	consensus	13	110M
4664	312	GC	5	110M
13607	313	consensus	5	110M
4412	314	AAGT	12	110M
3475	315	G	22	110M
60853	316	consensus	10	110M
12070	317	consensus	15	1D110M11D
6556	318	consensus	4	110M
4109	319	GTCC	5	110M1D
60854	320	consensus	4	110M
21227	321	consensus	17	1M12D109M3D
8256	322	TGC	5	107M1D3M1D
2546	323	CTC	10	110M1D
3653	324	consensus	7	110M
1285	325	consensus	24	110M1D
13951	326	consensus	5	110M4D
35243	327	consensus	4	1M2D109M
30171	328	G	9	8D110M4D
7944	329	consensus	5	110M
60855	330	consensus	4	110M
814	331	T	16	67M1D43M2D
1874	332	consensus	8	38M2D72M4D
412	333	T	6	110M
4155	334	GTGT	8	110M
60856	335	consensus	10	110M
4099	336	CCT	6	105M2D5M
9637	337	consensus	5	16D110M
40915	338	consensus	6	2M9D108M
5746	339	T	6	110M
64635	340	A	24	110M
7585	341	C	8	108M1D2M1D
2032	342	AA	5	110M
34576	343	consensus	4	10D110M
2403	344	consensus	7	110M1D
618	345	consensus	13	102M2D7M1D1M
351	346	consensus	14	110M
10136	347	AAG	9	1D110M
38096	348	consensus	5	3D110M10D
4071	349	TATTGG	20	108M1D2M2D
1159	350	TCA	4	110M2D
4541	351	A	5	110M
2142	352	A	6	9M1D101M1D
7746	353	consensus	11	110M1D
1362	354	consensus	4	1D110M25D
60857	355	consensus	6	1M1D109M
2976	356	AG	9	55M1D55M1D
2977	357	CA	4	110M1D
7202	359	consensus	8	4D110M11D
51033	360	G	16	110M
1983	361	A	12	6M1D104M
1000	362	consensus	10	110M
60858	363	consensus	6	110M
3495	364	AAT	5	110M
3496	365	GGTC	8	110M
3591	366	CC	8	110M
3591	366	CT	4	110M
582	367	consensus	4	87M1D23M
21868	368	consensus	9	1M1D109M15D
7436	369	GGTT	7	110M1D
46307	370	consensus	4	1M15D109M
11716	371	consensus	4	110M3D
3789	372	G	14	110M1D
454	373	C	6	112M2D
4116	374	G	6	110M
8535	375	consensus	38	110M
10125	376	G	10	110M
3765	393	TA	10	1M20D117M7D
1601	394	consensus	7	110M
5474	395	A	4	110M
14492	396	consensus	6	4M2D106M16D
59078	397	consensus	8	110M
30524	398	consensus	6	110M13D
60859	399	consensus	5	110M
1220	400	consensus	32	110M
1399	401	consensus	22	111M
1148	402	consensus	10	110M1D
9280	403	consensus	5	110M
472	404	CCGAGTAG	6	110M8D
151	405	AT	4	110M
1641	406	AA	10	110M
1563	407	A	6	110M1D
3181	408	TCGAT	7	110M
60860	409	consensus	10	110M
1779	410	C	5	110M1D
1779	410	T	4	110M1D
5502	411	G	6	110M
3880	412	A	9	110M
2407	413	consensus	10	110M
60861	414	consensus	4	110M
850	415	T	4	110M
3815	416	G	9	110M
11797	417	consensus	12	3D110M
29112	418	GAT	4	7D110M14D
15792	419	consensus	5	11D110M
39144	420	T	13	115M
13559	421	A	5	110M
2591	422	consensus	13	110M
7207	423	G	5	110M
16665	424	consensus	12	110M
4134	425	AT	19	110M
2277	426	A	6	110M
60862	427	consensus	8	3D110M
42089	428	consensus	4	12D110M
3331	429	consensus	4	110M
4600	431	TGA	18	110M
910	432	G	5	110M
1441	433	GAGCTCGTGA	6	100M1D10M
10721	434	consensus	10	110M
5894	435	TG	12	110M1D
1396	436	GATCAATAGCA	6	110M
4321	437	AC	9	110M
41894	438	consensus	5	1M3D109M6D
10517	439	consensus	7	110M11D
7508	440	T	5	58M10D52M2D
1358	441	AGCC	7	110M
60863	443	consensus	11	110M
60864	444	consensus	6	110M
49	445	consensus	16	23D127M
7078	446	consensus	11	110M
4016	447	GATAC	11	7M1D103M
106	448	TTTTAATCTGTAGAC	8	110M1D
2168	449	A	8	119M10D
1559	450	T	5	1M1D109M10D
718	451	consensus	8	110M1D
8330	452	GC	6	110M
40677	453	consensus	5	1D110M
2942	454	T	20	110M
8389	455	CNNNNGAATGGNNAA	13	1M6D5M2D104M
2893	456	AC	10	110M
2893	456	GC	4	110M
495	457	consensus	5	110M
12	458	G	12	1M7D110M15D
1481	459	ACGCCGCCAG	6	110M
8724	460	G	6	110M
2106	461	TG	4	110M1D
1794	462	C	6	110M
20937	463	A	8	4M13D106M2D
274	464	consensus	10	110M
2564	465	GG	6	110M
56808	466	consensus	6	2D110M
4622	467	CAATGGAAT	17	110M
2905	468	AA	4	110M
1035	469	CCAT	12	110M
7498	470	consensus	20	110M
3676	471	T	8	110M
12433	472	consensus	4	1M12D109M
60865	473	consensus	4	110M
9564	474	TCT	4	110M
701	475	consensus	11	110M
818	476	GGCAAATGGACA	13	110M
818	476	GGCAGATGGACA	8	110M
982	477	ATA	6	110M
47970	478	TCACGGT	8	110M
1847	479	AT	15	57M1D53M
4466	480	T	4	110M1D
576	481	TCTT	14	110M1D
2713	482	CC	7	110M1D
216	483	CCT	6	110M
5376	484	GAACA	5	110M4D
1024	485	G	4	110M
2894	486	AGC	6	110M
3535	487	consensus	7	110M
845	488	T	4	110M
54397	489	CTCCGT	6	110M
41710	490	A	4	6M3D104M
1041	491	ATT	7	110M
60866	492	consensus	9	110M
19312	493	CC	4	6D110M
14462	494	A	4	110M
288	495	G	5	110M
3319	496	C	8	110M
5318	497	GGAGGTA	12	2M14D108M
3618	498	AGCG	7	110M
19909	499	consensus	9	110M
1743	500	consensus	5	15D110M
7699	501	AACT	5	102M3D8M3D
424	502	C	6	110M
7582	503	consensus	6	1M13D109M
1629	504	consensus	13	110M
2679	505	consensus	6	1M2D109M8D
510	506	A	4	6D110M8D
4289	507	TTAGCA	9	110M3D
955	508	T	6	110M
21165	509	A	9	7D110M8D
3008	510	consensus	6	110M
1179	511	CT	15	110M
40620	513	CAATGGAA	13	110M
26862	514	G	5	14D110M6D
8087	515	A	6	110M
8053	516	AA	19	110M
72075	517	consensus	26	110M1D
3509	518	AACG	19	98M1D11M1D1M
3000	519	consensus	5	1M8D109M4D
7233	520	G	7	110M
30087	521	C	5	17D110M
60867	522	consensus	7	110M
26886	523	consensus	4	1D110M9D
657	524	CCGCAGTGCT	15	110M4D
657	524	CTGCAGGGCT	15	110M4D
5503	525	A	4	110M
8627	526	consensus	4	1M6D109M11D
8482	527	T	7	110M
9435	528	consensus	4	7D110M18D
327	529	consensus	12	110M
1023	530	CT	4	110M1D
3518	531	consensus	4	110M
7653	532	CAT	13	110M
22321	533	C	5	110M8D
3514	534	AA	20	110M
60868	535	consensus	4	6D110M7D
11621	536	T	6	110M
60869	537	consensus	6	111M
4140	538	C	4	110M
4227	539	CGTACCAA	6	110M
4227	539	TGTACCAA	4	110M
3526	540	TCGA	9	110M
1137	541	TAA	10	110M
23560	542	consensus	6	110M
3702	543	A	15	110M
3422	544	TCT	7	110M
1258	545	G	19	110M
60870	546	consensus	6	110M
1212	547	GCG	5	110M1D
60871	548	consensus	7	110M
4799	549	consensus	6	110M
843	550	ACCAC	10	110M1D
4862	551	A	9	110M2D
41788	552	consensus	4	110M
1356	553	consensus	6	110M1D
19770	554	consensus	4	1D110M
37672	555	C	10	2D110M17D
2613	556	ACTGC	23	110M
23727	557	consensus	4	110M1D
36345	558	consensus	4	1M1D109M4D
2224	559	C	6	110M
3912	560	GACT	5	110M
42	561	G	6	116M19D
18948	562	ACG	11	110M
732	564	GTGG	13	110M
25422	565	C	5	110M6D
4815	566	consensus	5	110M
2489	567	G	5	110M
8670	568	AC	6	81M12D29M
1780	569	GTA	5	97M4D17M
1724	570	consensus	9	110M
1723	571	consensus	11	110M
60872	572	consensus	6	110M
1719	573	A	9	110M
7909	574	GC	13	110M1D
3971	575	consensus	7	110M
1218	577	C	7	110M
2194	578	ACCA	4	110M
31625	579	consensus	8	9D110M
7216	580	consensus	5	110M
60873	581	consensus	10	110M
344	582	G	8	110M
4316	583	ATG	9	110M
345	584	A	5	14D114M12D
3204	585	GTG	12	105M1D5M
60874	586	consensus	6	110M
5560	587	C	7	110M1D
1671	588	consensus	7	110M
35308	589	consensus	8	121M
846	590	TC	22	1M10D122M6D
23	591	TA	13	1M14D116M7D
60875	592	consensus	9	1D113M
3395	593	T	4	110M
6862	594	TTTT	5	110M2D
2868	595	consensus	6	110M
1190	596	TTTC	11	110M
1651	597	CT	10	110M
5188	598	consensus	15	110M
4066	599	T	9	110M
3916	600	consensus	9	110M
809	601	AC	5	110M
564	602	GAA	7	110M
8422	603	consensus	14	102M1D8M
106	604	TTTTTATACGTATGC	18	110M1D
637	605	consensus	30	110M
60876	606	consensus	5	110M
35207	607	AG	4	1D110M
1004	608	TA	16	110M
1003	609	GCT	6	110M
1755	610	GTA	11	110M1D
3012	611	C	6	110M
4025	612	CG	8	110M1D
1075	613	CCC	5	66M3D35M3D9M
60877	614	consensus	8	117M
21177	615	C	4	5D110M
7321	617	GA	5	108M2D2M
2037	618	consensus	6	110M
3641	619	T	6	68M1D42M1D
694	620	consensus	11	110M
562	621	consensus	19	110M
1677	622	consensus	5	110M1D
3103	623	AGC	3	110M
3103	623	CAC	5	110M
3067	624	ATCG	3	110M
3067	624	TTGT	4	110M
14132	625	consensus	4	86M5D24M3D
2916	626	GA	9	110M
4847	627	T	9	110M1D
1040	628	AGG	11	110M
18513	629	consensus	4	12D110M2D
38971	630	consensus	10	10D110M
2913	632	AG	7	110M
836	633	TT	18	56M1D54M
26230	634	GAA	9	4M1D106M
57574	635	consensus	6	110M
3939	636	consensus	7	110M
8496	637	consensus	4	1M4D109M15D
23417	638	consensus	4	10D110M9D
58306	639	consensus	5	2M7D108M
7481	640	GGA	7	110M
2478	641	T	6	2M2D108M13D
60141	642	CA	6	17M1D93M10D
2327	643	consensus	11	105M1D5M
3503	644	consensus	6	110M16D
42125	645	consensus	6	10D110M1D
3698	646	T	28	110M
1858	647	consensus	15	9D113M9D
2134	648	A	12	110M
636	649	CAGTCATGATTA	20	110M5D
805	650	consensus	13	110M1D
12828	651	T	4	19D110M
2497	652	TAA	31	110M1D
1984	653	GG	6	110M
3678	654	AG	5	22D110M
1635	655	consensus	9	110M
12	656	G	8	12D114M7D
7554	657	A	5	110M
15474	658	consensus	5	12D110M
3569	659	AAG	4	13D110M
2872	660	TT	6	110M1D
699	661	consensus	4	110M
1141	662	G	18	110M
6943	663	GC	10	110M1D
3594	664	GATA	7	75M1D35M1D
52330	665	AAA	6	8M3D102M
2659	666	AGGC	10	55M1D55M2D
1586	667	GTA	9	110M
670	668	C	4	110M1D
8817	669	consensus	4	12D110M4D
1652	670	G	7	110M
56616	671	consensus	6	110M10D
17	672	AC	11	5D120M17D
2811	673	GCTTA	9	110M
60878	674	CATG	9	110M
60879	675	consensus	12	110M
5215	676	GA	8	110M
2839	677	C	10	110M
28782	678	CGA	4	110M18D
816	679	AGA	5	110M1D
1070	680	consensus	5	7D111M11D
1951	681	CC	8	110M
4057	682	C	4	110M
2538	683	consensus	10	79M1D31M
1840	684	consensus	6	110M
7833	685	consensus	15	110M4D
60880	686	consensus	10	110M
58481	687	consensus	9	110M1D
105	688	C	4	2M15D108M10D
584	689	consensus	6	66M4D44M
2391	690	consensus	5	110M
11023	691	CT	4	110M
7854	692	C	6	55M1D55M1D
2516	693	consensus	4	110M
28370	694	TC	4	110M
3214	695	consensus	18	110M
2400	696	GTCA	4	110M
4808	697	C	4	110M
26593	698	consensus	8	110M
60881	699	consensus	11	1M1D109M
5461	700	C	4	110M
8490	701	C	4	1M15D109M
60882	702	consensus	4	110M
7451	703	consensus	8	1M7D113M
179	704	consensus	5	17D110M1D
2236	705	consensus	4	110M
4829	706	C	6	110M1D
47970	707	ACGTAAC	8	110M
7262	708	AA	6	110M
779	709	consensus	16	110M1D
96	711	T	5	110M
3575	712	T	13	110M2D
22285	713	consensus	4	110M6D
60883	714	consensus	4	110M
60884	715	consensus	5	110M
696	716	G	4	110M
7108	717	TCAG	8	110M
3840	718	GAG	6	110M
5549	719	A	5	110M
5217	721	consensus	8	110M1D
3617	722	A	5	110M
1698	723	AA	10	110M
5775	724	T	5	110M
902	725	A	9	110M
3284	726	G	10	110M
8394	727	consensus	10	1M18D109M4D
18478	728	T	7	1M5D110M14D
608	729	consensus	20	110M
60885	730	consensus	4	110M
2256	731	consensus	4	110M
60886	733	consensus	7	1M5D109M
60887	734	consensus	11	110M
21	735	GACN	11	12D118M13D
10486	736	consensus	4	4D110M12D
3915	737	consensus	6	110M1D
2406	738	GT	7	110M1D
1271	739	TA	7	1M13D120M6D
60888	740	consensus	6	110M
1216	741	T	4	110M
19399	742	T	4	110M
3990	743	consensus	4	110M
577	744	TGT	8	110M
3281	745	consensus	12	68M2D42M1D
59995	746	consensus	5	110M2D
3250	747	A	8	110M
3380	748	T	31	110M
10240	749	G	5	9D110M4D
526	750	consensus	5	30M1D69M2D11M
8464	751	A	5	110M
4050	752	consensus	4	1M10D109M8D
9109	753	consensus	11	110M
2923	754	GCC	5	110M
60889	755	consensus	4	110M
60890	756	consensus	8	110M
1246	757	T	6	110M
15362	758	consensus	6	110M1D
1389	759	TGC	6	110M
23697	760	A	5	5D110M6D
7080	761	consensus	11	5D110M
778	762	consensus	12	110M
60891	763	consensus	4	110M
59459	764	consensus	5	110M
19585	765	consensus	24	110M
30700	766	consensus	14	110M
60892	767	consensus	6	110M
60893	768	consensus	12	110M
5375	769	consensus	12	110M
4169	770	consensus	13	110M
6356	771	C	4	110M17D
31	772	TGCAGAA	12	110M8D
31479	773	consensus	7	10D110M6D
13902	774	consensus	10	118M8D
60894	775	consensus	7	110M
1361	776	GA	8	110M
1637	777	CCT	5	110M
17963	779	consensus	7	4D110M
12420	780	ATT	7	110M
29182	781	consensus	4	10D109M2D1M
10405	782	consensus	4	5D110M15D
1736	783	AGGGGTGGGTTACA	4	110M
15936	784	consensus	6	7D110M
715	785	consensus	9	4D121M8D
60895	786	consensus	8	110M
7046	787	T	4	110M
2851	788	TG	4	110M1D
7791	789	consensus	13	5D113M1D
1958	790	consensus	6	110M
1118	791	A	12	110M
1856	793	T	6	110M1D
17511	794	consensus	10	16D110M
60896	795	consensus	5	110M
1562	796	consensus	4	1M1D109M16D
11250	797	C	8	110M
3010	798	consensus	12	110M
60897	799	consensus	5	1M1D109M
1009	800	T	7	110M1D
115	801	consensus	23	110M1D
60898	802	consensus	5	110M
60899	803	consensus	5	110M
60900	804	consensus	4	110M
2043	805	G	11	110M
2968	806	CA	5	110M
5535	807	A	8	110M
12328	808	G	17	110M
28535	809	consensus	11	110M9D
3168	810	AC	7	10D110M12D
2160	811	consensus	6	110M
1466	812	GG	4	110M4D
58400	813	T	12	110M1D
60901	814	consensus	5	1M1D109M
11123	815	consensus	4	12D110M
60902	816	consensus	7	110M
60903	817	consensus	5	110M
60904	818	consensus	4	110M
59039	819	consensus	5	110M
16037	820	NNNCTTAT	11	13D118M
3656	821	AA	12	110M
3180	822	T	7	110M
35519	823	consensus	5	110M
3755	824	AAGA	6	110M
35448	825	A	15	110M4D
11462	826	consensus	5	11D119M
9023	827	C	4	8D110M10D
19750	828	consensus	11	4D120M12D2M
3943	829	T	6	110M
60905	830	consensus	14	110M
170	831	consensus	5	110M
36382	832	C	5	41M5D69M3D
27913	833	CAA	4	9M2D101M
5120	834	consensus	6	110M7D
1077	835	C	8	21D118M7D
60906	836	consensus	5	110M
4030	837	AATTCCCTTCAG	19	44M1D66M3D
2048	838	AG	7	18D110M
512	839	consensus	6	90M8D20M
118	840	CG	5	110M
2987	841	consensus	4	110M
60674	842	A	4	110M2D
4737	843	consensus	6	110M
2777	844	C	5	110M1D
1686	845	AGG	11	110M
60907	846	consensus	6	110M
37864	847	consensus	6	110M
13436	848	consensus	4	110M1D
6224	849	CT	5	110M
790	850	CG	12	110M
60908	851	consensus	12	111M
2870	852	consensus	6	110M
10430	853	T	10	110M
18844	854	consensus	18	110M
4097	855	T	10	110M
7511	856	GA	5	1M8D109M
7785	857	G	5	8D110M11D
682	858	A	9	107M1D3M
26315	859	consensus	7	2M7D108M1D
2137	860	consensus	7	110M10D
60909	861	consensus	11	110M
1654	862	consensus	4	110M1D
9582	863	AT	4	110M
7467	864	consensus	5	110M10D
4789	865	ACT	9	110M1D
4420	866	AAA	5	110M
27454	867	T	11	110M
2532	868	CG	7	110M
5698	869	consensus	10	110M
8080	870	consensus	11	110M
2745	871	T	12	27M1D83M
2392	872	consensus	8	1M10D109M5D
2286	873	TC	7	110M
3016	874	A	7	110M
26496	876	consensus	4	1M11D109M1D
873	877	consensus	8	100M1D10M1D
14936	878	consensus	5	110M20D
60910	879	G	15	120M
953	880	CT	12	4D110M18D
2865	881	TCGA	5	110M
9449	882	consensus	4	15D110M11D
1764	883	consensus	9	110M
2706	884	consensus	5	110M
5358	885	GCC	5	110M
5540	886	CA	4	110M
5485	887	CC	5	110M
13017	888	consensus	4	3D110M5D
2050	889	TT	8	110M
27947	890	consensus	7	2M2D108M18D
944	891	ACCGC	3	110M
944	891	ATCGG	4	110M
60911	892	consensus	4	110M
19662	893	ATGA	17	110M
2834	894	T	5	3D121M6D
19801	895	consensus	4	13D110M6D
19282	896	T	6	1M7D109M5D
4730	897	consensus	6	110M4D
271	898	GTA	4	110M1D
13663	899	CT	6	110M
60912	900	consensus	17	4D111M
821	901	T	8	110M1D
1673	902	T	9	110M
4895	903	consensus	9	110M19D
44437	904	CAA	4	9M2D101M
2904	905	C	7	110M
41553	906	consensus	4	110M
3234	907	GT	9	110M1D
1229	908	consensus	4	110M
60913	909	consensus	6	110M
7335	910	T	4	110M
60914	911	C	4	10D110M
5454	912	T	6	2M20D108M3D
60915	913	consensus	11	110M
4325	914	CCT	10	110M10D
2034	915	CCAT	15	110M1D
19958	916	consensus	4	4D110M4D
360	917	consensus	6	110M
638	918	GT	9	110M1D
541	919	C	7	1M6D117M18D
1047	920	consensus	5	110M
4673	921	GTN	8	77M5D33M1D
537	922	AAA	4	110M
3742	923	AT	4	110M
10412	924	consensus	6	4D110M
468	925	ACAAAATAT	10	111M1D
468	925	CCCAAATAT	10	111M1D
58162	926	consensus	15	110M
2935	927	consensus	7	110M
10680	928	A	12	5D110M13D
2077	929	A	11	110M
153	930	GC	8	110M
10719	931	TCAT	5	110M
60916	932	consensus	5	110M
28789	933	consensus	6	112M
60917	934	consensus	5	2M12D108M
2293	935	consensus	12	110M
23425	936	consensus	6	6D110M9D
21176	937	consensus	10	122M13D
60918	938	consensus	4	110M
1164	939	AT	5	110M
3864	940	consensus	9	110M
2605	941	TTA	6	110M
7805	942	AGC	10	110M2D
10633	943	C	8	110M
1763	944	G	6	110M
13640	945	consensus	9	14D110M5D
14782	946	A	4	110M
12765	947	A	7	8D110M13D
3136	948	A	10	110M
1365	949	T	6	110M1D
3548	950	A	4	1M7D109M6D
60919	951	consensus	4	110M
15854	952	consensus	5	14D110M
17823	953	ATC	4	110M1D
4851	954	TA	13	110M
549	955	consensus	6	110M
16258	956	T	9	13D116M1D
15301	957	G	10	16D110M9D
8012	958	CT	6	110M
1422	959	consensus	7	16D110M
254	960	CT	11	110M
12	961	G	9	1M9D110M13D
58668	962	consensus	7	5D110M
10871	963	A	4	110M
4003	964	consensus	9	110M1D
14209	965	consensus	4	110M
474	966	consensus	10	110M
60920	967	consensus	7	110M
18426	968	consensus	4	1M8D109M
60921	969	consensus	8	110M
2322	970	G	5	110M1D
1012	971	consensus	5	110M
60922	972	consensus	9	110M
1270	973	consensus	10	1D122M
69305	974	consensus	14	110M
16211	975	consensus	5	110M4D
2975	976	AAGTA	6	105M2D5M
1589	977	consensus	5	110M
3708	978	GT	4	110M
519	979	A	10	110M1D
27409	980	consensus	5	1D109M13D1M
64	981	C	4	110M
23611	982	T	5	110M
679	983	TCGTGAGAT	4	110M1D
60923	984	consensus	7	110M
3696	985	consensus	6	110M
60924	986	consensus	7	111M
39094	987	consensus	6	110M
60925	988	consensus	9	110M
14477	989	C	5	110M
7208	990	consensus	6	9D110M11D
16955	992	consensus	7	3D110M
60926	993	consensus	6	110M
10085	994	GA	7	110M14D
36398	995	consensus	4	10D110M
4610	997	C	5	110M
59415	998	consensus	4	6D110M
10336	999	TAGTCGCGGC	8	2M1D7M1D101M1D
2820	1000	consensus	5	110M1D
60927	1001	consensus	6	110M
60928	1002	consensus	4	110M
7685	1003	consensus	5	110M
18125	1004	G	6	110M16D
5842	1005	consensus	8	110M
7722	1006	G	9	110M8D
1727	1007	consensus	14	110M
7847	1008	C	6	110M
29196	1009	consensus	5	4D110M6D
3649	1010	consensus	7	110M
60929	1011	consensus	8	110M
15879	1012	A	4	110M
26793	1013	consensus	4	110M6D
9702	1014	consensus	11	115M
1661	1015	T	12	110M
1401	1016	C	4	110M
2615	1017	consensus	9	110M1D
315	1018	C	8	110M
1127	1019	ACAC	4	110M
29491	1020	AAGC	6	110M1D
1054	1021	C	4	110M
4218	1022	C	7	110M
2496	1023	TAG	4	110M1D
60930	1024	consensus	4	110M
35527	1026	consensus	4	110M3D
2768	1027	G	11	1M2D109M14D
10	1028	C	8	1D119M18D
21	1029	GTCT	10	22D116M5D
5588	1030	TA	4	110M
60931	1031	consensus	7	110M
1111	1032	GAC	7	110M
59842	1033	consensus	7	1M2D109M9D
13921	1034	consensus	6	1M5D110M
12059	1035	A	5	110M10D
1944	1036	GCC	9	110M
716	1037	G	7	110M
5718	1038	GCG	10	110M
1580	1039	CA	5	110M
59517	1040	consensus	7	110M
273	1041	CG	10	8M2D102M
1906	1042	C	18	110M1D
15458	1043	TG	14	5D120M15D
60932	1044	consensus	11	110M
533	1045	consensus	6	110M
31232	1046	T	9	8D110M3D
984	1047	CT	7	99M1D11M
645	1048	T	10	110M
752	1049	AA	4	110M
7096	1050	GCGTCAAC	5	111M2D
7463	1051	consensus	10	110M4D
14743	1052	T	7	110M16D
54621	1053	consensus	5	110M3D
9159	1054	consensus	25	110M2D
60933	1055	consensus	8	110M
56483	1056	A	5	110M
1759	1058	TTTGGCAAGAAGT	13	110M
2742	1059	consensus	5	110M
47774	1060	consensus	4	5D110M12D
245	1061	A	8	110M1D
40347	1062	consensus	10	110M3D
2182	1063	consensus	8	110M1D
8529	1064	consensus	5	3D110M9D
39867	1065	consensus	5	110M
49476	1066	A	7	110M
36675	1067	consensus	5	110M7D
2120	1068	T	9	110M
37511	1070	consensus	6	111M
60934	1071	consensus	4	110M
12423	1072	AA	15	110M
5160	1073	consensus	4	110M1D
10565	1074	T	6	110M
7633	1075	consensus	10	117M8D
2550	1076	consensus	7	110M
169	1077	A	5	110M
604	1078	consensus	32	110M
2358	1079	consensus	12	110M
7856	1080	C	17	31M1D79M
2766	1081	CG	11	110M
8778	1082	G	9	110M
5299	1083	G	4	110M
60935	1084	consensus	12	110M
3196	1085	G	7	42M1D68M
60936	1086	consensus	8	110M
59254	1087	consensus	6	110M
7182	1088	A	5	110M
5149	1089	C	6	110M1D
2640	1090	G	5	110M
8783	1091	AGG	11	2M7D108M11D
7151	1092	CA	6	110M
3883	1093	A	5	110M1D
15487	1094	consensus	8	15D110M
7708	1095	TT	5	110M
9522	1096	consensus	11	110M
60937	1097	consensus	5	110M
4915	1098	GC	6	110M
4915	1098	TC	6	110M
2510	1100	AT	9	110M
9861	1101	consensus	5	110M
3490	1102	C	10	110M
358	1103	TA	18	110M
823	1104	C	18	105M1D5M1D
45240	1105	consensus	5	110M
1462	1106	G	14	110M
502	1107	GGG	6	110M
3321	1108	A	4	110M
39113	1109	C	4	2M2D108M
7751	1110	A	12	7D121M3D
2964	1111	consensus	25	110M1D
1710	1112	CC	8	110M
7356	1113	consensus	6	21D110M
60938	1114	consensus	5	110M
15820	1115	AA	13	6M1D104M
5044	1117	consensus	7	110M
3877	1118	GC	4	110M1D
5633	1119	consensus	5	110M1D
1714	1120	CGGC	7	110M
7	1121	consensus	5	111M
3344	1122	GCT	5	110M
7434	1123	T	6	110M1D
60939	1124	consensus	5	110M
27859	1125	consensus	6	1D110M10D
497	1126	consensus	13	110M
2889	1127	consensus	4	110M
2098	1128	consensus	4	8D110M7D
490	1129	TAA	5	110M1D
5048	1130	GT	11	110M
4975	1131	G	9	110M
7084	1132	consensus	8	110M
3031	1133	consensus	6	14D113M3D
286	1134	C	8	110M
259	1135	AATAT	8	104M2D6M
18694	1136	consensus	6	12D109M2D1M
18116	1137	consensus	9	110M
810	1138	ATT	17	93M2D17M1D
60940	1140	consensus	8	110M2D
4180	1141	G	4	110M1D
322	1142	ATG	8	8D113M8D
4059	1143	G	4	110M1D
2805	1144	T	4	110M10D
3851	1145	C	6	1D110M
60941	1146	consensus	5	110M
24989	1147	T	5	110M
8934	1148	AT	7	13D110M
60942	1149	consensus	6	110M
3529	1150	consensus	8	110M1D
60943	1151	consensus	7	110M
1798	1152	TC	8	109M2D1M
322	1153	ATG	17	7D110M12D
543	1154	GC	9	110M
1479	1155	G	11	110M
2409	1157	A	6	10M1D95M1D5M
800	1158	C	6	110M1D
2814	1159	GTT	4	110M1D
60944	1160	consensus	8	110M
1187	1161	AACG	15	110M
28198	1162	AA	6	7D110M
943	1163	CA	24	110M1D
2534	1164	AC	6	21M1D89M
5394	1165	consensus	6	110M
45681	1166	consensus	12	110M10D
1317	1167	TA	5	110M
1839	1168	consensus	6	110M
31651	1169	consensus	10	1M7D109M
677	1170	GA	25	110M1D
60945	1171	consensus	7	110M
3571	1172	A	9	110M1D
8007	1173	consensus	10	110M
3779	1174	ATGN	6	110M1D
314	1175	consensus	10	110M
2792	1176	GCTGG	5	110M
60946	1177	consensus	6	110M
7234	1178	CT	16	110M
5686	1179	consensus	4	69M2D41M
20666	1180	CT	4	59M1D51M1D
4438	1181	consensus	10	110M
5575	1182	AT	5	110M
60947	1183	consensus	5	110M
3893	1184	AT	11	95M1D15M1D
2231	1185	consensus	18	110M
1142	1186	TC	4	110M
2394	1187	TA	7	36M2D76M
36050	1188	consensus	5	2D110M3D
6107	1189	GTT	13	110M
4259	1190	CT	6	110M
4258	1191	TG	16	110M
4840	1192	consensus	11	110M
60948	1193	consensus	9	110M
25476	1194	consensus	9	110M
163	1195	AT	22	110M1D
7366	1196	CTCCA	5	110M
15246	1197	consensus	8	110M
9472	1198	consensus	33	110M
4440	1199	A	13	110M1D
5664	1201	A	10	110M
359	1202	GA	5	110M
359	1202	TA	3	110M
93	1203	consensus	5	110M
4163	1204	T	27	110M1D
60949	1205	consensus	6	110M7D
9576	1206	consensus	5	110M8D
197	1207	A	31	110M1D
858	1208	consensus	4	104M2D6M
233	1209	CT	16	110M
499	1210	consensus	9	110M
7465	1211	AAGCG	10	110M
998	1212	CC	9	110M
5446	1213	T	10	110M
1716	1214	consensus	19	110M
4299	1215	AGG	7	110M
12897	1216	CAGA	10	110M
37875	1217	consensus	11	110M1D
9466	1218	C	5	110M1D
1092	1219	AA	18	1M4D120M10D
60950	1220	AA	8	1D110M
4692	1221	GTCATCTC	5	110M2D
5009	1222	TT	4	17D110M
5036	1223	G	7	106M1D4M
3258	1224	TAA	11	110M1D
30912	1225	consensus	6	110M1D
2199	1226	AGAC	9	110M
76832	1227	consensus	8	110M
4735	1229	G	4	110M
26696	1230	consensus	6	110M6D
3139	1231	CT	9	110M
5148	1232	AC	5	110M
1894	1233	T	5	110M
16353	1234	consensus	6	110M16D
1952	1235	CCC	8	110M
942	1236	GATAC	4	110M
2760	1237	consensus	11	10D110M7D
657	1238	GCGCTGTCCT	12	110M4D
13677	1239	CAT	10	110M
82	1240	T	5	110M
20070	1241	consensus	4	2M12D108M
1371	1242	T	8	110M
73802	1243	consensus	4	110M
41504	1244	consensus	5	6D110M
753	1245	A	7	110M9D
2290	1246	consensus	11	100M1D3M2D7M
2279	1247	consensus	8	110M
1678	1248	CAC	4	110M1D
341	1249	TG	4	110M
34495	1250	consensus	5	110M14D
620	1251	TCGGT	7	110M1D
23031	1252	consensus	5	7D110M
1068	1253	CCTATT	5	110M1D
655	1254	GC	21	110M
1192	1255	T	19	110M
7303	1256	AAG	15	110M
1870	1257	C	5	110M
3470	1258	GC	9	3M1D107M
127	1259	GA	5	110M1D
4182	1260	consensus	5	110M
31449	1261	consensus	4	1M2D109M16D
16917	1262	AGG	5	110M19D
5671	1263	consensus	9	110M
9612	1264	consensus	6	9D109M2D1M
3928	1265	consensus	24	11D110M
12167	1267	consensus	8	6D110M
60951	1268	consensus	4	110M8D
29491	1269	GGAC	8	110M1D
18919	1270	G	4	110M12D
5632	1271	C	5	110M
629	1272	C	5	110M1D
4639	1273	CGNNNNNNNNNNNNNNCNNAA	6	6M22D104M1D
5786	1274	C	6	110M
2356	1275	consensus	5	110M
3434	1276	TTAA	15	110M
51509	1277	consensus	5	2M4D108M
189	1278	G	5	110M1D
648	1279	consensus	4	110M
2265	1280	consensus	8	54M1D56M1D
4865	1281	CGAAT	4	110M
25532	1282	consensus	5	8D110M
60952	1283	consensus	4	110M
20221	1284	consensus	4	110M10D
5350	1285	GTC	5	110M
3068	1286	T	9	1M15D109M6D
3913	1287	A	6	110M2D
30337	1288	A	6	7M3D103M
9236	1289	C	4	110M
3691	1290	C	5	66M1D46M1D
60953	1291	consensus	11	110M
51345	1292	consensus	8	110M12D
7894	1293	GTAT	11	110M1D
12361	1294	ATG	4	5M3D105M
4232	1295	consensus	10	18D116M3D
60954	1296	TT	6	6D110M
60955	1298	consensus	5	110M
60956	1299	consensus	6	110M12D
2919	1300	TCC	18	99M3D11M
48203	1301	consensus	5	110M
7475	1302	T	16	110M
60957	1303	consensus	6	110M
7536	1304	T	8	110M
1542	1305	CCA	5	110M
7946	1306	T	5	110M
60958	1307	consensus	4	110M
5426	1308	T	8	110M
55581	1309	consensus	5	18D110M
250	1310	consensus	4	110M
3132	1311	C	11	110M1D
26508	1312	consensus	4	5M8D105M7D
3513	1313	T	5	110M
60959	1314	consensus	6	110M
2626	1315	TC	18	110M1D
60960	1316	consensus	7	1M10D109M4D
4668	1317	consensus	4	110M
3580	1318	GT	20	110M
60961	1319	consensus	4	110M
17494	1320	consensus	5	8D110M7D
9047	1321	consensus	9	110M1D
4418	1322	GGT	6	110M
6431	1323	CT	9	110M1D
1759	1324	TTTCACAAAAGGT	3	110M
1759	1324	TTTCGCAAAAGGT	7	110M
23452	1325	consensus	7	110M12D
9600	1326	G	8	110M
14314	1327	consensus	5	15D110M
925	1328	TGCAAC	4	110M
60517	1329	consensus	5	6D110M
30535	1330	consensus	6	1M10D109M
10531	1331	consensus	5	11D110M9D
68889	1332	G	11	110M
60962	1333	consensus	14	1M7D109M
932	1334	A	6	71M3D39M
9308	1335	AT	9	110M
7431	1336	NNNNNNNGATCNNNNNNNNNGACACC	24	18D7M1D103M
91	1337	C	7	110M
60963	1338	consensus	10	110M
60964	1339	consensus	6	110M
60965	1340	consensus	7	110M
12370	1341	consensus	10	10D110M10D
19046	1342	consensus	4	110M
2019	1343	GA	6	110M
3780	1344	T	9	110M
30746	1345	consensus	6	1D110M
2309	1346	consensus	9	110M
3969	1347	CA	5	110M1D
3881	1348	ACGC	9	110M
1396	1349	GTTCAGCGGCC	6	110M
28017	1350	AT	7	110M8D
4447	1351	consensus	7	101M1D9M18D
1135	1352	consensus	13	110M
30794	1353	A	11	1D110M11D
60966	1354	consensus	6	110M
58011	1355	consensus	8	8D110M
9641	1356	C	7	110M2D
8728	1357	GGCC	18	110M
60967	1358	consensus	8	110M
5042	1359	T	11	110M
4588	1360	consensus	15	110M
55568	1361	consensus	11	110M
4867	1362	consensus	7	110M1D
60968	1363	consensus	6	110M
7334	1364	GTCGC	5	110M
2297	1365	T	9	110M
3910	1366	TG	32	110M
34415	1367	C	4	110M
# sstacks completed on 2026-03-06 12:15:08
