# sstacks version 2.68; generated on 2026-03-06 12:15:02
1132	1	GGC	21	119M15D
749	3	AGC	12	12D118M5D
9098	4	consensus	11	7D124M1D
20	5	T	11	10D114M18D
394	6	AA	25	2D121M18D
37619	7	consensus	15	4D111M
7922	8	consensus	15	112M
846	10	CN	12	2M12D116M9D
37620	11	consensus	22	1M4D113M6D
470	12	AA	17	1M4D117M10D
36508	13	consensus	18	122M5D
37621	14	consensus	17	116M
443	15	consensus	17	18D118M1D1M
5459	16	A	13	111M
43	17	AA	24	5D122M10D
322	18	ATT	21	1D125M3D
1206	19	TC	16	121M24D
25143	20	consensus	29	1M3D118M
19750	21	consensus	20	6D116M16D
30056	22	consensus	14	111M19D
9159	23	consensus	27	112M
10564	24	A	25	1D122M7D
59	25	GCTGA	18	16D123M
80274	26	consensus	14	1D109M2D4M
29453	27	consensus	12	2M5D109M4D
425	29	ACCT	15	26D118M3D
30133	30	consensus	15	1M23D111M
10258	32	consensus	16	2M11D114M
4645	34	A	8	113M
4645	34	C	14	113M
29359	35	consensus	25	13D111M8D
5258	36	C	12	112M
13192	37	C	9	20D122M7D
42	39	G	28	3M5D108M19D
23461	41	TAG	15	2M11D117M
37622	42	consensus	4	110M
5240	43	CGTGCTGTGC	7	110M
7752	44	consensus	8	3D121M4D
2613	45	TCTCG	9	110M
37623	46	consensus	4	110M
7248	48	CCAA	7	110M1D
25759	49	consensus	15	110M10D
37624	50	TCGC	18	110M4D
2905	51	AA	21	110M
3617	52	A	12	110M
23658	53	consensus	7	15D110M
37625	54	consensus	4	110M
17671	55	A	5	110M9D
5640	56	A	4	110M
32809	57	CC	13	1M7D109M6D
1159	58	TCA	12	110M2D
37626	59	consensus	4	110M
37627	60	consensus	10	110M
5137	61	AGAATGGCT	8	95M1D15M
37628	62	consensus	14	110M
4369	63	TAGCA	7	110M
30520	64	C	18	4D110M5D
235	65	A	13	110M
4484	66	C	5	34M1D76M2D
4237	67	C	8	7D110M13D
1124	69	consensus	22	2D110M12D
2799	70	ACCG	10	100M1D10M2D
3028	71	GA	7	110M
3910	72	TG	8	110M
4006	73	GG	6	110M
69305	74	consensus	11	110M
8272	75	GATG	8	110M14D
1608	76	consensus	9	110M
37629	77	consensus	5	110M
17021	78	consensus	7	110M3D
34567	79	consensus	4	1M8D109M
1457	80	TTA	9	110M
1127	81	ACAC	5	110M
37630	82	A	6	4D110M
332	83	consensus	8	8D110M
21756	84	consensus	4	13D110M
12423	85	CA	13	110M
5047	86	T	6	4M11D106M
4180	87	G	4	110M1D
244	88	T	5	110M
670	89	C	20	110M1D
3166	90	GT	18	79M1D31M
188	91	AT	10	111M
3165	92	GCC	7	110M
29	93	consensus	13	1M8D109M18D
10481	94	consensus	9	110M
37631	95	consensus	11	110M
7267	96	consensus	5	110M5D
26702	97	consensus	10	110M15D
9140	98	consensus	6	110M
8519	99	G	11	110M1D
26962	100	consensus	6	110M12D
2539	101	AT	9	110M
37632	103	consensus	9	6D110M
3181	104	TCGAT	10	110M
1527	105	C	10	110M1D
5270	106	A	15	110M1D
556	107	TGTCT	5	110M
37633	108	consensus	10	110M
3222	109	GTC	26	45M1D65M
4690	110	T	12	110M
6824	111	consensus	4	110M
1420	112	TA	21	110M1D
37634	113	consensus	4	110M
25656	114	consensus	16	110M
1839	115	consensus	23	110M
7138	116	GA	12	110M
14148	117	CTT	6	1M20D109M6D
5686	118	consensus	7	110M2D
3130	119	TT	8	101M2D9M
19011	120	consensus	10	5D109M7D1M
2497	121	TAG	26	110M1D
3336	122	TTA	23	110M1D
2548	123	ACCC	12	110M
5545	124	consensus	6	5M10D105M1D
4003	125	consensus	19	110M1D
4883	126	consensus	5	10D110M
270	127	CAG	5	110M
3915	128	consensus	4	110M1D
1358	129	AGCC	7	110M
1759	130	CCCGGCAAGAGGT	4	110M
1759	130	TCCGGCAAGAGGT	8	110M
4418	131	GGG	5	110M
19927	133	consensus	7	110M
1038	134	G	14	110M
2364	135	TTC	5	110M
4771	136	consensus	4	110M
1152	137	A	17	110M
6431	138	CT	14	110M1D
37635	139	consensus	8	110M
7421	140	consensus	16	110M7D
77714	142	consensus	17	110M
7346	143	C	4	110M
25327	144	A	5	110M
12	145	G	4	1M9D109M14D
1641	146	AA	4	110M
37636	147	consensus	10	110M
28394	148	consensus	4	3D110M13D
31658	149	consensus	11	7D110M
814	150	C	16	67M1D43M2D
2726	151	TGA	11	110M
3005	152	GACT	18	47M1D63M
4906	153	G	32	110M
891	154	consensus	21	110M
14130	155	CG	5	12D107M8D3M
2546	156	CTC	8	110M1D
2893	157	AC	6	110M
5628	158	C	20	110M
37637	159	consensus	5	110M
259	160	AATAT	6	104M2D6M
20009	161	consensus	5	110M
3370	162	consensus	19	110M
37638	163	consensus	11	110M
37639	164	consensus	5	110M
25840	165	TT	7	14D110M5D
37640	166	consensus	17	8D110M
75	167	AAG	7	110M
5425	168	CG	10	110M
37641	169	consensus	4	110M
1469	170	A	13	110M
6107	171	GTT	11	110M
881	172	consensus	5	110M
7805	173	AGC	8	110M2D
361	174	CTC	10	110M2D
14734	175	G	7	8D108M1D3M
37642	176	consensus	8	110M
3030	177	C	6	110M
1884	178	G	14	110M
1951	179	CC	9	110M
37643	180	C	7	3D110M
626	181	T	6	110M
1246	182	T	8	110M
37644	183	consensus	7	4D110M
28047	184	T	6	6D110M
9541	185	CA	16	110M
37645	186	consensus	19	121M3D
657	188	CTGCAGGGCT	19	110M4D
3937	189	T	11	8D110M13D
16657	190	consensus	20	22D110M
71072	191	consensus	18	110M11D
6861	192	A	9	110M
37646	193	consensus	12	110M2D
2345	194	A	4	110M
3820	195	GT	11	110M
20	196	T	10	19D115M8D
273	197	CG	8	8M2D102M
2626	199	TC	5	110M1D
170	200	consensus	8	110M
3001	201	G	6	110M20D
3864	202	consensus	9	110M
6182	203	G	8	72M6D38M
4300	204	consensus	9	110M
681	206	consensus	7	5D110M6D
37647	207	CTG	15	110M
9129	208	G	6	9D110M7D
7555	209	consensus	24	10M1D100M
3276	210	T	8	110M
30997	211	A	8	21D111M
5083	212	consensus	9	19D110M
13322	213	ATT	4	110M
1155	214	C	17	110M
31899	215	consensus	16	3D114M5D
2368	216	consensus	8	112M
2997	217	GAT	7	110M
37648	218	consensus	7	110M3D
1326	219	G	14	110M
6781	220	AG	7	42M3D68M3D
27074	221	consensus	23	110M
2445	222	consensus	11	110M2D
37649	223	consensus	7	1M3D109M15D
4160	224	consensus	6	110M1D
17610	225	consensus	12	1M2D109M7D
37650	226	consensus	5	110M
1078	227	TAC	19	110M
18872	228	A	4	5D110M11D
17134	229	AG	8	110M
1450	230	CACC	22	110M1D
1780	231	GAN	9	97M4D12M4D1M
11759	232	T	4	110M15D
7136	233	A	8	8D110M3D
16775	234	consensus	9	8D109M2D1M
3225	235	T	9	110M
37651	236	consensus	17	10D109M1D1M
196	237	GA	6	110M
2143	238	T	12	110M
3552	239	GT	6	110M
3918	240	consensus	10	102M3D8M
3344	241	GCT	4	110M
37652	242	consensus	5	110M
37653	243	consensus	12	110M
27098	244	consensus	4	110M
27864	245	consensus	5	1M3D109M
6196	246	CAA	6	110M
16242	247	consensus	4	110M3D
35070	249	consensus	5	110M10D
9514	250	A	11	110M17D
30175	251	consensus	7	3D110M
28051	252	CA	7	110M9D
37654	253	consensus	8	111M
15933	254	consensus	11	110M11D
2687	255	consensus	9	110M
7228	256	consensus	12	110M
29473	257	consensus	6	5D110M7D
1075	258	CCC	13	66M3D35M3D9M
37655	259	consensus	5	110M
15481	260	consensus	5	7D110M7D
37656	261	consensus	12	110M
37658	263	consensus	10	1M1D109M
1761	264	consensus	16	110M
4299	265	AGG	4	110M
37659	266	consensus	8	110M
299	267	GACCTATCTT	10	107M1D3M
5532	269	G	11	110M1D
5533	270	TAA	4	110M
37660	271	consensus	9	110M3D
2900	272	AT	12	110M
3956	273	AG	10	75M1D35M
4518	274	T	7	110M
82	275	T	11	110M
5308	276	GTCAT	9	110M
8707	277	A	10	110M
4086	278	consensus	21	110M
37661	279	consensus	6	110M
6363	280	C	12	2D110M19D
3988	281	consensus	4	110M1D
1396	282	GTTCAGCGGCC	20	110M
13172	283	consensus	4	110M
5375	284	consensus	13	110M
37662	285	consensus	13	4D110M
1302	286	consensus	7	110M
4769	288	CAG	12	110M
1441	289	AAACTCGGGG	7	110M1D
1613	290	GCCAGTTAG	20	39M1D71M2D
30819	291	consensus	6	9D110M
4838	292	TC	4	110M
4015	293	CT	9	110M
37663	294	consensus	10	110M
37664	295	consensus	10	110M
2895	296	TT	5	4M12D106M
887	297	consensus	8	51M1D59M
15139	298	TA	5	15D110M7D
5606	299	T	7	110M1D
23	300	TA	9	5D121M12D
364	301	consensus	21	1M5D114M4D
22143	302	C	8	112M
4289	303	TTAGCA	4	110M3D
1207	304	AGAG	8	110M
4722	305	consensus	22	59M1D51M
7046	306	T	6	110M
37665	307	consensus	8	110M
1689	308	C	15	110M1D
21139	309	consensus	7	9D110M
2682	310	consensus	16	110M
27863	311	consensus	11	110M3D
37666	312	consensus	11	110M
28115	313	consensus	5	110M12D
3708	314	GT	4	110M
20998	315	consensus	10	110M
7854	316	C	17	55M1D55M1D
37667	317	consensus	4	110M
14051	318	GT	4	1M15D109M
1259	319	consensus	11	110M
828	320	consensus	15	110M
27979	321	consensus	8	110M
37668	322	consensus	4	9D110M
843	324	ACCAA	18	110M1D
843	324	ACCAC	18	110M1D
96	325	T	10	110M
19609	326	CTGGCC	4	13D110M3D
1703	327	CCATATACG	5	60M2D50M
29631	328	T	5	1M14D109M
4325	329	GCT	9	85M10D25M
3576	330	A	10	20M2D90M1D
330	331	G	22	110M
815	332	GAT	7	110M
37669	333	consensus	4	110M1D
37670	334	consensus	9	110M
448	335	consensus	9	110M
37671	336	consensus	7	110M
3172	337	consensus	10	69M1D41M
291	338	GGT	9	110M
960	339	ATT	10	110M
1994	340	AACAC	20	110M
286	341	C	6	110M
8569	342	consensus	6	110M2D
2777	343	C	5	110M1D
37672	344	C	5	1M19D109M
37673	345	consensus	8	110M
28111	346	consensus	5	17D110M
37674	347	consensus	5	110M6D
8974	348	consensus	16	110M2D
37675	349	consensus	7	3D110M9D
7148	350	T	4	110M
5044	351	consensus	13	110M
37676	352	consensus	4	110M
37677	353	consensus	8	110M
3649	354	consensus	6	110M
8778	355	G	5	110M
1118	356	A	12	110M
1117	357	A	16	110M
1119	358	consensus	10	87M1D23M
37678	359	consensus	10	16D110M
935	360	A	16	110M
936	361	GC	6	110M3D
37679	362	consensus	5	110M
37680	363	consensus	28	110M
15580	364	consensus	7	110M
35957	365	consensus	10	1M5D53M1D56M11D
37681	366	consensus	9	110M
2199	367	ATAC	5	110M
10599	368	consensus	6	110M
3560	369	consensus	12	110M
4467	370	consensus	5	110M
1586	372	GTA	10	110M
1667	373	consensus	8	1M7D109M7D
7269	374	AGCCA	5	106M4D4M2D
250	375	consensus	21	110M
2322	376	G	14	110M1D
2321	377	T	14	110M
37682	378	consensus	5	110M
37683	379	consensus	5	110M
5450	381	A	7	110M
37684	382	T	6	110M2D
37685	383	consensus	10	110M
37686	384	consensus	6	12D110M
2534	385	AC	5	21M1D89M
5548	386	CT	18	110M
37687	387	consensus	5	110M
679	388	TCGTGAGAT	7	110M1D
2427	389	T	8	110M1D
37688	390	consensus	14	110M
5664	391	A	9	110M
305	392	AATC	17	110M1D
9090	393	consensus	14	9D109M1D1M
37689	394	consensus	7	110M
2811	395	GATTA	18	110M
898	396	CTATA	11	110M1D
34823	397	consensus	26	110M9D
3818	398	consensus	6	1M3D109M
1058	399	T	6	82M1D28M
224	400	A	18	110M
7449	401	consensus	6	1D110M12D
4062	402	AC	7	110M
3366	403	AG	10	110M
28182	404	consensus	5	14D110M6D
5522	405	T	29	110M
26593	406	consensus	4	110M
17407	407	consensus	6	1M4D109M
303	408	CT	8	110M
3656	409	AC	8	110M
7230	410	consensus	5	110M
4974	411	C	11	1M5D109M10D
9627	412	GT	5	110M
37690	413	consensus	7	110M
37691	414	consensus	30	1M9D109M2D
2595	415	ATAA	17	110M
41110	416	consensus	7	110M
865	417	CGC	6	102M2D8M3D
37692	418	consensus	7	110M8D
31011	419	T	5	3D110M4D
8853	420	consensus	7	110M
1069	421	consensus	7	110M
748	422	consensus	16	110M1D
37693	423	A	5	110M
10687	424	consensus	14	110M
1533	425	G	14	110M
1005	426	consensus	6	110M
1521	427	TGTC	7	110M
31474	428	T	15	110M10D
519	429	A	10	110M1D
519	429	G	14	110M1D
8001	430	CT	9	105M3D5M
2987	431	consensus	7	110M
37044	432	consensus	9	110M2D
8237	433	GCGTT	38	17D102M1D2M1D6M
1822	434	GCCG	4	110M4D
9284	435	consensus	10	3M12D107M1D
1723	436	consensus	28	110M
28534	437	consensus	8	6D110M
3139	438	CA	21	110M
20117	439	consensus	7	6D110M8D
1628	440	AC	10	110M
10521	441	consensus	21	110M
3450	442	consensus	7	6D110M
2739	443	C	8	110M1D
4829	444	C	11	110M1D
9154	445	consensus	8	110M16D
1851	446	T	28	110M1D
169	447	A	5	110M
3722	448	consensus	12	110M1D
1401	449	C	20	110M
37694	450	consensus	6	110M
15251	451	C	11	96M2D14M4D
16336	452	consensus	5	8D110M
3509	453	AACG	17	98M1D11M1D1M
1636	454	TCCTGTGGG	17	110M
5048	455	TT	6	110M
31	456	TGCAGAA	16	110M8D
31	456	TGTAAAA	16	110M8D
2165	457	TGGC	5	110M1D
1216	458	T	16	110M
37695	459	consensus	6	110M
9280	460	consensus	25	110M
1077	461	C	6	2M11D118M15D
13187	462	CC	5	69M2D41M1D
60964	463	consensus	10	110M
26876	464	C	4	1M5D109M10D
37696	465	consensus	18	1D110M4D
37697	466	consensus	4	5M8D105M
22347	467	A	11	1M15D109M12D
37698	468	consensus	19	110M4D
3419	469	consensus	6	110M
112	470	CCA	14	110M11D
4204	471	consensus	9	110M
106	472	TTGTAATATGTAGAC	8	110M1D
37699	473	consensus	10	110M
16385	474	consensus	6	110M
583	475	G	11	110M
30640	476	consensus	7	110M5D
5118	477	TCAG	4	110M
29452	478	consensus	5	3D110M10D
32698	479	A	20	3D110M11D
2923	480	ATT	4	110M
2923	480	GTT	8	110M
14391	481	CT	7	110M
5215	482	AA	16	110M
37700	483	G	4	1M7D109M
37701	484	consensus	6	110M
2349	485	consensus	11	110M
37702	486	consensus	4	110M
1772	487	T	7	110M
8412	488	GG	6	110M6D
37703	489	consensus	4	110M
1398	490	C	12	110M
4755	491	consensus	4	110M6D
1504	492	consensus	8	110M
391	493	consensus	10	110M
5011	494	C	12	68M2D42M
37704	495	consensus	7	1M1D109M2D
825	496	TA	4	110M
2532	497	CG	7	110M
7833	498	consensus	15	110M4D
21222	499	consensus	10	7D110M8D
474	500	consensus	12	110M
1476	501	GATA	9	110M
29203	502	CCAC	6	3D110M16D
2790	503	consensus	15	110M
25577	504	consensus	24	110M
11342	505	consensus	4	16D110M
2256	506	consensus	16	110M
1135	507	consensus	6	110M
8829	508	consensus	7	110M
3789	509	G	8	110M1D
4318	510	AGT	11	110M1D
1012	511	consensus	10	110M
4953	512	TG	7	110M1D
37705	513	consensus	4	110M4D
37706	514	consensus	4	110M
2476	515	T	5	110M1D
37707	516	consensus	5	110M
5416	517	G	8	111M1D
22017	518	consensus	11	4D110M9D
8378	519	AC	4	110M1D
2236	520	consensus	12	110M
15396	521	consensus	5	6D110M
33539	522	consensus	12	110M3D
37708	523	T	4	110M4D
1908	524	consensus	4	110M1D
37709	525	consensus	8	110M
37710	526	consensus	4	110M
37711	527	consensus	10	1D110M7D
3774	528	AGCAT	9	110M
37712	529	consensus	6	1M12D109M
245	530	T	5	110M1D
1993	531	G	18	110M
37713	532	consensus	14	110M
7133	533	consensus	10	110M1D
21204	534	G	4	9D110M4D
2279	535	consensus	20	110M
37714	536	consensus	12	110M
37715	537	consensus	8	110M
1841	538	consensus	4	110M
3528	539	consensus	8	110M1D
9135	540	AG	14	110M1D
1719	541	A	17	110M
4807	542	consensus	7	110M15D
7460	543	GTTA	8	110M1D
26837	544	consensus	17	110M4D
22554	545	consensus	6	7D110M
4248	546	A	8	110M
2883	547	GTG	4	110M
3420	548	consensus	12	12D110M
1642	549	T	15	110M
3571	550	A	4	110M1D
3112	551	GGGGGG	12	110M
2829	552	CC	12	110M
37716	553	consensus	4	110M
2040	554	G	4	110M
800	555	C	4	110M1D
4076	556	C	7	3M1D90M1D17M1D
4116	557	G	7	110M
3978	558	TAT	9	64M1D46M
70	559	A	4	110M
37717	560	consensus	4	110M
4965	561	CTC	14	110M
471	562	consensus	13	67M1D43M1D
11305	563	consensus	27	3M12D107M
1452	564	T	12	110M
3317	565	AT	21	110M
37718	566	consensus	7	110M12D
37719	567	consensus	10	110M
28087	568	consensus	8	2M1D108M
37720	569	consensus	4	110M
3171	570	A	15	110M
37721	571	consensus	10	110M
5496	572	T	5	110M
2732	573	TAAC	11	102M1D8M
8563	574	consensus	4	8D110M3D
490	575	TGA	6	110M1D
424	576	C	8	110M
35650	578	consensus	9	11D110M
4872	579	consensus	13	110M
47970	580	ACGTAGC	10	110M
19707	581	consensus	7	110M1D
3875	582	consensus	13	110M1D
5186	583	CC	19	110M
1187	584	AACG	7	110M
5043	585	C	9	110M
1818	586	G	4	110M
146	587	CGCAG	15	110M
145	588	consensus	13	110M
37722	589	consensus	5	2M7D108M
37723	590	consensus	4	110M
37724	591	consensus	11	110M
1711	592	TG	23	28M11D82M
3904	593	consensus	5	110M15D
648	594	consensus	6	110M
37725	595	consensus	8	110M
4403	596	consensus	6	110M
37726	597	consensus	5	3D115M12D
20666	598	CT	10	59M1D51M1D
4438	599	consensus	9	110M
3893	600	AT	15	95M1D15M1D
16320	601	A	4	110M
37727	602	consensus	4	110M
37728	603	consensus	9	10D110M
7495	604	G	20	110M
11113	605	C	9	110M2D
1460	606	consensus	6	110M
13847	607	consensus	7	5D110M11D
1168	608	consensus	17	1M9D109M9D
1431	609	TTTCG	23	110M1D
4321	610	AC	12	110M
5287	611	TCCGGCCG	4	110M3D
705	612	CA	9	110M
4167	613	consensus	12	110M
37729	614	consensus	6	110M
37730	615	consensus	8	1D110M6D
4119	616	GA	10	111M
37731	617	consensus	9	110M
12765	618	A	10	17D110M4D
677	619	GA	29	110M1D
7357	620	GCAGGTTTC	12	110M
2969	621	T	5	110M
7181	622	T	6	110M
37732	623	consensus	4	110M
299	624	GGCCCCACTC	5	110M1D
2039	625	AT	8	110M
17645	626	consensus	7	110M
5288	627	consensus	10	110M
821	628	T	22	110M1D
37733	629	consensus	5	110M
628	630	CGTT	20	110M
4069	631	C	5	110M
4804	632	consensus	9	110M
20301	633	consensus	7	110M4D
4237	634	T	4	19D109M1D1M
1164	635	AT	12	110M
37734	636	AAT	24	110M7D
168	637	CT	15	110M
3969	638	CA	6	110M1D
51229	639	consensus	15	110M
5909	640	G	20	110M
37735	641	consensus	8	110M
135	642	consensus	16	110M
37736	643	consensus	7	110M
37737	644	consensus	4	110M
23192	645	consensus	4	3D110M7D
4126	646	consensus	13	110M
37738	647	consensus	4	110M8D
3871	649	CCCC	14	114M
7285	650	TTT	7	110M
120	651	A	16	110M
37739	652	consensus	8	110M1D
35055	653	consensus	13	110M12D
28476	654	AA	4	36M1D74M1D
4496	655	AATA	6	110M1D
5223	656	GT	5	110M
5104	657	G	8	1M19D109M2D
27649	658	consensus	11	110M2D
100	659	consensus	8	110M
1691	660	G	8	110M
420	661	T	11	110M
2571	662	A	7	110M1D
3434	663	GCTA	5	110M
34130	664	consensus	10	110M4D
2573	665	C	7	110M
37740	666	consensus	10	113M
4831	667	A	11	110M1D
37741	668	consensus	6	110M
37742	669	consensus	4	110M
37743	670	consensus	5	110M
20831	671	consensus	53	110M1D
28531	672	consensus	10	2M3D108M8D
3783	673	AC	6	110M
1115	674	GC	17	110M
37744	675	consensus	5	110M
151	676	TC	9	110M
4053	677	consensus	6	110M1D
37745	678	consensus	4	110M
9186	679	consensus	8	14D110M7D
4808	680	C	19	110M
3185	681	consensus	22	110M
12761	682	ACC	19	110M
1663	683	T	7	97M2D2M2D11M
7885	684	consensus	6	110M
1736	685	GGAGGTGGCCTACA	4	110M
37746	686	consensus	5	110M
37747	687	consensus	10	1D110M
1129	688	AC	4	50M1D60M
2223	689	GTTG	6	110M1D
52770	690	consensus	4	110M
36818	691	AT	13	14D109M3D1M
1010	692	TTC	5	110M
37748	693	consensus	8	110M
3638	694	consensus	4	110M
4440	695	A	4	110M1D
713	696	consensus	5	1M3D109M7D
3014	697	consensus	12	110M
2021	698	consensus	7	110M
19005	699	C	5	110M
372	700	G	6	110M
4862	701	A	6	110M2D
9550	702	A	4	1M3D109M5D
13985	703	CC	4	110M16D
658	704	T	11	110M1D
3641	705	T	4	68M1D42M1D
4668	706	consensus	33	110M
31125	707	consensus	5	1M11D109M2D
28741	708	T	4	110M9D
28712	709	consensus	9	110M
2356	710	consensus	4	110M
37749	711	consensus	6	110M
3784	712	T	14	110M
7334	713	GTCGC	11	110M
6899	714	A	6	110M
37750	715	consensus	9	110M
1030	716	A	9	110M
4481	717	AT	5	110M
3981	718	consensus	19	110M
37751	719	consensus	6	110M
37752	720	consensus	5	110M
37753	721	consensus	11	110M
1277	722	consensus	7	110M
4692	723	GTCATCTC	9	110M2D
1700	724	consensus	13	110M
4763	725	consensus	10	7D110M12D
1812	726	G	10	110M
2134	727	A	17	110M
4826	728	A	12	110M
2717	729	A	9	110M
1853	730	A	4	110M17D
3584	731	A	10	110M10D
37754	732	consensus	10	110M
711	733	CG	12	20M9D90M
37755	734	consensus	5	110M2D
3490	735	C	20	110M
3913	736	A	11	110M2D
5958	737	consensus	13	110M1D
13114	738	C	7	110M1D
19145	739	consensus	6	110M8D
81	740	consensus	12	110M2D
37756	741	consensus	12	1M12D109M
1265	742	consensus	10	110M
6288	743	T	12	2M7D108M7D
37757	744	consensus	7	110M
46665	745	GG	12	83M8D29M2D
910	746	G	16	110M
37758	747	consensus	15	110M
2370	748	G	9	110M5D
403	749	consensus	29	110M
35044	750	TG	4	110M12D
2597	751	C	6	110M
3045	752	T	6	110M
3181	753	TTAGT	14	110M
943	754	CG	9	110M1D
31314	755	consensus	4	110M
37759	756	consensus	8	110M
4162	757	GCT	8	110M
10537	758	consensus	6	110M
3204	759	GTG	6	105M1D5M
8085	760	G	9	6D110M8D
2947	761	GG	11	110M
37760	762	A	8	3D110M3D
3883	763	A	5	110M1D
2603	764	consensus	7	110M
2995	765	GATC	4	110M1D
8528	767	A	5	13D110M
2366	768	G	6	110M
37761	769	consensus	6	110M
37762	770	consensus	4	110M
4726	771	A	8	110M
1238	772	T	4	18M1D92M2D
639	773	T	17	110M
28374	774	consensus	7	110M7D
5370	775	T	10	110M
3050	776	AAC	8	32M2D78M
16665	777	consensus	16	110M
10515	778	T	10	110M
4600	779	TAG	7	110M
73802	780	consensus	22	110M
10565	781	T	5	110M
37763	782	consensus	38	110M
3657	783	C	10	110M
3408	784	consensus	7	20D110M2D
2277	785	A	11	110M
2277	785	C	4	110M
37764	786	consensus	6	110M
3215	787	TG	7	110M2D
2778	788	consensus	6	12D110M4D
7594	789	A	5	7D110M19D
37765	806	consensus	5	110M
7053	807	consensus	5	11D110M6D
4776	808	consensus	7	110M
35022	809	consensus	5	110M
37766	810	consensus	5	110M
1842	811	A	5	4D109M4D1M
1171	812	ATTGA	18	110M
1171	812	ATTGG	6	110M
5708	813	consensus	4	6D110M15D
29096	814	consensus	7	110M
4092	815	consensus	5	1D110M
5575	816	TC	6	110M
13516	817	consensus	4	11D110M2D
37767	818	consensus	11	118M
37768	819	consensus	4	110M
37769	820	consensus	6	110M
9582	821	AT	5	110M
5561	822	A	5	110M
8414	823	consensus	11	110M
2798	824	consensus	8	110M1D
33707	825	A	13	4D110M8D
33707	825	G	5	4D110M8D
6499	826	TT	6	110M
14834	827	G	6	1M3D109M19D
3924	828	consensus	8	110M
32373	829	consensus	5	1D110M2D
16359	830	consensus	7	7D111M7D
11355	831	consensus	9	6D110M1D
2142	832	A	6	9M1D101M1D
682	833	A	8	107M1D3M
30834	834	consensus	5	11D110M6D
3279	835	consensus	6	1M10D109M
19981	837	consensus	11	2M9D108M6D
37770	838	consensus	6	110M
9569	839	G	10	2M1D108M5D
37771	840	TT	4	7D110M9D
26537	841	CA	5	110M7D
23070	842	A	7	1D110M2D
8548	843	CGG	6	110M
23269	844	consensus	7	1D108M5D2M
37772	845	consensus	4	110M
37773	846	consensus	9	3M1D107M9D
29276	847	T	6	110M5D
3607	848	CTT	7	110M
944	849	ACCGC	12	110M
944	849	ATCGG	8	110M
8535	850	consensus	9	110M
37774	851	consensus	9	110M
10493	852	consensus	15	24D110M
37775	853	consensus	4	110M
1182	854	A	6	110M
3591	855	CC	5	110M
37776	856	consensus	6	110M2D
4894	857	G	11	110M
33809	858	consensus	4	11D110M4D
4737	859	consensus	6	110M
37777	860	consensus	4	110M
1792	861	ACCTACTG	4	65M1D45M1D
37778	862	consensus	5	110M
5555	863	consensus	4	4D110M11D
523	864	AA	8	110M
7951	865	consensus	5	9D110M4D
37779	866	consensus	6	110M
37780	867	G	5	9D110M
42	868	G	6	110M25D
4354	869	consensus	4	110M
37781	870	consensus	7	110M
8864	871	consensus	13	110M
7082	872	consensus	9	110M
5005	873	consensus	7	110M
1105	874	A	5	110M
11621	875	T	17	110M
13632	876	consensus	4	2D110M
10696	877	TTG	12	110M16D
4364	878	T	8	110M2D
5609	879	TT	5	110M
2411	880	AC	5	110M
34935	881	consensus	8	110M14D
6018	882	consensus	4	3D108M2D2M
321	883	consensus	5	110M2D
779	884	consensus	12	110M1D
29499	885	consensus	6	3D110M3D
4000	886	consensus	5	110M
1279	887	CACC	5	110M
848	888	GAT	5	110M
3895	889	consensus	8	110M
2805	890	T	6	110M10D
32151	891	consensus	6	110M10D
11978	892	T	4	110M
47970	893	ATACGGC	17	110M
5786	894	C	4	110M
1092	895	AC	7	18D110M7D
13022	896	A	8	110M
40241	897	AA	6	66M1D44M
17232	898	C	4	110M
26723	899	consensus	6	110M
9765	900	consensus	15	118M7D
37782	901	A	4	110M
37782	901	G	11	110M
9472	902	consensus	10	110M
12278	903	AGAGCAGATTA	5	110M2D
37783	904	consensus	5	110M1D
37784	905	consensus	6	110M
268	906	G	7	110M
7355	907	consensus	10	110M
37785	908	consensus	4	110M
520	909	consensus	10	110M
64635	910	A	11	110M
30454	911	consensus	6	1M6D109M10D
26491	912	consensus	14	2M1D108M6D
7130	913	G	21	110M
37786	914	consensus	4	1M7D109M4D
23415	915	consensus	8	11D110M6D
360	916	consensus	5	110M
14782	917	A	7	110M
7849	918	T	7	1M15D109M2D
3561	919	consensus	6	110M
368	921	consensus	18	110M
18186	922	consensus	4	110M12D
4158	923	consensus	8	110M
8395	924	consensus	13	110M1D
37787	925	consensus	4	110M
7447	926	CGT	4	110M1D
18281	927	C	12	110M3D
5251	928	consensus	4	110M
3430	929	AC	12	16D116M8D
988	930	consensus	16	110M
1441	931	GAGCTCGTGA	5	100M1D10M
36504	932	consensus	5	110M1D
2538	933	consensus	9	79M1D31M
3351	934	C	5	81M1D29M1D
105	935	C	5	2M15D108M10D
37788	936	consensus	4	110M
4497	937	TT	8	110M1D
35121	938	consensus	8	1M10D109M
4966	939	CC	5	110M
37789	940	consensus	6	7D115M
29268	941	consensus	9	11D110M
21185	942	T	5	50M6D60M13D
4149	943	A	6	110M
28563	944	consensus	9	120M2D
37790	945	consensus	12	110M
22988	946	consensus	5	104M2D6M3D
37791	947	consensus	5	110M
37792	948	consensus	5	110M
5461	949	C	5	110M
7335	950	T	6	110M
37793	951	consensus	9	110M
1179	952	CC	5	110M
9202	953	TGAT	12	110M
5349	954	consensus	5	8D110M12D
2742	955	consensus	5	110M
1000	956	consensus	8	110M
7362	957	consensus	4	110M
636	958	CGNNCACGGCCA	7	24M5D86M
7108	959	CACA	5	110M
7108	959	CCAG	3	110M
1537	960	GCTG	9	110M1D
2756	961	A	5	93M1D17M
37794	962	consensus	8	110M
984	963	AT	15	99M1D11M
984	963	CT	15	99M1D11M
2839	964	C	4	110M
7430	965	consensus	7	110M
805	966	consensus	14	110M1D
37795	967	consensus	4	110M
7946	968	T	11	110M
15164	969	GA	4	67M2D43M2D
4046	970	CA	4	9M8D37M1D64M
37796	971	consensus	4	110M
12898	972	CGTGCTTG	4	110M6D
5734	973	G	11	110M1D
7685	974	consensus	4	110M
37797	975	consensus	7	110M
28533	976	G	8	8D110M
2299	977	AN	12	18D118M4D
723	978	consensus	10	110M
3973	979	T	9	110M9D
2359	980	C	7	110M1D
23012	981	CGG	12	110M
26612	982	consensus	7	1M9D109M10D
37798	983	consensus	9	110M
7605	984	G	4	13D110M
4799	985	consensus	7	110M
8990	986	G	6	110M
10603	987	AACTC	4	110M
10603	987	GGCTC	6	110M
176	988	consensus	10	110M
37799	989	consensus	8	110M
2333	990	TTAG	5	8D2M2D107M4D1M
5718	991	ACG	7	110M
29318	992	consensus	4	2M13D108M
37800	993	consensus	6	110M12D
57030	994	consensus	6	110M
1630	995	CT	5	110M
1312	997	G	4	110M
25926	998	consensus	6	10M5D100M9D
2992	999	GG	16	110M
37801	1000	consensus	6	110M
10880	1001	consensus	6	4D110M9D
13932	1002	consensus	5	6D110M5D
3936	1003	T	8	110M
37802	1004	consensus	4	110M
37803	1005	consensus	9	110M
37804	1006	consensus	8	110M
3780	1007	A	6	110M
5367	1008	G	9	7D110M
15096	1009	TCA	8	1M2D15M1D94M6D
1142	1010	TC	5	110M
28040	1011	TT	12	1M3D109M
2065	1012	consensus	4	12D110M8D
63	1013	TC	5	110M1D
1702	1014	consensus	4	110M
1033	1015	ACTTGC	10	110M
37805	1016	consensus	5	2D110M
37806	1017	consensus	7	110M7D
4066	1018	C	4	110M
4066	1018	T	9	110M
2974	1020	G	6	110M1D
37807	1022	consensus	5	110M9D
6027	1023	GG	4	110M1D
5287	1024	GAAGGCCG	7	25M3D85M
37808	1025	consensus	4	1M4D109M6D
11367	1026	GA	9	12D110M2D
8464	1027	A	7	110M
2286	1028	TA	10	110M
2820	1029	consensus	10	110M1D
37809	1030	GTA	5	110M
4022	1031	ATA	14	110M2D
11791	1032	G	11	2M1D108M13D
3492	1033	T	11	110M
2015	1034	consensus	8	18D110M
959	1035	consensus	10	110M1D
4477	1036	A	11	110M1D
1577	1037	consensus	4	110M
4466	1038	G	7	110M1D
4466	1038	T	22	110M1D
2721	1039	TC	10	110M
37810	1040	consensus	12	110M
1425	1041	consensus	7	66M1D44M
7234	1042	CT	18	110M
17335	1043	G	4	3D110M5D
7761	1044	consensus	12	110M
64	1045	C	13	110M
7123	1046	A	8	110M
3909	1047	C	14	50M1D60M
2194	1048	ACCG	21	110M
3572	1049	CA	11	110M
3012	1050	C	17	110M
2160	1051	consensus	4	110M
9508	1052	consensus	9	18D110M
1258	1053	G	5	110M
1019	1054	consensus	35	110M
7203	1055	consensus	5	110M
28734	1056	consensus	8	10D110M
3470	1057	GC	14	3M1D107M
37811	1058	consensus	8	110M
14462	1059	A	6	110M
10715	1060	consensus	8	110M9D
8046	1061	consensus	18	7D110M7D
5540	1062	CA	7	110M
2828	1063	A	34	110M
4619	1064	T	4	110M
2263	1065	T	12	110M
219	1066	consensus	7	110M
7982	1067	AA	8	110M
6826	1068	T	11	5M1D105M
1715	1070	AG	6	110M1D
37812	1071	consensus	17	110M
3098	1072	AC	27	30M1D80M
771	1073	consensus	4	110M
2067	1074	TTGA	8	110M
2381	1075	AAACA	5	110M
9059	1076	T	6	10D110M11D
3258	1077	TAA	26	110M1D
3061	1078	G	7	110M1D
2219	1079	GA	6	110M
915	1080	consensus	9	110M
137	1081	consensus	21	59M4D51M1D
35634	1082	T	7	86M5D25M
35296	1083	consensus	14	110M
37813	1084	A	5	110M
37814	1085	consensus	8	110M
7271	1086	A	7	18D110M
883	1087	consensus	21	110M
3495	1088	AAT	9	110M
37815	1089	consensus	10	110M
8994	1090	consensus	4	110M
3493	1091	G	6	110M
4105	1092	A	10	110M
12418	1093	consensus	4	110M
4197	1094	consensus	4	110M
3006	1095	AAGTC	25	110M
20073	1096	consensus	8	40M1D70M15D
37816	1097	consensus	9	110M4D
37817	1098	T	5	110M8D
5364	1099	consensus	15	110M
4019	1100	consensus	4	3D110M
2189	1101	A	17	110M
10414	1102	TAA	4	110M
315	1103	C	7	110M
37818	1104	consensus	12	110M
5507	1105	ATT	14	110M
1203	1106	GGGC	8	110M
37819	1107	consensus	5	110M
3635	1108	consensus	8	110M
3103	1109	CAC	6	110M
25476	1110	consensus	18	110M
6470	1111	consensus	15	110M
3860	1112	consensus	11	7M1D103M
1495	1113	ACTAAT	13	99M5D11M
26177	1114	consensus	8	110M4D
37820	1115	consensus	11	3D110M
5456	1116	consensus	5	110M1D
3176	1117	T	14	110M1D
2976	1118	AG	6	55M1D55M1D
7436	1119	GGTT	25	110M1D
1491	1120	GT	21	110M
35529	1121	consensus	9	9D110M4D
16976	1122	consensus	17	17D110M2D
35636	1123	consensus	9	110M7D
752	1124	AT	13	110M
2509	1125	consensus	19	110M1D
23998	1126	consensus	9	110M8D
7174	1127	C	5	110M
4788	1128	consensus	20	110M
31191	1129	G	16	110M
604	1130	consensus	9	110M
30699	1131	T	5	1M4D109M5D
5405	1132	consensus	4	110M
3945	1133	AA	4	110M6D
2577	1134	consensus	5	110M12D
26591	1135	consensus	5	7D110M2D
37821	1136	consensus	4	110M
37822	1137	consensus	7	110M
26374	1138	TC	16	110M
2405	1139	consensus	5	1M15D109M6D
85	1140	consensus	10	110M
37823	1141	C	9	4D109M7D1M
37824	1142	consensus	8	110M
37143	1143	TA	5	110M
37825	1144	consensus	13	11D110M
4815	1145	consensus	7	110M
37826	1146	G	5	110M
18587	1147	A	11	7D110M16D
37827	1148	consensus	11	110M
9096	1149	consensus	7	114M8D
18031	1150	T	14	10D110M2D
26038	1151	consensus	13	110M11D
37828	1152	consensus	6	110M
35322	1153	consensus	5	110M1D
35976	1154	consensus	4	3D110M
3661	1155	consensus	17	4D110M
37829	1156	consensus	12	110M
3993	1157	consensus	10	2M9D108M
2107	1158	consensus	7	110M
1072	1159	consensus	13	110M
11770	1160	consensus	8	4D110M6D
593	1161	CC	11	110M
2201	1162	GATAC	8	102M1D8M
9818	1163	A	8	110M
9818	1163	G	6	110M
37830	1164	consensus	12	110M
37831	1165	consensus	8	110M2D
13924	1166	T	11	110M
37832	1167	consensus	5	110M
1757	1168	T	15	110M
4259	1169	CT	7	110M
37833	1170	consensus	4	3D110M1D
2789	1171	consensus	4	110M
37834	1172	consensus	13	110M12D
37835	1174	consensus	5	110M
932	1175	G	7	71M3D39M
7216	1176	consensus	11	110M
37836	1178	consensus	13	2M8D108M3D
37837	1179	consensus	10	110M
30893	1180	consensus	15	14D110M4D
59896	1181	T	7	110M
10441	1182	consensus	10	6D109M3D1M
1481	1183	CTGCCGCCCT	6	110M
449	1184	G	5	110M1D
3136	1185	A	26	110M
4297	1186	C	6	1M7D109M5D
27454	1187	T	4	110M
4584	1188	GGG	4	110M2D
67319	1190	consensus	11	110M
4079	1191	TGG	17	110M
14	1192	CGCA	12	14D114M3D
1455	1193	C	10	110M
7723	1194	G	9	110M
18823	1195	consensus	4	3D110M
4405	1197	G	6	110M1D
1364	1198	consensus	15	110M
1381	1199	TGAATATT	6	110M
5103	1200	G	6	23D110M2D
1032	1201	TTA	14	110M
3295	1202	A	4	10D110M
34045	1203	CA	4	110M
2268	1204	consensus	12	1M2D122M1D
37838	1205	G	8	110M5D
1419	1206	TGG	6	110M
5358	1207	GCC	15	110M
1781	1208	consensus	5	110M
37839	1209	consensus	5	110M
13943	1210	consensus	4	3D110M12D
37840	1211	consensus	10	110M
37841	1212	consensus	13	110M
37842	1213	consensus	5	110M
2089	1215	consensus	14	110M1D
37843	1216	consensus	18	110M
4258	1217	TG	8	110M
4914	1218	consensus	4	1M1D109M
3771	1219	T	12	110M
1462	1220	G	4	110M
1461	1221	GTG	10	110M1D
7507	1222	consensus	4	110M1D
37844	1223	consensus	6	110M
5381	1224	AA	8	110M
37845	1225	consensus	9	110M
28963	1226	consensus	10	9D110M6D
4720	1227	consensus	5	1M10D109M
5163	1228	consensus	9	110M1D
14477	1229	C	7	110M
17394	1230	T	5	110M
1524	1231	consensus	5	11D110M10D
37846	1232	consensus	5	110M
3835	1233	T	12	17M1D93M15D
37847	1234	consensus	6	1M9D109M
3815	1235	G	6	110M
37848	1236	consensus	9	110M
31731	1237	consensus	6	1M7D109M7D
3851	1238	C	18	1D110M
20972	1239	consensus	7	1M6D109M2D
37849	1240	A	4	12D110M3D
1368	1241	consensus	11	110M
9089	1242	consensus	9	110M
1722	1243	TC	4	30M5D80M
2874	1244	G	23	110M
4664	1245	GC	10	110M
427	1246	GA	9	110M
5534	1247	AG	6	70M1D40M1D
3683	1248	C	12	110M
37850	1249	consensus	4	110M
32921	1250	consensus	6	110M
2753	1251	consensus	15	110M
29491	1252	AGAG	33	110M1D
29491	1252	GGAC	33	110M1D
7097	1253	consensus	7	11D110M6D
4631	1254	consensus	6	110M1D
37851	1255	consensus	6	110M
17226	1256	GTGG	5	1M8D109M
35453	1257	consensus	7	4D110M
1666	1258	AT	8	105M3D5M
383	1259	AA	15	110M
37852	1260	consensus	13	110M
8037	1261	A	5	110M
229	1262	A	8	110M
3302	1263	AGG	5	110M11D
1736	1264	GGGGGTAGGCTACA	8	110M
2310	1265	GCAA	11	110M1D
9539	1266	consensus	7	110M
2660	1267	GCAA	5	13M1D97M1D
240	1268	consensus	11	1D108M1D2M
345	1269	A	7	15D117M8D
37853	1270	consensus	5	110M
363	1271	consensus	6	19D110M7D
2870	1272	consensus	9	110M
37854	1273	consensus	6	110M7D
18912	1274	consensus	7	110M2D
14119	1275	GG	7	13D110M7D
37855	1276	consensus	4	110M
23197	1277	C	9	9D110M
37856	1278	consensus	4	110M
37857	1279	consensus	5	110M
447	1280	CG	5	110M1D
37858	1281	consensus	7	11D76M1D34M
4211	1283	T	7	110M
37859	1284	A	10	115M
4377	1285	TA	18	110M
2962	1286	GTGCG	13	110M
35276	1287	G	4	1D110M
1972	1289	consensus	8	110M
14595	1290	GT	10	9D110M
37860	1291	consensus	6	110M
7416	1292	TA	4	110M
37861	1293	consensus	6	110M
1881	1294	AAACTGCAC	9	103M2D7M3D
1881	1294	ATACTGCTC	9	103M2D7M3D
1397	1295	consensus	8	86M1D24M
638	1296	GT	4	110M1D
4528	1297	CT	23	110M
437	1298	consensus	6	110M
6151	1299	consensus	9	2D110M10D
2529	1300	consensus	26	110M
2437	1301	AG	8	110M
37862	1302	consensus	6	110M
3112	1303	AACGGG	12	110M
26186	1305	consensus	6	1M7D109M13D
479	1306	ATTA	4	65M1D45M1D
12210	1307	consensus	10	110M2D
164	1308	G	5	104M2D6M
2637	1309	C	6	110M
2034	1310	CCGG	5	110M1D
23698	1311	consensus	5	110M
8619	1312	A	6	110M
1130	1313	ATA	7	4D110M20D
1130	1313	GTN	7	4D110M20D
2769	1314	consensus	6	42M2D68M
2564	1315	GG	5	110M
10673	1316	consensus	8	2M11D108M
26471	1317	consensus	10	4M5D106M
37863	1318	T	6	110M12D
327	1319	consensus	6	110M
37864	1320	consensus	5	110M
3539	1321	A	21	110M
28997	1322	G	4	8D109M7D1M
37865	1323	consensus	6	110M
3999	1324	consensus	7	95M4D19M
35572	1325	consensus	6	6D110M5D
4541	1326	A	14	110M
1074	1327	CGC	8	110M
5232	1328	consensus	6	110M
1319	1329	TG	8	110M1D
2173	1330	C	9	110M
859	1331	A	4	110M1D
23024	1332	consensus	18	1M11D109M
31294	1333	consensus	6	110M
1396	1334	GATCAATAGCA	11	110M
37866	1335	consensus	7	110M
37867	1336	consensus	5	8D110M
37868	1337	consensus	4	110M
5634	1338	G	9	110M
2406	1339	GT	4	110M1D
31006	1340	consensus	5	1D110M6D
72862	1341	CCGCGC	4	110M
37869	1342	consensus	11	110M
13775	1343	consensus	18	110M6D
1975	1344	GGAG	4	110M9D
3008	1345	consensus	5	110M
24719	1346	consensus	5	3D110M2D
4047	1347	TTCTA	16	120M14D
3093	1348	consensus	4	110M
37870	1349	consensus	8	113M3D
37871	1350	consensus	5	110M
197	1351	A	11	110M1D
37872	1352	consensus	4	110M
2037	1353	consensus	18	110M
37873	1354	consensus	4	110M
154	1355	G	12	110M8D
509	1356	TCTGAT	11	110M
566	1357	TGG	8	110M
35569	1358	A	8	9D110M7D
37874	1359	TAC	8	3D110M12D
31874	1360	consensus	8	110M5D
746	1361	T	14	110M
37875	1362	consensus	9	1D110M
29221	1363	consensus	8	113M9D
114	1364	consensus	5	110M15D
5330	1365	CTG	13	110M
3288	1366	C	8	110M
37876	1367	consensus	9	3D110M19D
37877	1368	consensus	4	1M1D109M
37878	1369	consensus	9	7D110M
3557	1370	T	6	110M
27970	1371	consensus	15	4D110M5D
5447	1372	TT	10	112M8D
3409	1373	TAG	22	110M
86	1374	ACT	19	22M1D88M1D
86	1374	ATA	19	22M1D88M1D
10061	1375	TTACG	4	110M
476	1376	consensus	4	110M
218	1377	A	8	1M16D109M10D
37879	1378	consensus	11	7D110M
301	1379	T	12	110M
10527	1380	consensus	5	110M
7311	1381	A	8	110M
7791	1382	consensus	15	9D110M
8330	1383	GC	16	110M
10633	1384	C	4	110M
37880	1385	consensus	19	110M
25611	1386	T	9	110M
702	1387	T	5	110M
36367	1388	consensus	5	110M12D
37881	1389	consensus	7	9D110M
3230	1390	GG	24	110M
37882	1391	consensus	12	110M
584	1392	consensus	7	66M4D44M
351	1393	consensus	4	110M
314	1394	consensus	4	110M
9507	1395	G	5	110M
1778	1396	C	10	110M
30908	1397	consensus	12	1M6D109M4D
13969	1398	A	4	1D110M4D
792	1399	AA	10	110M
3659	1400	consensus	17	110M
2706	1401	consensus	8	110M
15830	1402	consensus	4	5D110M4D
8105	1403	consensus	14	110M
9681	1404	consensus	8	110M17D
37883	1405	consensus	8	1M4D109M17D
1654	1406	consensus	13	110M1D
1888	1407	consensus	5	110M
15407	1408	G	7	110M
1317	1409	CG	12	110M
37884	1411	consensus	7	110M
653	1412	AATG	10	110M
37885	1413	consensus	7	110M
512	1414	consensus	33	90M8D20M
5121	1415	consensus	6	110M
13214	1416	A	4	110M
35262	1417	consensus	5	1M7D109M5D
37886	1418	consensus	5	110M
37887	1419	consensus	6	110M
4226	1420	consensus	17	110M
37888	1421	consensus	9	110M
15590	1422	C	8	110M
5424	1423	AA	19	110M1D
37889	1424	consensus	6	110M
1676	1425	consensus	6	110M
26589	1426	consensus	7	17D110M2D
37890	1427	consensus	9	110M1D
37891	1428	consensus	10	110M
4535	1429	GCAGTTG	5	110M
37892	1430	consensus	4	13D108M2D2M
254	1431	CT	24	110M
3108	1432	consensus	14	110M
19244	1433	TC	10	110M
5012	1434	consensus	5	10D108M6D2M
3689	1435	C	9	110M
7326	1436	A	10	110M
8783	1437	GGA	10	18D110M
165	1438	CTT	8	36M1D74M
3975	1440	TGT	7	110M1D
10552	1441	consensus	10	1M19D109M
18350	1442	consensus	6	10D110M8D
4851	1443	CG	13	110M
5397	1444	TC	13	93M1D17M
37893	1445	consensus	15	110M
37894	1446	consensus	5	110M
17374	1447	consensus	9	121M4D
809	1448	AC	4	110M
3331	1449	consensus	7	110M
4891	1450	T	8	110M
8767	1452	CAC	10	110M
2267	1453	C	7	110M
15833	1454	consensus	12	110M12D
5195	1455	consensus	7	14D110M11D
5028	1456	consensus	4	110M
7232	1457	A	10	110M
32782	1458	ATC	5	110M
3961	1459	consensus	19	110M
8454	1460	CAAG	6	110M2D
37895	1461	TCG	6	110M8D
37896	1462	consensus	5	110M12D
22291	1463	consensus	5	110M
8020	1464	consensus	20	110M
37897	1465	consensus	9	110M
2301	1466	AT	8	110M
2300	1467	C	5	26M8D84M4D
1287	1468	G	4	110M
161	1469	GAGGG	7	110M
58099	1470	consensus	9	110M
4071	1471	TATTGG	14	108M1D2M2D
836	1472	TT	8	56M1D54M
23364	1473	consensus	5	110M2D
2047	1474	CAAC	9	5M1D105M
8053	1475	GA	7	110M
1391	1476	TC	8	110M
1544	1477	GC	9	110M
37898	1478	consensus	4	110M
2129	1479	C	9	110M
7498	1480	consensus	8	110M
5477	1481	CT	23	110M1D
1194	1482	AAAC	3	110M
1194	1482	AAAT	5	110M
39	1483	GC	9	15D110M11D
1193	1484	TAC	6	94M1D16M1D
37899	1485	consensus	16	9D110M
12328	1486	G	4	110M
8111	1487	consensus	5	110M
4425	1488	TGT	4	110M
4692	1489	GTTATTCT	7	110M2D
37900	1490	consensus	15	2D110M7D
8827	1491	consensus	6	47M2D63M4D
3677	1492	TAA	10	110M1D
2430	1493	consensus	4	110M
1376	1494	CC	14	110M
4166	1495	consensus	8	120M1D
2196	1496	consensus	4	110M
1283	1497	consensus	15	110M
37901	1498	consensus	8	110M4D
6943	1499	GC	6	110M1D
3594	1500	GATA	16	75M1D35M1D
16543	1501	consensus	7	14D110M
4999	1502	consensus	7	110M
5177	1503	GTA	4	110M6D
455	1504	consensus	26	110M1D
3755	1505	AAGA	8	110M
37902	1506	consensus	7	110M
1400	1507	TCT	16	110M
2512	1508	consensus	5	1M4D109M16D
34477	1509	consensus	6	110M12D
1403	1510	consensus	20	110M1D
37903	1511	consensus	6	1M4D109M12D
2363	1512	consensus	5	110M
26982	1513	consensus	7	110M
794	1514	T	10	110M2D
37904	1515	consensus	4	110M
37905	1516	AAG	6	1M10D109M1D
1436	1517	consensus	7	110M
2936	1519	AGGGA	5	110M
8871	1520	G	12	110M
1564	1521	CT	9	110M
3958	1522	GC	10	110M
37906	1523	consensus	9	110M
37907	1524	consensus	5	110M
335	1525	T	9	110M1D
334	1526	C	4	99M1D11M
2591	1527	consensus	4	110M
21044	1528	consensus	7	1M3D109M7D
37908	1529	consensus	13	5D110M
3990	1530	consensus	11	110M
37909	1531	AAG	5	108M9D2M
1739	1532	GGGC	8	110M
2016	1533	AAAAGGT	7	12D110M14D
1378	1534	consensus	4	14D109M1D1M
3916	1535	consensus	5	110M
2049	1536	GGGT	4	110M1D
16888	1537	consensus	10	6D110M10D
37910	1538	consensus	7	17D110M
1543	1539	consensus	8	110M
4781	1540	consensus	4	1M19D109M
5746	1541	T	5	110M
29635	1542	consensus	4	15D110M
# sstacks completed on 2026-03-06 12:15:02
