# sstacks version 2.68; generated on 2026-03-06 12:14:59
43	1	AA	17	2D117M18D
10	2	C	14	5D112M21D
7594	3	A	17	4D119M13D
20775	4	consensus	19	1D116M9D
56	5	TT	20	1M1D123M20D
13192	6	C	17	2M14D126M7D
13671	7	CAAGA	29	3M2D121M24D
12841	8	CGG	17	1M4D126M
29657	9	consensus	12	7D120M9D
27856	10	consensus	9	113M
27857	11	consensus	10	1M8D113M
5082	13	AC	15	1M5D123M6D
5082	13	AT	15	1M5D123M6D
443	14	consensus	16	14D113M11D
284	15	GACA	16	44M1D66M1D
284	15	GACG	16	44M1D66M1D
266	16	TACC	14	20D111M7D
3168	17	CC	13	10D119M3D
33	18	AAGAA	12	8D117M12D
26436	19	T	22	3D121M
3765	20	TA	15	23D119M3D
857	21	AA	25	9D115M8D
1168	22	consensus	15	1M9D118M
15195	23	consensus	14	5D111M
812	24	A	13	6D124M1D1M
39	25	GC	13	2D118M16D
48	26	GG	14	1M11D127M6D
50	27	CGTCNN	14	12D113M13D
471	29	consensus	20	111M1D
37	30	GAGAC	26	6D126M22D
62708	31	consensus	14	1D118M
4562	32	AG	30	8D117M13D
3755	34	AAAC	5	110M
3755	34	AAGA	12	110M
1084	36	C	28	129M25D
27858	37	consensus	10	114M8D
2512	40	consensus	15	1D124M1D4M
1	42	AGA	16	131M13D
8265	43	CATT	10	16D115M7D
686	44	CT	20	1M8D119M8D
27859	45	consensus	9	119M2D
1116	46	G	24	12D118M15D
41	47	NTTTA	11	5D117M19D
27860	48	consensus	14	119M
27861	49	consensus	6	1M8D109M1D
3364	50	GAGACA	4	110M
3366	51	AG	8	110M
2970	52	A	4	110M
1052	53	A	29	110M
4169	54	consensus	12	110M
6431	55	CT	5	110M1D
27862	56	consensus	4	110M
4363	57	consensus	10	1M10D109M7D
8223	58	consensus	4	110M
653	59	AATG	6	110M
653	59	GATG	14	110M
27863	60	consensus	5	3D110M
4416	61	consensus	4	110M21D
27864	62	consensus	5	110M3D
424	63	A	14	110M
14348	65	A	6	2M6D115M7D
472	67	CCGCGCTA	11	6M1D33M7D71M
72891	68	consensus	15	110M
1468	69	CCC	9	110M1D
1452	70	C	7	110M
1452	70	T	13	110M
25868	71	A	6	1M3D109M14D
4116	72	G	13	110M
2674	73	consensus	8	110M18D
27865	74	consensus	5	110M4D
930	75	consensus	9	110M
932	76	A	9	113M
27866	77	consensus	8	110M
684	78	consensus	5	110M
40241	79	AA	13	111M
27867	80	consensus	6	2D110M
27868	81	consensus	10	110M
23	82	TA	11	9D119M10D
27869	83	consensus	7	110M
2325	84	ANNNNNNNNCTNNCAGTTC	4	1M15D109M1D
2809	85	C	5	8D110M11D
27870	86	GC	4	110M19D
2851	87	TG	18	110M1D
757	88	C	6	4D120M1D
5044	89	consensus	9	110M
27871	90	consensus	13	110M
14904	91	A	4	1M8D109M12D
3943	92	C	5	110M
27872	93	G	7	100M1D11M
27872	93	T	4	100M1D11M
19723	94	G	5	110M
27873	95	consensus	4	110M4D
27874	96	consensus	8	110M
27875	97	consensus	4	110M
27876	98	TT	5	1M9D109M
1818	99	G	4	110M
109	100	GAGGGA	7	1M14D109M13D
27877	101	consensus	9	110M
1957	102	consensus	6	110M
4289	103	TTAGCA	9	110M3D
2739	104	C	17	110M1D
925	105	TGCAAC	18	110M
1673	106	T	8	110M
8918	107	consensus	5	110M
69305	108	consensus	7	110M
3520	109	C	6	110M
479	110	AATA	7	65M1D45M1D
27878	111	consensus	4	110M4D
24989	112	T	8	110M
1586	113	ACG	6	110M
2844	114	A	11	53M1D57M1D
3982	115	CAG	5	32M1D78M
27879	116	consensus	7	110M
3180	117	T	9	110M
15019	118	consensus	4	6D110M8D
27880	119	consensus	4	1M2D109M9D
32371	120	TAA	15	23M1D87M1D
27881	121	A	10	1M3D109M
10698	122	consensus	4	110M
4001	123	GC	8	110M
9211	124	CA	9	110M
10968	125	consensus	4	110M4D
25998	126	consensus	4	5D110M
27882	127	consensus	5	110M
27883	128	consensus	8	1M16D109M
605	129	consensus	10	110M
27884	130	GTTC	9	110M
12104	131	T	11	1M3D109M5D
58099	132	consensus	8	110M
7182	133	A	4	110M
1521	134	TGTC	7	110M
1521	134	TTTC	3	110M
3670	135	T	5	110M16D
27885	136	consensus	11	110M
3132	137	C	17	110M1D
593	138	CC	7	110M
27886	139	consensus	5	110M
27887	140	consensus	10	110M
5177	141	GCG	5	110M6D
27888	142	consensus	7	110M
5585	143	G	13	110M
5285	144	T	4	110M
14264	145	A	10	1M10D109M3D
27889	146	consensus	4	5D110M
13593	147	consensus	4	110M9D
19658	148	consensus	5	110M
2048	149	CG	5	18D110M
2713	150	CC	16	110M1D
27890	151	consensus	4	110M
7555	152	consensus	9	10M1D100M
2812	153	consensus	7	110M
61852	154	consensus	4	110M
15813	155	A	9	110M
2804	156	consensus	4	110M1D
8829	157	consensus	10	110M
4176	158	A	10	110M
12278	159	AGAACAGATTT	5	110M2D
2414	160	consensus	6	110M
27891	161	A	8	6D110M
604	162	consensus	5	110M
7269	163	AAACG	7	97M6D13M
27892	164	consensus	5	110M
16006	165	consensus	6	11D110M
2022	166	consensus	10	110M
12738	167	consensus	5	110M9D
1634	168	consensus	5	110M
5561	169	G	8	110M
1571	170	AC	4	110M
27893	171	consensus	4	1M3D109M7D
27894	172	G	16	2M11D108M4D
27895	173	consensus	4	110M4D
859	175	A	4	110M1D
9057	176	AT	9	110M
27896	177	consensus	5	110M
3966	178	A	22	14M1D96M
2838	179	CTGAAT	9	1D110M
468	180	ACAAAATAT	7	111M1D
27897	181	consensus	10	110M
1736	182	GGGGGTAGGCTACA	14	110M
5508	183	C	10	110M
19477	184	consensus	10	1M3D109M
4126	185	consensus	5	110M
8940	186	consensus	4	3D110M9D
3842	187	CAATCTA	5	1M5D106M7D3M
2068	188	GA	5	110M
1038	189	G	9	110M
2322	190	G	14	110M1D
76832	191	consensus	5	110M
27898	192	consensus	4	110M
27899	193	consensus	6	110M
27900	194	consensus	5	1M6D109M
765	195	G	6	110M
27901	196	consensus	9	110M
2481	197	consensus	10	110M1D
27902	198	consensus	8	110M
2841	199	AT	6	1M7D109M11D
10552	200	consensus	9	9D110M10D
27903	201	consensus	13	1M5D109M9D
27904	202	TCG	6	110M11D
3140	203	T	4	110M
26186	204	consensus	6	1M7D109M13D
2537	205	GA	8	110M
27905	206	consensus	7	1M13D109M
77106	207	consensus	4	73M1D37M
14380	208	consensus	7	110M
1856	209	C	6	110M1D
27906	210	consensus	4	110M
26591	211	consensus	6	3D110M6D
14813	212	consensus	5	1M4D109M1D
27907	213	consensus	4	110M
27908	214	consensus	6	110M7D
3782	215	ATC	10	110M
19989	216	TC	10	1M1D109M22D
2032	217	AA	4	110M
27909	218	consensus	8	110M
7310	219	ACAGATTC	14	110M
7607	220	C	11	2M15D108M11D
7403	221	TC	6	110M
9104	222	consensus	8	3D110M13D
4066	223	T	4	110M
5188	224	consensus	8	110M
23347	225	consensus	4	8D110M
2407	226	consensus	6	110M
8712	227	consensus	5	2M16D108M
341	228	TG	5	110M
233	229	CT	8	110M
1724	230	consensus	6	110M
13882	231	TCAG	8	110M
19875	232	G	4	8D110M
3393	233	GCAGATG	8	110M
2633	234	T	7	110M
27545	235	consensus	6	3D110M
16295	236	G	7	1M2D109M12D
1689	237	C	9	110M1D
27910	238	A	5	110M
1839	239	consensus	15	110M
8842	240	consensus	5	17D110M3D
27911	241	consensus	5	110M
5233	242	TTT	5	1M17D110M
345	243	A	32	2D120M18D
608	244	consensus	5	110M
8659	245	G	6	111M1D
5291	246	GC	6	119M
4064	247	consensus	13	7D110M
7151	248	CA	5	110M
7151	248	CT	3	110M
27912	249	consensus	5	110M
3820	250	GT	13	110M
2012	251	TC	4	110M1D
130	252	consensus	19	110M
7650	253	consensus	7	110M8D
25201	254	consensus	5	110M17D
5132	255	A	7	110M8D
3903	256	consensus	4	12D110M
27913	257	ACT	5	3M2D107M
137	258	consensus	10	59M4D51M1D
4721	259	C	10	38M1D72M
8557	260	consensus	8	110M12D
722	262	consensus	9	110M
8133	263	consensus	5	110M
2352	264	consensus	7	1M11D109M
7009	265	CT	7	110M
1511	266	G	18	110M
2353	267	consensus	7	110M
3807	268	consensus	6	72M2D38M
2516	269	consensus	13	110M
8165	270	consensus	5	110M
1094	271	consensus	8	110M
1840	272	consensus	12	110M
27914	273	consensus	6	110M
27915	274	consensus	5	10D110M1D
18875	275	TAT	13	3D110M4D
8853	276	consensus	4	110M
4187	277	consensus	10	110M
154	278	G	7	110M8D
27916	279	consensus	7	110M
4668	280	consensus	7	110M
27917	281	consensus	10	121M
449	282	G	5	110M1D
21418	283	consensus	13	5D110M3D
59	284	GCTGA	19	8D121M10D
497	285	consensus	6	110M
27918	286	consensus	6	110M2D
7742	287	AC	8	111M
1992	288	G	23	110M
3181	289	TCGAT	32	110M
27919	290	consensus	5	110M
412	291	C	10	110M
25233	292	consensus	4	110M
884	293	A	5	110M
7654	294	A	6	110M
2469	295	CTA	5	110M
27920	296	consensus	6	13D113M
5399	297	consensus	4	7D110M6D
27921	298	consensus	4	110M
27922	299	consensus	6	110M
10472	300	consensus	11	110M
2883	301	GTG	14	110M
1309	302	GG	7	110M
27923	303	consensus	5	110M
5532	304	G	11	110M1D
27924	305	consensus	12	110M
3632	306	C	9	8D110M6D
27925	307	consensus	5	110M
84140	308	consensus	8	110M
11177	309	consensus	4	110M
27926	310	consensus	7	110M6D
3911	311	G	12	110M
2682	312	consensus	10	110M
2145	313	TTCT	4	44M1D66M2D
27927	314	consensus	6	110M
2714	315	consensus	14	110M
27928	316	consensus	7	110M
299	317	AGCCCCACTT	4	107M1D3M
27929	318	consensus	5	110M
23235	319	consensus	4	12D110M
4130	320	consensus	14	110M
2613	321	TCTCG	18	110M
16374	322	consensus	8	9D110M6D
1543	323	consensus	10	110M
17252	324	consensus	6	1M5D109M3D
2916	325	GA	5	110M
811	326	A	6	110M
27930	327	CG	13	1M10D109M10D
41038	328	C	6	110M
27931	329	consensus	8	110M
3126	330	GGCGTA	16	110M
8023	331	GCCTGG	4	42M1D20M11D48M
4914	332	consensus	5	1M1D109M
1132	333	GGC	7	8D121M5D
661	334	consensus	9	105M1D5M
21072	335	A	8	9D110M
27932	336	consensus	6	110M
27933	337	T	11	110M2D
1901	338	consensus	4	37M1D73M
27934	339	consensus	6	1M11D109M4D
27935	340	C	4	3D110M
27936	341	consensus	8	110M
5589	342	GCGAAT	21	110M1D
7236	343	TAG	9	110M
27937	344	consensus	5	1D110M12D
27938	345	consensus	4	110M
15152	346	consensus	4	2M1D108M3D
27939	347	consensus	4	110M
27940	349	consensus	7	110M
27530	350	consensus	6	1M10D109M
27941	351	consensus	15	110M10D
8861	352	consensus	4	4D110M
27942	353	consensus	6	110M
8137	354	consensus	5	110M8D
27943	355	consensus	5	110M
437	356	consensus	4	110M
5457	357	consensus	4	110M
84	358	C	14	110M6D
268	359	G	5	110M
1419	360	TGG	5	110M
4011	361	consensus	4	110M
27944	362	consensus	4	110M
8738	363	consensus	8	112M
27945	364	consensus	4	110M
1508	365	consensus	6	110M1D
16242	366	consensus	4	3D110M
5258	367	C	5	110M2D
27946	368	G	4	5D110M
3763	369	T	14	110M
5488	370	TT	4	110M
27947	371	consensus	8	12D110M8D
4470	372	consensus	5	10D110M1D
27948	373	consensus	5	110M
8716	374	T	9	1M1D111M5D
5299	375	A	4	110M
27949	376	consensus	5	4D110M4D
54397	377	CTCCGT	23	110M
953	378	CT	9	4D110M18D
27950	379	consensus	7	110M
9129	380	G	4	1M16D109M
4836	381	G	11	110M
3550	382	A	5	110M1D
1739	383	GGGC	6	110M
27951	385	consensus	4	110M
358	386	CA	4	110M
13666	387	TT	7	119M2D
4462	388	consensus	9	110M
7207	389	G	11	110M
5734	390	G	14	110M1D
5914	391	consensus	4	1M8D109M9D
4623	392	consensus	9	115M19D
13214	393	A	7	110M
20857	394	C	4	110M7D
27952	395	consensus	9	110M
9343	396	G	9	4D110M19D
27953	397	consensus	8	110M
1450	398	TACC	8	110M1D
27954	399	consensus	4	110M
27955	400	consensus	13	110M
470	401	AA	16	8D114M10D
873	402	consensus	6	100M1D10M1D
27956	403	consensus	5	110M
1427	404	CG	6	110M
3112	405	GGGGGG	16	110M
229	407	A	4	110M
330	408	G	5	110M
27957	409	consensus	9	3D110M
27958	410	consensus	5	110M
1533	411	G	31	110M
2538	412	consensus	6	79M1D31M
1698	413	AA	14	110M
17663	414	consensus	5	110M
4644	416	G	12	110M
2617	417	GCGA	15	110M
27959	418	consensus	6	110M
2748	419	T	5	110M1D
27960	420	consensus	5	110M
27961	421	consensus	5	110M1D
4531	422	consensus	5	110M
58824	424	A	9	110M
3595	425	T	13	110M1D
27962	426	consensus	9	110M
2378	427	CCCAT	14	42M1D68M
27963	428	consensus	6	110M
81	429	consensus	8	110M2D
2764	430	consensus	46	110M
14518	431	consensus	6	110M
5698	432	consensus	6	110M
5911	433	G	5	110M
3067	434	ATCG	9	110M
3580	435	GC	13	110M
7538	436	A	10	110M1D
2814	437	GTT	24	110M1D
11621	438	T	4	110M
800	439	C	17	111M
5118	440	GCAG	4	110M
27964	441	consensus	8	13D110M
1757	442	T	6	110M
4259	443	CT	21	110M
27207	444	consensus	8	110M
27965	445	consensus	11	1M1D109M
1220	446	consensus	4	110M
4003	447	consensus	14	110M1D
3232	448	AA	7	110M
13792	449	consensus	5	1M2D109M1D
27966	450	consensus	5	110M
1416	451	T	9	14D110M2D
7833	452	consensus	12	110M4D
27967	453	consensus	4	110M
5133	454	consensus	24	110M1D
1888	455	consensus	9	110M
1205	456	AC	5	110M
2217	457	GCT	7	10D110M5D
3765	458	TA	10	7D121M17D
9541	459	CA	14	110M
2964	460	consensus	4	110M1D
66	461	AGTGTC	7	110M1D
1491	463	GC	23	110M
1491	463	GT	9	110M
3276	464	T	12	110M
9062	465	A	9	110M
1028	466	T	7	110M
27968	467	consensus	15	5D110M4D
27969	468	consensus	9	120M
27970	469	consensus	7	110M9D
1978	470	CG	10	102M3D8M
10416	471	T	7	1M11D109M7D
2165	472	CGGC	14	110M1D
2165	472	TGGC	14	110M1D
27971	473	consensus	16	110M
792	474	AA	9	110M
27972	475	consensus	9	110M
936	476	GC	11	113M
7274	477	GA	11	110M
8378	478	AC	6	110M1D
2539	480	AT	6	110M
3924	481	consensus	8	110M
27973	482	consensus	7	110M
27974	483	consensus	7	1M12D67M2D42M5D
486	484	AAG	10	110M4D
10651	485	GC	4	110M9D
27975	486	consensus	6	110M1D
4877	487	A	18	110M
1381	488	AAACTAAT	7	110M
27976	489	consensus	10	110M
20831	490	consensus	33	110M1D
16064	491	consensus	6	110M10D
27977	493	consensus	5	12D110M
564	494	GAG	18	110M
1585	495	consensus	15	110M
27978	496	consensus	4	110M
3880	497	A	16	110M
9396	498	CCCTTC	5	110M
16319	499	consensus	7	9D110M
27979	500	consensus	5	110M
161	501	GAGGG	6	110M
19042	502	A	18	1M13D109M4D
27980	503	consensus	12	1M2D109M8D
4648	504	T	4	1M7D109M6D
45585	505	consensus	11	110M
7319	506	consensus	18	110M
2925	507	TT	5	110M
738	508	TA	12	81M1D29M
15546	509	consensus	13	1M7D109M6D
3143	510	consensus	5	110M
4847	511	T	9	110M1D
3314	512	consensus	6	110M
1805	513	TG	6	8M1D102M
27981	514	consensus	4	110M
61644	515	consensus	9	110M
454	516	C	5	43M2D67M2D
3789	517	G	8	110M1D
26104	518	consensus	5	5D110M
556	519	TGTCT	24	110M
27982	520	consensus	4	110M
61308	521	consensus	4	110M
1537	522	GCTA	13	110M1D
10559	523	consensus	6	110M
14358	524	consensus	4	1M18D109M3D
3742	525	AT	4	110M
27983	526	consensus	10	110M
27984	527	G	17	41M1D69M7D
27985	528	consensus	4	3M10D107M
27986	529	consensus	8	110M
27987	530	consensus	4	110M12D
52568	531	consensus	16	40M1D70M
7671	532	consensus	4	20D110M
5029	533	A	11	110M
4687	534	G	4	110M
4208	535	CT	9	110M
7436	536	GGTC	10	110M1D
3784	537	T	4	110M
3339	538	consensus	16	110M1D
27988	539	consensus	15	110M
1536	540	CGAC	7	110M
3016	541	A	18	110M
18947	542	C	16	12D110M1D
4155	543	ACGT	7	110M
1906	544	T	9	110M1D
27989	545	consensus	4	110M3D
27990	546	consensus	8	111M
3786	547	consensus	10	110M
12407	548	GA	5	2M12D108M12D
1190	549	TTTC	21	110M
27991	550	consensus	5	16D110M
880	552	G	18	110M
1583	553	consensus	11	110M
245	554	T	8	110M1D
5028	555	consensus	7	110M
27992	556	consensus	9	110M4D
2571	557	A	10	110M1D
27993	558	consensus	6	110M
2327	559	consensus	20	105M1D5M
2329	560	consensus	6	110M4D
27994	561	CT	5	8D110M
2975	562	AAGTA	8	105M2D5M
27995	563	consensus	4	110M
7260	564	C	7	110M
843	565	ACCAC	9	110M1D
1841	566	consensus	22	110M
1480	567	consensus	7	110M
201	568	GCT	13	19D114M2D
2508	569	CTT	11	111M
4461	570	TCTTGC	6	110M1D
4371	571	consensus	19	110M1D
7368	572	consensus	5	110M
27701	573	consensus	5	2D110M1D
127	574	GA	15	110M1D
3809	575	G	10	3M10D110M8D
164	576	G	8	112M
1111	577	GGC	9	110M
27996	578	consensus	8	110M
10063	579	T	4	110M
1182	580	A	5	110M
3917	581	consensus	11	110M
8001	582	CT	9	105M3D5M
3514	583	GA	9	110M
7311	584	A	8	110M
2919	585	TCC	20	113M
27997	586	consensus	7	110M
1644	587	AT	12	111M
7498	588	consensus	10	110M
5461	589	C	9	110M
2620	590	A	4	10D110M12D
5364	591	consensus	12	110M
6887	592	G	8	17D118M
27998	593	consensus	9	110M
2172	594	consensus	5	110M
18844	595	consensus	9	110M
853	596	AT	6	110M
27999	597	consensus	8	110M
5560	598	C	4	110M1D
18948	599	CTC	8	110M
409	600	consensus	7	23D110M
4230	601	AGT	5	11D117M7D
5441	602	GGGA	13	75M10D35M2D
24486	603	consensus	4	1M6D109M5D
28000	604	consensus	8	110M
1392	605	AA	20	110M
28001	606	consensus	5	110M
15	607	AT	6	1M11D109M14D
56683	608	T	14	1M4D118M3D
1723	609	consensus	5	110M
3957	610	G	8	110M
7786	611	CC	14	110M
566	612	AAG	7	110M
7854	613	C	11	55M1D55M1D
7130	614	G	6	110M
15	615	AT	4	13D110M12D
14869	616	consensus	15	9D110M
370	618	A	10	110M
370	618	G	8	110M
3116	619	CGA	18	110M
120	620	A	8	110M
220	621	CGG	15	110M
28002	622	consensus	7	110M
4496	623	AATA	10	110M1D
28003	624	consensus	5	110M
4197	625	consensus	6	110M
23313	626	C	8	8D110M
338	627	GG	5	110M
344	628	G	10	110M
20459	629	CAAGA	6	2D8M1D102M
3641	630	T	5	68M1D42M1D
112	631	CCT	6	110M11D
28004	632	consensus	9	110M
2272	633	TCT	4	63M1D47M
72075	634	consensus	5	101M1D9M
3395	635	T	4	110M
21756	636	consensus	4	110M13D
5148	637	AC	6	110M
203	638	A	9	110M
73802	639	consensus	4	110M
16159	640	consensus	4	12D110M4D
587	641	consensus	7	10D110M6D
3409	642	TAG	15	110M
1663	643	T	4	97M2D2M2D11M
28005	644	consensus	11	110M
4335	645	T	8	110M
27388	646	consensus	8	3D110M7D
5658	647	consensus	5	6D110M11D
1216	648	T	6	110M
28006	649	consensus	6	110M
403	650	consensus	13	110M
11600	651	CCA	6	1M3D109M5D
8868	652	GTC	12	114M9D
1164	653	GT	6	110M
1636	654	TCCTGTGGG	16	110M
2201	655	TGTAC	5	102M1D8M
28007	656	consensus	13	110M3D
20295	657	GT	11	1M4D109M18D
28008	658	consensus	4	110M
9112	659	consensus	11	3M10D107M5D
1258	660	G	16	110M
4736	661	consensus	8	110M
28009	662	consensus	7	110M
809	663	AT	19	110M
41110	664	consensus	10	110M
14462	665	A	10	110M
7637	666	consensus	8	111M1D
28010	667	TTT	6	6D110M4D
4975	668	G	21	110M
216	669	CCT	7	110M
145	670	consensus	12	110M
28011	671	C	17	110M
19071	672	consensus	7	110M8D
28012	673	consensus	7	110M
4158	674	consensus	6	110M
2651	675	GG	8	72M3D38M
26957	676	consensus	9	4D110M7D
752	677	AA	14	110M
1397	678	consensus	4	86M1D24M
4844	679	T	5	110M
27133	680	consensus	13	110M7D
8414	682	consensus	15	110M
9323	683	consensus	4	110M5D
22177	684	consensus	8	5D110M
26593	685	consensus	5	110M
1788	686	G	13	110M
14957	687	consensus	9	110M
19820	688	G	14	2M12D108M4D
5746	689	T	10	110M
28013	690	consensus	6	113M
420	691	T	11	110M
2947	692	GG	10	110M
5483	693	consensus	10	110M
28014	694	consensus	8	8D110M
17777	695	C	4	6M18D104M6D
8992	696	G	10	127M1D
5287	697	GCAGGCCG	12	25M3D85M
28015	698	consensus	5	110M
3478	699	consensus	6	5D110M7D
28016	700	consensus	13	110M
3936	701	T	4	110M
5251	702	consensus	7	110M
2082	703	A	4	110M
28017	704	TG	7	3D107M1D3M4D
690	705	CTTTATCTA	8	110M1D
28018	706	A	5	8D110M7D
8361	707	consensus	5	110M
314	708	consensus	5	110M
28019	709	consensus	4	3D110M
8027	710	consensus	8	113M
15	711	AT	8	12D110M13D
55	712	GGTAG	11	11D110M9D
2250	713	consensus	7	110M1D
3772	714	A	4	110M
9264	715	consensus	12	13D110M
28020	716	consensus	10	110M
5775	717	T	10	110M
5686	718	consensus	4	110M2D
2486	719	T	7	8D111M3D
1066	720	ATCT	4	110M1D
1721	721	consensus	15	110M
20827	722	consensus	4	2D110M
1668	723	CTCGT	7	20M5D90M5D
28021	724	consensus	5	110M
25442	725	consensus	5	3D110M8D
682	726	A	7	107M1D3M
5186	727	CC	5	110M
28022	728	consensus	8	110M
28023	729	consensus	6	110M
3491	730	A	14	110M
519	731	A	7	110M1D
28024	732	consensus	4	110M10D
823	733	C	7	105M1D5M1D
9279	734	consensus	4	110M
677	735	GA	16	110M1D
2364	736	TTC	8	110M
28025	737	consensus	8	2M12D108M
9298	738	T	11	110M
27607	739	consensus	5	1D110M5D
8219	740	A	10	11M4D99M
28026	741	consensus	5	110M
3313	742	consensus	4	110M1D
2799	743	GCCA	6	100M1D10M2D
1229	744	consensus	8	110M
19699	745	CC	6	43M1D67M1D
7815	746	AC	6	110M
2640	747	G	9	110M
2411	748	AG	5	110M
4999	749	consensus	14	110M
28027	750	consensus	5	110M
2476	751	T	5	110M1D
7523	752	consensus	4	3D110M6D
4043	753	consensus	10	6D118M
5615	754	TAT	14	110M1D
168	755	AT	5	110M
1939	756	T	4	110M
28028	757	A	5	110M6D
1261	758	TG	10	5D110M19D
28029	759	consensus	7	110M
28030	760	consensus	5	8D110M
44	761	AGGCG	14	12D120M10D
1661	762	T	17	110M
28031	763	consensus	6	110M
8600	764	G	4	2M7D108M9D
3576	765	A	6	20M2D90M1D
26344	766	CG	7	122M6D
1174	767	consensus	8	110M
3496	768	GGTC	9	110M
28032	769	consensus	6	110M
58786	786	consensus	4	110M
28033	787	consensus	5	6M7D104M
28034	788	T	13	110M
28035	789	C	5	110M
28035	789	G	12	110M
8148	791	AAT	20	110M
16746	792	consensus	11	91M1D19M
1420	794	TA	9	110M1D
6825	795	A	11	110M
383	796	AA	8	110M
5018	797	ATT	16	110M
4541	798	A	16	110M
47970	799	TCACGGT	4	110M
3483	800	consensus	13	8D110M3D
22	801	TT	5	67M1D45M
1676	802	consensus	8	110M
1779	803	T	9	110M1D
17077	804	consensus	8	3D110M7D
1369	805	consensus	17	110M
7282	806	consensus	20	110M
28036	807	consensus	8	110M
753	808	A	8	110M9D
2075	809	consensus	21	110M
7108	810	CCAG	25	110M
1476	811	GATA	6	110M
1476	811	GATG	9	110M
28037	812	consensus	12	110M
10521	813	consensus	6	110M
2595	814	CGAA	4	110M
28038	815	consensus	12	121M1D
28039	816	A	6	1M8D109M12D
28040	817	TC	4	110M3D
8063	818	consensus	6	1M7D109M
7700	819	TA	17	110M
28041	820	consensus	8	7D110M
3840	821	GAG	10	110M
26735	822	A	9	110M8D
28042	823	consensus	13	110M
3136	824	A	4	110M
1577	825	consensus	18	110M
305	826	AATC	17	110M1D
2150	827	T	6	110M1D
32782	828	ACC	7	110M
3723	829	consensus	16	122M13D
2717	830	A	7	110M
3400	831	CTTTG	8	68M2D42M
836	832	TT	11	111M
2149	833	consensus	10	110M
62711	835	consensus	14	1M2D112M
1067	836	C	16	110M
10515	837	T	4	110M
7909	838	GC	7	110M1D
5620	839	consensus	5	1M17D109M
28043	840	consensus	7	110M
24882	841	consensus	6	1M2D109M7D
11123	842	consensus	7	2D110M10D
1652	843	G	6	110M
3626	844	G	4	110M
105	845	C	7	2M15D110M8D
3685	846	consensus	8	110M
1700	847	consensus	5	110M
576	848	TCTT	5	110M1D
9345	849	consensus	4	13D110M5D
28044	850	consensus	7	110M
28045	851	consensus	9	110M
423	852	GGGTC	9	74M2D36M1D
17512	853	T	11	1M10D109M8D
28046	854	consensus	18	110M
7366	855	CTCCA	5	110M
2987	856	consensus	7	110M
4640	857	consensus	5	110M
58809	858	consensus	5	91M4D19M
789	859	TC	6	110M
789	859	TT	4	110M
13436	860	consensus	5	110M1D
1259	861	consensus	16	110M
18029	862	GA	8	4D110M16D
52770	863	consensus	6	110M
4392	864	consensus	7	110M
20675	865	consensus	4	110M
423	866	TAACC	5	110M3D
23566	867	consensus	4	110M21D
14415	868	consensus	7	110M
716	869	G	13	110M
690	870	CCCAATCTG	10	110M1D
19640	871	consensus	8	110M12D
1269	872	G	7	1M11D109M9D
9507	873	G	5	110M
51229	874	consensus	6	110M
28047	875	C	4	3D110M3D
4315	876	G	7	110M
3912	877	GACT	5	110M
988	878	consensus	8	110M
987	879	consensus	13	110M
4750	880	consensus	4	110M1D
4479	881	CGTGA	6	110M
28048	882	consensus	8	7D110M
28049	883	A	13	2M6D108M1D
9520	884	TCGGGGAGGAAT	7	110M
448	885	consensus	5	110M
28050	886	consensus	7	1M7D109M
28051	887	TG	6	119M
1152	888	A	6	110M
5474	889	A	8	110M
1600	890	A	11	110M
1368	891	consensus	7	110M
33436	892	GC	12	110M
28052	893	consensus	8	110M2D
4815	894	consensus	4	110M
7550	895	consensus	5	110M
1431	896	TTTCG	9	110M1D
1909	897	CCC	10	119M13D
1909	897	CCG	10	119M13D
1909	897	TCC	10	119M13D
359	898	GA	14	110M
8255	899	consensus	5	110M
1837	900	consensus	5	110M1D
15197	901	consensus	7	9D110M
20973	902	consensus	5	4M2D106M2D
23496	903	consensus	4	110M15D
9280	904	consensus	5	110M
5534	905	AG	8	70M1D40M1D
3797	906	GG	7	110M
5270	907	A	8	110M1D
1527	908	C	5	110M1D
1032	909	TTA	10	110M
9265	910	G	8	110M
28053	911	consensus	8	110M
18617	912	consensus	4	110M
115	913	consensus	6	110M1D
9548	914	TAAGG	13	110M
13192	915	C	10	2M2D119M26D
28054	916	consensus	6	110M
21010	917	consensus	5	14D110M
3230	918	GG	5	110M
3839	919	T	9	62M10D48M
372	920	G	10	110M
7334	921	GCCGC	4	110M
7334	921	GTCGC	10	110M
4776	922	consensus	18	110M
28055	923	consensus	7	110M4D
10633	924	C	6	110M
4038	925	AGCAA	10	110M
10287	926	consensus	10	114M6D
28056	927	consensus	8	110M
9109	928	consensus	5	110M
28057	929	consensus	4	110M
18994	930	consensus	4	8D110M
312	931	ACC	13	122M14D
3898	932	GCTCC	5	12M1D98M
28058	933	consensus	4	110M
3929	934	CT	7	17D110M9D
28059	935	consensus	9	110M
1180	936	GG	17	110M
2623	937	AG	7	110M
210	938	consensus	27	110M
274	939	consensus	10	110M
306	940	A	8	110M1D
3581	941	A	19	110M
1563	942	T	4	110M1D
16895	943	consensus	9	110M2D
23356	944	consensus	6	2M6D108M11D
1336	945	TAC	7	110M
28060	946	A	7	3D110M
28061	947	consensus	4	110M
6459	948	A	6	1M2D109M17D
1054	949	C	17	110M
28062	950	consensus	12	110M
28063	951	consensus	5	110M
28064	952	consensus	4	6D110M5D
61851	953	consensus	5	110M
13322	954	ATT	6	110M
12328	955	G	4	110M
95	956	GCCGAGA	5	59M7D51M
28065	957	consensus	5	110M
2935	958	consensus	4	110M
2112	959	consensus	5	110M
28066	960	consensus	12	110M
72862	961	CCGCGC	9	110M
72862	961	CCTCGC	4	110M
72862	961	CCTCGT	8	110M
2706	962	consensus	8	110M
9245	963	A	14	110M
8203	964	consensus	4	6D110M12D
16272	965	TTA	7	110M
3916	966	consensus	5	110M
3263	967	G	14	110M
28067	968	consensus	10	110M
4426	969	T	5	4M1D106M
4962	970	GGA	7	110M
3910	971	TG	15	110M
4006	972	GG	15	110M
106	973	TTTCAATACGTACAC	5	110M1D
3726	974	T	8	110M
28068	975	consensus	14	110M
28069	976	CAGAT	4	3D7M2D103M
5614	977	consensus	14	110M
4160	978	consensus	4	110M1D
3493	979	G	14	110M
1012	980	consensus	8	110M
307	981	TCT	4	7D110M10D
1443	982	CG	6	110M
30	983	consensus	7	17D111M9D
9101	984	consensus	23	110M
196	985	AG	13	110M
5428	986	consensus	16	110M1D
3053	987	consensus	4	6D110M8D
902	988	A	7	110M
13113	989	T	4	6D110M16D
4788	990	consensus	12	110M
3336	991	CTA	7	110M1D
3381	992	TTT	13	110M
7769	993	C	5	3D114M19D
20024	994	consensus	5	7D110M5D
28070	995	G	4	110M
1665	996	GAGG	5	4M5D106M1D
589	997	AA	7	110M
5496	998	T	7	110M
2309	999	consensus	5	110M
28071	1000	consensus	5	110M
14414	1001	consensus	4	9D110M
7273	1002	consensus	11	110M
28072	1003	consensus	5	12D110M6D
417	1004	AACATGT	6	110M
3625	1005	TTCATTT	7	110M2D
28073	1006	consensus	6	110M7D
28074	1007	consensus	5	110M
2870	1008	consensus	5	110M
18941	1009	consensus	7	111M1D
3769	1010	consensus	7	110M
20026	1011	consensus	4	3M1D107M18D
28075	1012	consensus	9	110M
28076	1013	consensus	4	110M
56487	1014	TCT	20	111M
28077	1015	consensus	21	110M
1046	1016	GA	10	110M
4109	1017	ATCC	15	110M1D
2798	1018	consensus	4	110M1D
322	1019	ATT	11	2D123M4D
25334	1020	consensus	9	2M10D108M7D
28078	1021	consensus	4	110M
2037	1022	consensus	9	110M
1110	1023	TC	6	1M6D109M10D
3994	1024	G	9	110M
25601	1025	consensus	5	110M8D
28079	1026	consensus	26	110M15D
2253	1027	consensus	10	110M
3100	1029	C	8	110M1D
25461	1030	consensus	4	27M1D83M
23665	1031	consensus	9	16D15M4D94M1D1M
1442	1032	consensus	8	110M12D
2626	1033	TC	8	110M1D
2039	1034	TT	6	110M
28080	1035	consensus	5	110M
3892	1036	TCA	4	110M
28081	1038	consensus	9	110M
28082	1039	consensus	7	110M
7485	1040	T	12	110M
184	1041	C	6	110M7D
7599	1042	consensus	6	110M
4318	1043	AGT	6	110M1D
2666	1044	A	19	110M
28083	1045	consensus	7	1M5D109M11D
3362	1046	consensus	8	110M10D
3028	1047	GG	7	110M
3430	1048	AC	9	1M7D124M8D
7805	1049	AGC	9	110M2D
3895	1050	consensus	5	110M
3815	1051	G	9	110M
1279	1052	CACC	6	110M
3727	1053	consensus	9	110M
4217	1054	C	7	110M2D
2518	1055	consensus	6	110M2D
734	1056	consensus	26	110M
3696	1057	consensus	14	110M
2333	1058	TTAG	6	14D110M
1098	1060	consensus	9	110M
3306	1061	A	7	1M4D109M10D
26269	1062	C	5	110M16D
2394	1063	TA	11	36M2D74M2D
271	1064	GTA	26	110M1D
846	1065	CN	12	1M11D118M9D
3901	1066	CTA	5	110M
3901	1066	TTG	8	110M
2455	1067	G	4	110M
14976	1068	consensus	11	5D110M12D
28084	1069	consensus	8	110M
28085	1070	consensus	7	110M
1764	1071	consensus	13	110M
1197	1072	G	14	5M1D105M
3166	1073	AC	12	79M1D31M
530	1074	consensus	14	4D120M7D
28086	1075	consensus	7	110M
7536	1076	T	9	110M
20509	1077	CG	4	4D110M5D
28087	1078	consensus	4	110M1D
4364	1079	T	5	110M2D
28088	1080	consensus	8	1M10D109M
3181	1081	TTAGT	7	110M
5504	1082	A	6	110M1D
163	1083	AT	7	110M1D
41272	1084	consensus	5	110M
27200	1085	consensus	5	17D110M
334	1086	C	19	99M1D11M
335	1087	T	14	110M1D
3935	1088	CT	6	1M1D109M17D
12205	1089	T	7	2M3D108M15D
28089	1090	consensus	8	1M7D109M
12154	1092	consensus	5	13D110M
568	1093	AATG	8	1M23D109M
679	1094	TCGCAGAGT	25	110M1D
28090	1095	consensus	4	110M
5315	1096	ACT	6	110M
2114	1097	consensus	10	6M14D104M12D
3664	1098	TCGG	4	110M
636	1099	CAGTCATGACTA	29	110M5D
636	1099	CAGTCATGATTA	29	110M5D
4071	1100	CATTGG	20	108M1D2M2D
9172	1101	T	25	110M1D
3267	1102	G	8	110M
28091	1103	consensus	5	110M
3171	1104	A	9	110M
41506	1105	T	5	110M
25986	1106	consensus	4	110M11D
1705	1107	consensus	9	110M1D
14223	1108	A	11	6D120M
2495	1109	consensus	4	110M
4692	1110	GCTGTCCT	8	110M2D
4254	1111	A	6	1M11D109M
4205	1112	consensus	15	57M3D53M
2195	1113	consensus	6	1M5D109M
2288	1114	AC	6	18M1D92M1D
5446	1115	G	11	110M
3964	1116	TG	4	110M
7626	1117	consensus	6	57M1D53M1D
4035	1118	consensus	12	110M
4808	1119	C	19	110M
27098	1120	consensus	6	110M
28092	1121	consensus	9	110M
3273	1122	A	7	110M
3273	1122	G	6	110M
579	1123	G	14	110M
28093	1124	consensus	5	110M
15095	1125	G	9	110M7D
15095	1125	T	4	110M7D
14595	1126	GT	4	9D110M
7228	1127	consensus	17	110M
3006	1128	AGAGA	5	110M
3006	1128	GGAGA	3	110M
11219	1129	T	27	110M
2771	1131	consensus	9	110M
7646	1132	consensus	11	110M
4712	1133	G	4	110M
28094	1134	consensus	6	110M
2106	1135	TG	10	110M1D
28095	1136	consensus	7	2M1D108M
4113	1137	consensus	5	1M2D109M15D
1461	1138	GTG	28	110M1D
2043	1139	G	11	110M
28096	1140	consensus	10	110M
28097	1141	GT	4	110M12D
1042	1142	C	10	6D110M14D
333	1143	C	15	110M
28098	1144	consensus	5	13D110M
28099	1145	consensus	5	110M10D
4370	1146	C	5	27M4D83M
13932	1147	consensus	4	11D110M
28100	1148	consensus	6	110M6D
270	1149	CAA	7	110M
1765	1150	TA	38	110M
28101	1151	consensus	10	110M
7993	1152	consensus	7	7D110M11D
136	1153	A	5	110M
9579	1154	G	4	110M
26653	1155	consensus	4	1M8D109M
28102	1156	consensus	6	110M
23163	1157	G	9	110M
28103	1158	consensus	5	110M
4852	1159	G	11	110M
1702	1160	consensus	5	110M
3005	1161	GACA	14	47M1D63M
3005	1161	GACT	14	47M1D63M
11009	1162	consensus	6	110M
1680	1163	T	14	4M1D106M
543	1164	GC	4	110M
7128	1165	consensus	4	110M
106	1166	TTTTTATACGTATGC	4	110M1D
13554	1167	AG	33	5D11M2D109M
300	1168	consensus	11	110M
8618	1169	NCG	11	3M10D107M
28104	1170	consensus	10	110M2D
1319	1171	TA	4	110M1D
21936	1172	CT	12	110M
6894	1173	consensus	15	110M
2942	1174	C	6	110M
3103	1175	AGC	27	110M
3751	1176	T	5	110M
16601	1177	NNT	5	1M21D109M
7685	1178	consensus	8	110M
3578	1179	T	6	110M1D
19790	1180	T	5	1M2D110M11D
2722	1181	consensus	5	110M
28105	1182	consensus	4	110M
3236	1183	A	5	110M
23627	1184	consensus	4	5D110M7D
17867	1185	T	8	110M
28106	1186	consensus	4	110M
28107	1187	T	8	110M12D
894	1188	TGCG	10	110M
894	1188	TTCG	13	110M
28108	1189	consensus	8	113M
8833	1190	consensus	7	110M
9696	1191	TCA	8	1M5D109M7D
8021	1192	consensus	5	17D110M3D
14464	1193	GC	7	1D110M15D
2206	1194	CGTTTGC	7	110M
2206	1194	TGTCTAC	3	110M
8132	1195	CT	13	110M
7754	1196	C	9	4M3D106M9D
3955	1197	A	4	1M10D109M6D
20808	1198	consensus	5	3D121M4D
4956	1199	consensus	5	110M1D
13646	1200	CGTGT	5	110M
28109	1201	consensus	9	110M
2050	1202	TT	12	110M
28110	1203	TT	9	1M4D109M
28111	1204	consensus	9	110M17D
1361	1205	GC	5	110M
1481	1206	CTGCCGCCCT	5	110M
2968	1207	CA	14	110M
7465	1208	AAGCG	4	110M
499	1209	consensus	4	110M
2707	1210	consensus	5	110M
28112	1211	consensus	6	110M12D
2637	1212	C	10	110M
8053	1213	AA	21	110M
655	1214	AC	7	110M
28113	1215	consensus	5	9D110M3D
888	1216	ATG	17	10M1D100M
28114	1217	consensus	4	2D110M8D
8778	1218	G	7	110M
28115	1219	consensus	13	12D110M
3526	1220	TCGA	6	110M
1117	1222	A	10	110M
28116	1223	consensus	5	110M
794	1224	T	5	110M2D
28117	1225	consensus	5	110M
28118	1226	consensus	16	110M14D
28119	1227	consensus	4	110M
28120	1228	consensus	10	110M
5124	1229	consensus	7	110M
427	1230	GA	19	110M
3977	1231	consensus	7	9D110M
3524	1232	ATA	10	110M
2399	1233	A	20	110M1D
28121	1234	G	13	110M8D
19320	1235	consensus	7	1M1D109M7D
28122	1236	consensus	5	121M
18600	1237	A	10	110M
1193	1238	TTC	5	110M2D
28123	1239	consensus	14	110M
1550	1240	CT	4	110M
19576	1241	consensus	5	2M4D108M
5232	1242	consensus	22	110M
28124	1243	consensus	7	1D110M2D
19816	1244	consensus	5	110M
7619	1245	consensus	5	110M
9421	1246	consensus	4	7D110M
5954	1247	consensus	4	110M
4022	1248	ATA	7	110M2D
3250	1249	C	6	110M
28125	1250	consensus	9	110M
21551	1251	consensus	16	110M1D
2636	1252	consensus	4	2D110M23D
6462	1254	consensus	15	110M
25360	1255	TG	7	110M
1487	1256	GATAG	7	110M
1487	1256	GATTG	11	110M
2051	1257	AGAAGC	2	111M
2051	1257	AGAAGG	40	111M
2051	1257	GGAAGC	14	111M
28126	1258	consensus	6	110M
5692	1259	CA	4	110M12D
828	1260	consensus	8	110M
1287	1261	G	8	110M
19399	1262	T	5	110M
149	1263	TTGG	5	110M
1944	1264	GCC	13	110M
7607	1265	C	5	2D110M24D
1869	1266	GT	6	110M1D
28127	1267	consensus	9	110M
8238	1268	A	6	110M
28128	1269	consensus	9	112M
2295	1270	TACA	8	110M
28129	1271	consensus	9	110M
28130	1272	A	9	1M3D109M
421	1273	consensus	4	110M
28131	1274	A	4	110M
28131	1274	G	3	110M
3341	1275	CT	3	110M
3341	1275	TT	6	110M
121	1276	TAC	7	110M
2784	1277	consensus	15	110M
4966	1278	CG	12	110M
1302	1279	consensus	6	110M
7482	1280	A	5	20D110M
153	1281	GC	26	110M
2305	1282	ATG	8	110M
14313	1283	consensus	11	110M
2591	1284	consensus	28	110M
7870	1285	consensus	12	110M
3591	1286	CC	5	110M
28133	1287	consensus	9	110M
12234	1288	consensus	7	110M10D
7338	1289	consensus	4	3D110M11D
2182	1290	consensus	10	110M1D
4170	1291	GC	8	21M2D89M
1560	1292	CA	11	47M3D71M6D
3419	1293	consensus	6	110M
3959	1294	consensus	4	110M6D
22988	1295	consensus	7	102M2D8M3D
7434	1296	G	13	96M1D14M
490	1297	TGA	29	110M1D
7466	1298	consensus	11	110M1D
28134	1299	consensus	8	110M
28135	1300	consensus	5	110M
28136	1301	consensus	7	110M
345	1302	A	20	17D112M11D
2952	1303	G	18	110M1D
28137	1304	consensus	7	3M3D107M
1041	1305	ATT	18	110M
28138	1306	consensus	4	9D110M1D
1501	1307	T	7	110M1D
25619	1308	consensus	6	110M
2875	1309	C	4	110M
7331	1310	TGATG	19	110M
8851	1311	consensus	4	5D110M8D
7802	1312	consensus	12	15M1D95M
28139	1313	consensus	5	110M11D
5389	1315	G	8	110M
15519	1316	consensus	4	1M1D109M
5048	1317	GT	7	110M
5048	1317	TT	4	110M
28140	1318	consensus	16	2D110M21D
13994	1319	consensus	6	1D114M
1137	1320	TAC	8	110M
1441	1321	AAACTCGGGG	25	110M1D
1440	1322	GA	7	27M1D46M10D38M
5370	1323	T	7	110M
609	1324	TAC	18	110M
28141	1325	consensus	10	6D110M
28142	1326	consensus	4	110M
3346	1327	TC	5	110M
6	1328	consensus	6	18D114M10D
3589	1329	consensus	6	110M
28143	1330	consensus	7	110M
2811	1331	GATTT	8	110M
2276	1332	consensus	4	1M4D109M8D
2872	1333	TA	18	110M1D
28144	1334	consensus	6	110M
2168	1335	A	7	19D110M
2279	1336	consensus	4	110M
861	1337	G	14	110M
959	1338	consensus	5	110M1D
2360	1339	consensus	6	15D110M
8669	1340	T	4	110M
2893	1341	AC	4	110M
2406	1342	GT	13	110M1D
1924	1343	AT	4	110M1D
28145	1344	consensus	10	110M
572	1345	consensus	5	110M
6169	1346	consensus	7	110M
1015	1347	consensus	21	110M1D
2339	1348	consensus	8	110M
2745	1349	T	13	27M1D83M
7194	1350	G	7	2D110M14D
5394	1351	consensus	7	110M
28146	1352	consensus	14	110M
69	1353	TAG	7	110M
2392	1354	consensus	6	110M15D
28147	1355	consensus	16	110M
28148	1356	consensus	4	110M14D
2290	1357	consensus	4	100M1D3M2D7M
3560	1358	consensus	22	110M
4464	1359	consensus	13	110M
28149	1360	AC	8	110M14D
1023	1361	CT	11	110M1D
3780	1362	A	21	110M
14142	1363	consensus	4	110M
1203	1364	AGAC	9	110M
34850	1365	consensus	7	6D116M8D1M
4979	1366	consensus	5	4D110M
28150	1367	consensus	4	1M7D109M7D
62333	1368	consensus	11	110M
21789	1369	consensus	4	110M
1564	1370	CT	10	110M
28151	1371	consensus	11	2M6D108M
7440	1372	GCGTT	8	50M1D60M9D
28152	1373	consensus	13	110M4D
28153	1374	consensus	8	9D110M
6943	1375	GC	6	110M1D
9192	1376	consensus	4	2M13D108M2D
62699	1377	consensus	6	110M
1127	1378	ACAC	6	110M
1518	1379	consensus	7	110M
5664	1380	A	24	110M
1460	1381	consensus	21	110M
1148	1382	consensus	6	110M1D
4167	1383	consensus	8	110M
550	1384	consensus	15	96M1D14M
1159	1385	TCA	16	110M2D
3682	1386	TACT	16	110M
3851	1387	C	6	1D110M
90	1388	G	5	110M1D
4711	1389	consensus	4	9D110M
18574	1390	consensus	7	8D109M4D1M
28154	1391	consensus	4	110M
5559	1392	consensus	10	1M1D109M10D
4518	1393	A	7	110M
28155	1394	consensus	4	110M3D
1504	1395	consensus	5	110M
28156	1396	consensus	11	110M
10880	1397	consensus	7	10D110M3D
19927	1398	consensus	6	110M
2715	1399	consensus	14	110M
6069	1400	CT	6	110M
26599	1401	G	9	112M19D
2391	1402	consensus	8	110M
584	1403	consensus	10	66M4D44M
4147	1404	T	4	11D110M16D
26312	1405	CCAGGG	13	75M6D41M4D
254	1406	GT	8	110M
2766	1407	CG	6	110M
25422	1408	T	8	6D110M
28157	1409	consensus	13	110M7D
19604	1410	C	3	2M3D114M3D
19604	1410	T	4	2M3D114M3D
7849	1411	C	14	17D110M
3361	1412	consensus	7	1M1D121M6D
779	1413	consensus	7	110M1D
28158	1414	consensus	5	6D110M1D
1669	1415	consensus	8	13D110M8D
5606	1416	T	15	110M1D
1162	1417	CG	4	14M1D96M
57030	1418	consensus	13	110M
8479	1419	consensus	6	110M
982	1420	ATA	4	110M
2628	1421	consensus	5	110M
28159	1422	consensus	6	110M4D
28160	1423	consensus	6	110M19D
3918	1424	consensus	8	102M3D8M
2489	1425	A	5	110M
2489	1425	G	9	110M
28161	1426	consensus	6	110M
4497	1427	TT	10	110M1D
5425	1428	CA	9	110M
1961	1429	consensus	8	110M
11513	1430	C	12	42M2D68M1D
28162	1431	consensus	8	110M
3258	1432	TAA	30	110M1D
1396	1433	GTGCAGCGGCC	5	110M
1396	1433	GTTCAGCGGCC	3	110M
9215	1434	consensus	7	110M6D
1798	1435	TC	11	109M2D1M
1798	1435	TT	11	109M2D1M
1797	1436	A	5	110M
25625	1437	consensus	5	5D110M16D
541	1438	C	8	1M6D121M14D
2896	1439	C	6	110M
1656	1440	AGGAT	12	110M
1629	1441	consensus	12	110M
5575	1442	TC	7	110M
28163	1443	consensus	5	1M1D109M
2976	1444	AG	17	55M1D55M1D
2034	1445	CCGG	13	110M1D
3990	1446	consensus	20	110M
8573	1447	consensus	8	113M4D
4016	1448	CATAT	8	7M1D103M
1035	1449	CCAT	10	110M
1524	1450	consensus	5	3M8D107M13D
3609	1451	AC	13	110M12D
351	1452	consensus	8	110M
5308	1453	GTCAT	9	110M
1872	1454	G	7	110M
28164	1455	consensus	4	110M
2301	1456	AT	8	110M
1951	1457	CC	14	110M
8351	1458	AAC	25	110M
1964	1459	CCTAA	5	110M
28165	1460	consensus	12	110M
321	1462	consensus	6	110M2D
2532	1463	CG	10	110M
1000	1464	consensus	25	110M
12311	1465	consensus	9	110M
28166	1466	consensus	7	110M12D
28167	1467	consensus	4	110M
28168	1468	consensus	5	110M
2021	1469	consensus	6	110M
15741	1470	GT	7	4D110M12D
3997	1471	consensus	13	110M
56653	1472	AT	6	110M
3774	1473	AGCAT	13	110M
3012	1474	C	17	110M
4163	1475	T	5	110M1D
8394	1476	consensus	7	4D110M18D
28169	1477	consensus	4	110M
746	1478	T	5	110M
1212	1479	GCA	11	110M1D
8059	1480	A	5	70M1D40M21D
1848	1481	consensus	17	61M9D49M
17134	1482	AG	5	110M
28170	1483	C	3	110M
28170	1483	T	4	110M
28171	1484	consensus	6	110M
778	1485	consensus	5	110M
865	1486	CGC	8	102M2D8M3D
2546	1487	CTC	7	110M1D
2359	1488	C	9	110M1D
7251	1489	consensus	6	110M
28172	1490	consensus	14	110M
1494	1491	GT	12	110M
7653	1492	CGT	5	110M
8619	1493	A	5	110M
326	1494	consensus	28	1M8D117M17D
57387	1495	CA	13	110M
250	1496	consensus	6	110M
# sstacks completed on 2026-03-06 12:14:59
