# sstacks version 2.68; generated on 2026-03-06 12:15:07
61	2	GTTA	15	1M3D124M1D
541	3	C	19	1M7D120M14D
6	4	consensus	17	4D123M15D
49	5	consensus	27	123M27D
3765	6	TA	15	1M18D117M9D
715	7	consensus	25	124M9D
44	8	NCGCG	13	9D116M17D
44	8	AGGCG	13	9D116M17D
3430	9	AC	11	16D116M8D
28510	10	consensus	27	1M1D115M
2319	11	consensus	14	1M1D123M23D
62480	12	AA	18	7D116M
4030	13	AATTCCCTTCAG	17	44M1D68M1D
30966	14	consensus	19	118M
39015	15	G	6	1D120M3D
39015	15	T	5	1D120M3D
469	16	consensus	19	18D126M
651	17	consensus	16	1M11D122M14D
1270	19	consensus	13	1M2D115M5D
2856	21	consensus	12	120M7D
541	23	C	16	1M19D122M
4294	25	consensus	13	16D114M
8688	26	consensus	15	115M4D
58472	27	consensus	21	111M
23	29	TA	16	1M14D114M9D
59	30	GCTGA	21	1M14D111M13D
4721	31	T	8	111M
1077	32	C	21	8D123M15D
812	33	A	27	128M4D
26	34	consensus	17	7D127M12D
782	35	CAG	33	14D123M10D
4562	36	AG	30	1M11D110M16D
21	37	GTCT	24	12D121M10D
59048	39	consensus	12	113M
56	40	TT	28	1M1D120M23D
857	41	AA	14	7D114M11D
59217	42	consensus	16	115M3D
7633	43	consensus	13	117M8D
59349	44	consensus	12	116M
326	45	consensus	24	7D124M12D
787	48	consensus	11	14D113M13D
29657	49	consensus	12	5D111M20D
29657	50	consensus	17	9D112M15D
56	52	AT	21	15D118M12D
470	53	AA	19	8D116M8D
59350	54	consensus	20	119M
7769	55	C	11	119M17D
3784	58	T	7	110M
26284	59	consensus	16	10D110M4D
59351	61	consensus	7	110M
6573	62	A	10	110M1D
59352	63	consensus	8	110M3D
4789	65	ACT	8	110M1D
56156	66	consensus	4	3D110M
12138	67	consensus	5	110M
14380	68	consensus	7	110M
800	69	C	14	110M1D
7371	70	consensus	4	2D110M
82903	71	consensus	10	1D110M
5217	72	consensus	4	110M1D
5133	73	consensus	6	110M1D
530	74	consensus	6	7D110M14D
39	75	GC	17	2D126M8D
4018	76	consensus	7	110M
23504	77	consensus	5	1M13D109M8D
59912	78	A	5	122M
3782	80	ATC	6	110M
59353	81	consensus	5	110M
41296	82	consensus	9	6D110M
31620	83	consensus	8	14D110M
7685	84	consensus	6	110M
5052	85	consensus	10	110M
5507	86	CTC	9	110M
3677	87	TCA	4	110M1D
59354	88	consensus	5	110M
50	89	TGTCNN	25	1M7D123M7D
4169	90	consensus	6	110M
3035	91	AT	7	110M
62267	92	consensus	13	111M
3964	93	CG	4	110M
3964	93	TG	11	110M
2838	94	CTGAAT	15	1D110M
4321	95	AC	7	110M
390	96	C	13	110M
850	97	T	6	110M
37646	98	consensus	5	1M2D109M
23163	99	G	18	110M
4364	100	T	6	110M2D
1644	101	AT	12	110M1D
15458	102	TG	12	5D125M10D
1216	103	T	5	110M
5384	104	A	5	9D110M12D
622	105	consensus	6	110M
3093	106	consensus	4	110M
6027	107	GG	5	110M1D
8635	108	consensus	6	110M21D
59355	109	consensus	5	110M
3750	110	consensus	20	44M1D15M1D51M
4865	111	CGAAT	5	110M
2394	112	TA	4	36M2D74M2D
3513	113	T	9	110M
36818	114	AT	4	17D110M
10317	115	A	16	14D123M3D
15246	116	consensus	4	110M
59356	117	consensus	7	11D110M8D
944	118	ACCGC	4	110M
1710	119	CC	4	110M
57471	120	consensus	9	112M1D
2039	121	AT	5	110M
2381	122	AAACA	6	110M
5386	123	TTT	4	110M1D
56618	124	consensus	5	1M9D109M1D
59357	125	consensus	5	110M
1575	126	AG	6	110M
1309	127	GG	7	110M
59358	128	consensus	5	110M
4244	129	consensus	10	119M12D
59359	130	consensus	8	110M
59360	131	consensus	5	110M4D
5457	132	consensus	5	110M
59361	133	consensus	7	110M
3022	134	ATT	11	110M
59362	135	consensus	5	110M
284	136	GACA	10	44M1D66M1D
284	136	GACG	10	44M1D66M1D
284	136	GGCG	10	44M1D66M1D
31472	137	consensus	4	110M17D
36564	138	consensus	4	110M
1299	139	consensus	4	110M2D
59363	140	CC	4	4M4D106M
35467	141	consensus	16	1M4D109M1D
41845	142	consensus	10	110M
4069	143	C	5	110M
4134	144	AC	22	110M
4644	145	G	6	110M
59364	146	consensus	8	110M
3281	147	consensus	6	67M3D43M
59365	148	consensus	7	110M4D
4798	149	consensus	4	110M
1884	150	G	7	110M
5664	151	A	11	110M
582	152	consensus	9	87M1D23M
18496	153	G	6	110M
45739	154	consensus	4	3D110M10D
3371	155	A	4	110M
1100	156	T	5	110M
2728	157	T	5	110M
59366	158	consensus	8	110M
7176	159	consensus	4	110M
4322	160	consensus	5	110M9D
59367	161	consensus	9	110M
42	162	G	7	116M19D
14119	163	GG	5	7D110M13D
5299	164	A	8	110M
5299	164	G	18	110M
59368	165	consensus	5	2M6D108M
814	166	T	13	67M1D43M2D
472	167	TCGAGTAG	8	110M8D
2094	168	consensus	16	110M
34946	169	consensus	11	2M12D108M
5330	170	GTG	8	110M
52617	171	consensus	5	1M9D109M4D
3536	172	consensus	8	110M
13993	173	T	5	2M8D108M3D
20795	174	consensus	5	6D109M1D1M
5287	175	GCAGGCCG	4	25M3D85M
59369	176	consensus	4	1M10D109M
59370	177	consensus	9	110M
56645	178	C	7	110M4D
1352	179	TT	5	110M
59371	181	consensus	4	3D110M
40800	182	consensus	7	5M13D105M10D
443	183	consensus	13	16D112M10D
7953	184	C	12	1M12D109M
5589	185	GCGAAT	13	110M1D
59372	186	consensus	22	110M
1054	187	C	7	110M
2529	188	consensus	5	110M
59373	189	consensus	8	110M
32782	190	ACC	8	110M
686	191	CT	20	1M7D124M4D
1987	192	consensus	12	110M
2399	193	A	13	110M1D
2047	194	CTAC	5	110M1D
1166	195	consensus	8	2M11D112M5D
5327	196	A	11	110M
454	197	C	7	43M2D67M2D
608	198	consensus	6	110M
7802	199	consensus	6	15M1D95M
59374	200	consensus	5	110M
9217	201	consensus	6	110M
59375	202	consensus	4	110M
59376	203	consensus	5	110M
2101	204	consensus	6	1M9D109M6D
29811	205	consensus	7	6D110M
171	206	GAA	7	110M1D
59377	207	consensus	5	110M
59378	208	consensus	6	110M
59379	209	consensus	10	110M6D
301	211	T	5	110M
59380	212	consensus	9	110M
5580	213	G	4	8D110M10D
59381	214	consensus	6	110M
10565	215	T	4	110M
59382	216	consensus	6	110M
19501	217	consensus	16	1M13D109M
4001	218	GC	5	110M
15019	219	consensus	6	114M10D
59383	220	consensus	5	110M
6943	221	GC	15	110M1D
59384	222	consensus	7	110M
4612	223	consensus	14	110M11D
3074	224	GA	6	110M
4153	225	consensus	14	110M
59385	226	consensus	5	110M6D
2717	227	A	8	110M
2756	228	A	6	93M1D17M
2828	230	A	11	110M
3649	231	consensus	6	110M
3686	232	AG	6	110M
8326	233	consensus	5	11D110M2D
48478	234	consensus	8	77M20D33M
4965	235	CTC	6	110M
732	236	GTGG	6	110M
59386	237	consensus	7	110M
7185	238	consensus	6	1M2D109M6D
543	239	GC	9	110M
322	240	ATG	11	7D110M12D
59387	241	consensus	4	110M
1080	242	consensus	5	9D110M7D
3422	243	TCT	7	110M
40207	244	consensus	4	5D110M
1629	245	consensus	15	110M
9466	246	C	6	110M1D
2820	247	consensus	4	110M1D
805	248	consensus	4	110M1D
59388	249	consensus	6	110M
59389	250	consensus	9	110M
3210	251	CT	8	110M
58938	252	consensus	9	116M
52062	253	consensus	9	8D110M
8209	254	consensus	14	110M
2714	255	consensus	8	110M
8173	256	consensus	6	110M
630	257	consensus	5	19D40M3D70M4D
59390	258	consensus	10	110M
2375	259	A	4	110M1D
8802	260	C	4	11M2D99M14D
1180	261	GT	6	110M
30846	262	consensus	6	1M7D109M
59391	263	consensus	6	110M
3595	264	T	18	110M1D
1009	265	T	4	110M1D
3331	266	consensus	5	110M
37995	267	G	9	9D110M
1419	268	TGG	7	110M
4011	269	consensus	5	110M
478	270	G	7	110M
11023	271	AT	10	110M
8301	272	CGCA	10	1M10D109M
3234	273	GT	8	110M1D
55440	274	consensus	8	1M9D109M4D
259	275	AATAT	5	104M2D6M
4176	276	A	7	110M
12278	277	AGAACAGATTT	4	110M2D
17534	278	T	6	110M16D
31066	279	consensus	5	4D110M14D
636	280	CAGTCATGACTA	22	110M5D
14758	281	consensus	7	5D110M6D
4006	282	GT	8	110M
59392	283	consensus	7	1D122M
4736	284	consensus	6	110M
30179	285	consensus	6	3D110M
4532	286	consensus	15	110M
59393	287	consensus	4	110M12D
2716	288	CA	7	110M
4988	289	consensus	10	87M1D23M
1420	290	TA	10	110M1D
22295	291	consensus	9	5D110M4D
2497	292	TAA	4	110M1D
449	293	G	8	110M1D
3625	294	AAACTTT	5	70M1D40M1D
7427	295	consensus	5	110M10D
11742	296	consensus	5	110M7D
2904	297	C	4	110M
8608	298	CA	4	110M
59394	299	consensus	6	110M
16868	300	TG	13	110M
2851	301	TG	4	110M1D
59395	302	consensus	5	110M
1809	303	C	5	110M
7430	304	consensus	4	110M
1251	306	C	5	110M
59396	307	consensus	4	110M
55961	308	consensus	4	110M5D
4942	309	consensus	5	110M
59397	311	consensus	8	110M
971	312	AGA	9	10D115M11D
9861	313	consensus	4	110M
51439	314	consensus	4	110M12D
1467	315	consensus	8	110M1D
74272	316	consensus	14	120M
47200	317	consensus	7	5D109M3D1M
1684	318	AT	7	110M
38166	319	consensus	10	3D110M
1992	320	G	15	110M
512	321	consensus	6	90M8D20M
59398	322	consensus	5	110M
6499	323	TT	4	110M
17770	324	consensus	4	110M
2019	325	TC	10	110M
1840	326	consensus	5	110M
59399	327	consensus	4	110M
38974	328	consensus	5	110M11D
9534	329	consensus	8	6D110M13D
10425	330	consensus	4	6D110M11D
15042	331	consensus	10	110M
4148	332	consensus	14	110M1D
23705	333	CTTGT	6	4D120M5D
2682	334	consensus	16	110M
2202	335	consensus	5	110M
8611	336	TCT	4	110M
1736	337	AGGGGTGGGTTACA	5	110M
59400	338	consensus	4	110M
668	339	consensus	11	60M1D50M
4974	340	T	7	117M8D
1715	341	AG	4	110M1D
499	342	consensus	6	110M
7584	343	consensus	7	17D109M6D1M
3727	344	consensus	12	110M
23140	345	consensus	11	5D110M
59401	346	consensus	17	110M
925	347	TGCAAC	11	110M
61752	348	consensus	9	110M
84	349	C	5	110M6D
1012	350	consensus	33	110M
5256	351	consensus	4	1M17D109M1D
450	352	consensus	7	110M
2403	353	consensus	5	110M1D
59402	354	consensus	5	110M
218	355	A	10	1M15D120M
59403	357	consensus	4	12D110M
420	358	T	4	110M
131	359	AAA	14	110M
105	360	C	5	2M15D108M10D
20078	361	consensus	5	1M16D109M2D
59404	362	consensus	4	110M
955	364	T	4	110M
28492	365	consensus	4	17D110M
1727	366	consensus	11	110M
27207	367	consensus	7	110M
3380	368	T	6	110M
285	369	CA	18	110M1D
285	369	CG	18	110M1D
7548	370	consensus	4	3D110M4D
1521	371	TGTC	5	110M
7416	372	TA	9	110M
5502	373	G	9	110M
12482	374	T	7	110M6D
330	375	G	9	110M
3215	377	TG	5	110M2D
3545	378	C	5	50M1D60M
4781	379	consensus	4	110M19D
30266	380	A	9	2M5D108M15D
59405	381	consensus	5	110M
5540	382	CA	6	110M
4638	383	C	13	35M1D75M
6056	384	consensus	5	110M
2612	385	C	4	110M
3490	386	C	14	110M
26923	387	consensus	5	110M2D
1677	388	consensus	12	110M1D
2894	389	AGC	6	110M
1287	390	G	9	110M
21125	391	consensus	10	118M
629	392	C	22	110M1D
41870	393	consensus	7	2M7D6M2D102M
58954	394	A	5	1M3D109M1D
5734	395	G	11	110M1D
22989	396	consensus	9	111M
4419	397	consensus	8	110M
4211	398	C	4	110M
4211	398	T	4	110M
7077	399	C	9	110M
3740	400	consensus	7	110M
1788	401	A	7	110M
82	402	T	7	110M
274	403	consensus	8	110M
5318	404	GGAGGTA	5	2M14D108M
639	405	T	11	110M
59406	406	consensus	5	110M10D
8730	407	consensus	4	9D110M8D
7805	408	AGC	10	110M2D
21154	409	consensus	9	1M6D109M9D
3617	410	A	13	110M
59407	411	consensus	6	110M
935	412	A	6	110M
59408	413	consensus	4	110M
127	414	GA	9	110M1D
7130	415	G	4	110M
59409	416	consensus	11	110M
1318	417	TT	10	110M
593	418	CC	12	110M
28911	419	GA	9	110M
1663	420	T	5	97M2D2M2D11M
1770	421	consensus	12	11D119M9D
7909	422	GC	14	110M1D
6470	423	consensus	12	110M
847	424	TATACGT	10	110M
1154	425	TT	5	38M2D72M
3603	426	CCG	5	110M1D
1543	427	consensus	4	110M
10483	428	consensus	4	110M
14135	429	consensus	5	7D110M5D
59410	430	consensus	5	119M
7594	431	A	10	1M13D109M13D
8023	432	GCCTGG	6	42M1D20M11D48M
3589	433	consensus	4	110M
2935	434	consensus	20	110M
5708	435	consensus	7	1M9D120M1D
7495	436	G	9	110M
4291	438	GGC	9	110M
59411	439	consensus	16	110M
1689	440	C	12	110M1D
1259	441	consensus	7	110M
18770	442	A	4	7D110M
57353	443	consensus	4	1M12D109M
137	444	consensus	6	59M4D51M1D
1822	445	GTCG	7	110M4D
4418	446	GGG	9	110M
7311	447	G	4	110M
32868	448	consensus	4	1M8D109M1D
4108	449	TGT	6	110M
4703	450	TG	8	85M1D25M
8	451	G	14	61M2D49M
1906	452	C	4	110M1D
273	453	CG	5	8M2D102M
1564	454	CT	4	110M
38085	455	consensus	9	112M
8819	456	consensus	12	110M
26234	458	AC	8	3D110M8D
690	460	CTTTATCTA	9	111M
3185	461	consensus	5	110M
2781	462	C	10	110M
2068	463	GA	9	110M
11367	464	GC	4	12D106M2D4M
4022	465	ATA	5	110M2D
5609	466	TT	6	110M
2032	467	AA	9	110M
3804	468	consensus	8	17D110M
59412	469	consensus	12	110M
3634	470	consensus	6	7D110M
690	471	CCCAATCTG	6	110M1D
657	472	CCGCAGGGCT	18	110M4D
657	472	CCGCAGTGCT	18	110M4D
2613	473	ACTGC	12	110M
19838	474	consensus	11	110M
34938	475	consensus	6	110M15D
59413	476	consensus	5	110M
58602	477	consensus	4	8D110M
7475	478	T	5	110M
1888	479	consensus	9	110M
58033	480	consensus	4	15D110M
1686	481	AGG	5	110M
9449	482	consensus	5	2M5D108M21D
1183	483	CAAAAA	6	110M
694	484	consensus	4	110M
1305	485	T	7	110M
1469	486	A	7	110M
3849	487	consensus	5	110M
7434	488	T	19	110M1D
29044	489	consensus	4	5D110M7D
4585	490	G	7	110M
983	491	consensus	10	110M
59414	492	consensus	20	110M
59415	493	consensus	8	110M6D
2742	494	consensus	7	110M
960	495	ATT	6	110M
1651	496	CT	5	110M
1058	497	T	4	82M1D28M
5048	498	GT	14	110M
27540	499	C	17	110M
145	500	consensus	5	110M
620	501	TCGGT	15	110M1D
5137	502	AGAACGGTT	6	95M1D15M
7649	504	GG	6	1M21D109M6D
477	505	GACCC	12	110M
8220	506	consensus	4	110M
2206	507	CGTCTAC	3	110M
2206	507	CGTTTGC	5	110M
59416	508	consensus	16	110M
5786	509	C	4	110M
5154	510	TG	5	1M21D109M4D
8080	511	consensus	4	110M
62479	512	consensus	8	110M
1497	513	consensus	7	110M1D
932	514	A	13	110M3D
120	515	A	5	110M
286	516	C	5	110M
1702	517	consensus	10	110M
2230	518	A	10	110M
59417	519	consensus	12	110M
5370	520	T	5	110M
359	521	TA	5	110M
59418	522	consensus	5	110M
5615	523	TAT	6	110M1D
59419	524	consensus	4	110M
1004	525	TA	4	110M
1755	526	GTA	7	110M1D
27013	527	consensus	6	112M
3010	528	consensus	4	110M
677	529	GA	18	110M1D
2022	530	consensus	5	110M
1491	531	CT	13	110M
84140	532	consensus	9	110M
27980	534	consensus	4	1M3D109M7D
5018	535	ATT	16	110M
1586	536	GTA	15	110M
18948	537	CTC	4	110M
744	538	AAG	6	110M
28481	539	consensus	6	15D110M
57315	540	consensus	9	2D110M
3451	541	CG	6	110M
5606	542	T	8	110M1D
792	543	AA	8	110M
59420	544	consensus	14	110M
26889	545	consensus	9	4M11D106M1D
7346	546	C	12	110M
59421	547	consensus	5	110M
10414	548	TAA	5	110M
4722	549	consensus	4	59M1D51M
147	550	ATTT	7	103M1D7M
1358	551	AGCC	11	110M
1285	552	consensus	4	110M1D
3731	553	TN	7	40M1D70M2D
8279	554	CCTA	13	110M
2120	555	T	4	110M
51229	556	consensus	21	110M
469	557	consensus	8	4D118M22D
6825	558	A	5	110M
219	559	consensus	6	110M
778	560	consensus	15	110M
5585	561	G	6	110M
1069	562	consensus	4	110M
577	563	TGT	6	110M
8530	564	G	7	110M
1362	565	consensus	7	9D114M13D
3529	566	consensus	8	110M1D
268	567	G	4	110M
41893	568	consensus	4	7D110M2D
1041	569	ATT	5	110M
25732	570	consensus	7	110M
59422	571	consensus	8	110M
2387	572	consensus	4	110M3D
552	573	TTTG	9	29M2D81M
4062	574	AT	12	110M
52534	575	consensus	8	114M
4099	576	CCT	5	105M2D5M
59423	577	consensus	7	110M
44	578	AGGCG	10	18D117M7D
2764	579	consensus	5	110M
2763	580	consensus	10	110M
18867	581	consensus	9	1M17D109M
58809	582	consensus	7	91M4D19M
1159	583	TCA	6	110M2D
550	584	consensus	10	96M1D14M
1033	585	ACTTAC	15	110M
35003	586	consensus	4	7D110M
7848	587	T	6	20D110M2D
467	588	GT	5	110M
4481	589	TT	4	110M
17612	590	consensus	7	110M
59424	591	consensus	4	110M
59425	592	consensus	4	110M
873	593	consensus	5	100M1D10M1D
2628	594	consensus	6	110M
662	595	consensus	16	110M
5461	596	C	19	110M
5163	597	consensus	10	110M1D
19925	598	consensus	11	110M3D
6196	599	CAA	4	110M
1765	600	TA	6	110M
277	601	consensus	5	110M
1978	602	CG	8	102M3D8M
5350	603	GTC	4	110M
10436	604	G	11	2D110M16D
2189	605	G	6	110M
8082	606	CC	6	110M1D
40311	607	consensus	4	110M2D
4186	608	consensus	5	110M
266	609	TACC	10	18D117M1D2M
25611	610	T	5	110M
59426	611	consensus	4	110M
526	612	consensus	9	30M1D69M2D11M
2359	613	C	5	110M1D
37933	614	consensus	4	110M6D
59427	615	consensus	4	110M
5223	616	GT	9	110M
163	617	AT	6	110M1D
239	618	C	4	110M
59280	619	C	5	3D110M
2043	620	G	12	110M
3845	621	consensus	6	110M
2332	622	consensus	11	110M1D
1901	623	consensus	10	37M1D73M
2035	624	consensus	7	19M7D38M1D53M1D
5459	625	A	5	110M1D
59428	626	consensus	4	110M
4412	627	AAGT	7	110M
11363	628	consensus	4	110M
8464	629	A	11	110M
1944	631	GCC	13	110M
423	632	TAACC	9	110M3D
3439	633	T	5	110M
8728	634	GGCC	9	110M
476	635	consensus	12	110M
20831	636	consensus	76	110M1D
2975	637	AAGTA	5	105M2D5M
2732	638	TAAC	6	102M1D8M
9541	639	CA	5	110M
59429	640	consensus	4	1M9D109M
3045	642	T	15	110M
3526	643	TCGA	10	110M
8829	644	consensus	7	110M
1856	645	T	12	110M1D
59430	646	consensus	6	9D110M
1403	647	consensus	6	110M1D
5026	648	consensus	9	110M16D
56873	649	consensus	4	110M
5149	650	C	6	110M1D
884	651	A	7	110M
894	652	TGCA	6	110M
3181	653	TTAGT	6	110M
3222	671	GAC	4	110M1D
2199	672	AGAC	6	110M
2594	673	consensus	7	122M11D
59431	674	consensus	4	110M
59432	675	consensus	4	110M
153	676	GC	5	110M
9582	677	AT	6	110M
49517	678	consensus	7	1D110M21D
28401	679	AT	4	19D110M
825	680	TA	7	110M
3136	681	A	10	110M
3571	682	A	9	110M1D
10488	683	consensus	5	18D110M
299	684	GGCCCCACTT	4	107M1D3M
1539	685	consensus	13	110M
1182	686	A	4	110M
25656	687	consensus	12	110M
1779	688	T	8	111M
59433	689	consensus	5	110M
41612	690	consensus	7	10D110M1D
4232	691	consensus	5	19D110M8D
2839	692	C	4	110M
59434	693	consensus	6	110M
495	694	consensus	13	110M
1943	695	G	4	110M
59435	696	consensus	4	7D109M2D1M
2804	697	consensus	6	110M1D
59436	698	consensus	11	110M
1716	699	consensus	11	110M
59437	700	consensus	10	110M
26723	701	consensus	5	110M
18844	702	consensus	7	110M
408	703	GAT	9	110M
3917	704	consensus	5	110M
8001	705	CT	5	105M3D5M
30567	706	consensus	7	1M6D117M
59438	707	consensus	7	110M
7302	708	T	4	110M
19144	709	consensus	4	17D110M3D
2012	710	CT	10	110M1D
2172	711	consensus	5	110M
7747	712	A	11	3D110M10D
59439	713	consensus	11	110M
2407	714	consensus	6	110M
13322	715	ATT	4	110M
59440	716	consensus	4	110M
549	717	consensus	11	110M
4851	718	TA	8	110M
5082	720	AT	20	1M12D116M6D
7063	721	consensus	9	10D110M3D
3638	722	consensus	9	110M
59441	723	consensus	5	110M6D
28590	724	A	6	3D116M6D
1025	725	CGA	15	110M
2884	726	TTG	6	110M
3685	727	consensus	5	110M
7216	728	consensus	4	110M
1708	729	consensus	5	110M
30576	730	A	4	3D110M
3321	731	A	8	110M
701	732	consensus	4	110M
5221	733	consensus	10	110M10D
8981	734	A	5	24M1D86M
5893	735	consensus	15	110M
333	736	C	4	110M
2223	738	GTTG	4	110M1D
3678	739	AG	7	22D110M
7944	740	consensus	6	110M
4372	741	consensus	5	15D110M3D
3790	742	T	10	110M
4688	743	A	7	110M13D
738	744	CG	5	81M1D29M
1258	745	G	4	110M
3107	746	consensus	7	110M
971	747	AGA	9	6D110M20D
281	748	A	8	20D117M9D
3535	749	consensus	7	110M
705	750	CG	20	110M
38167	751	consensus	4	1M7D109M
5909	752	G	6	110M
3666	753	consensus	10	24M1D86M1D
9487	754	consensus	5	110M
1399	755	consensus	5	110M1D
16137	756	consensus	4	110M
1926	757	consensus	4	110M
58258	758	C	4	110M
1171	759	CTCCA	16	110M
17	760	AC	17	2M4D123M13D
31023	761	consensus	4	7D110M
39144	762	T	11	115M
6982	763	T	6	110M
1098	764	consensus	4	110M
5579	765	A	6	110M
250	766	consensus	7	110M
1541	767	C	4	110M2D
1628	768	AC	6	110M
59442	769	consensus	9	110M
51567	770	consensus	6	110M
1759	771	CCCGGCAAGAGGT	10	110M
35433	772	ACTCAT	4	110M5D
2546	773	CTC	6	111M
26400	774	consensus	8	1M1D115M8D
1376	775	AT	3	110M
1376	775	CT	4	110M
47965	776	consensus	5	17D110M
59443	777	consensus	5	110M
3286	778	T	9	110M
7234	780	TT	9	110M
24207	781	CA	12	102M4D12M
24207	781	CG	12	102M4D12M
12125	782	consensus	7	2D111M12D
876	783	AT	5	110M1D
4218	784	C	6	110M
45240	785	consensus	4	110M
4047	786	TTCTA	4	3M9D107M15D
115	787	consensus	5	110M1D
605	788	consensus	4	110M
12	789	G	17	1M8D118M6D
29468	790	TA	4	110M1D
8259	791	consensus	4	110M7D
846	792	CN	11	20D113M6D
15821	793	consensus	4	110M9D
4975	794	G	7	110M
2532	795	CG	8	110M
2418	796	CA	10	110M
4126	797	consensus	7	110M
626	798	T	4	110M
59444	799	C	4	11D110M
2272	801	TCT	4	63M1D47M
3898	802	GCTAC	11	12M1D98M
3898	802	GCTCC	11	12M1D98M
28111	803	consensus	6	2D110M15D
997	804	consensus	5	110M1D
3409	805	TAG	4	110M
1193	806	TAC	13	94M1D16M1D
4518	807	T	7	110M
9236	808	C	4	110M
604	809	consensus	9	110M
41737	810	consensus	4	110M9D
3538	812	consensus	6	110M
59445	813	consensus	5	110M
2824	814	consensus	4	110M
10530	815	consensus	5	110M
59446	816	consensus	8	110M
1478	817	AC	7	113M
57567	818	consensus	11	110M
1439	819	AA	6	110M
2976	820	AG	15	55M1D55M1D
47888	821	consensus	7	110M12D
29133	822	G	15	13D110M7D
29020	823	consensus	20	1M14D109M
9600	824	G	8	110M
54152	825	consensus	8	1M3D109M1D
18694	826	consensus	8	110M14D
42952	827	consensus	6	110M9D
2309	828	consensus	4	110M
29214	829	consensus	5	11D110M
2295	830	TGCA	4	110M
5686	831	consensus	22	110M2D
34372	832	consensus	4	110M4D
7274	833	GA	7	110M
1642	834	T	10	110M
362	835	consensus	6	110M
48	836	GG	17	10D118M17D
3581	837	A	9	110M
25238	838	GAGTAG	6	18D110M
5188	839	consensus	4	110M
59447	840	consensus	5	110M
2721	841	TC	8	110M
7847	842	C	10	110M
7847	842	T	12	110M
5290	843	consensus	5	1M4D109M8D
3258	844	TAA	19	110M1D
2067	845	TTGA	6	110M
477	846	GGTCT	5	110M
20	847	T	13	10D114M18D
3475	848	G	12	110M
1046	849	GA	8	110M
76832	850	consensus	4	110M
982	851	ATA	6	110M
5522	852	T	9	110M
3841	853	consensus	4	8D110M
5775	854	T	14	110M
6687	855	AA	7	17D110M8D
1118	856	A	8	110M
13022	857	A	8	110M
4826	858	A	8	110M
9650	859	consensus	5	110M
2925	860	TT	5	110M
452	861	GC	15	110M
32371	862	TAA	5	23M1D87M1D
4316	863	ATG	7	110M
1593	864	consensus	4	110M
7789	865	A	11	110M
4843	866	CGCA	4	15D81M3D29M3D
3975	867	TGT	9	110M1D
5980	868	consensus	4	110M
10063	869	T	7	110M
1369	870	consensus	4	110M
4872	871	consensus	6	110M
59448	872	consensus	4	110M
2129	873	C	5	110M
576	874	TCTT	14	110M1D
27653	875	consensus	7	116M6D
2896	876	C	4	110M
2896	876	T	6	110M
1397	877	consensus	6	86M1D24M
403	878	consensus	4	110M
628	879	CGAC	8	110M
64	880	C	5	110M
1993	881	G	7	110M
31004	882	consensus	4	10D110M
2875	884	C	16	110M
59449	885	consensus	9	110M
3594	886	GATA	14	75M1D35M1D
3594	886	TATA	14	75M1D35M1D
59450	887	consensus	4	110M
4437	888	TGAA	6	88M1D22M
59451	889	consensus	4	110M
1092	890	AA	13	3M3D118M11D
4116	891	G	5	110M
1814	892	GGA	12	110M
31	893	TACAAAA	4	118M
31	893	TGTAAAA	5	118M
29491	894	AGAG	20	110M1D
4325	895	CCT	19	110M10D
563	896	G	4	110M
1040	897	AGG	7	110M
12	898	G	7	110M23D
1741	899	consensus	8	110M
2580	900	T	9	110M
4003	901	consensus	8	110M1D
34442	902	G	4	1M15D109M
2549	903	A	6	110M1D
1939	904	T	7	110M
44350	905	consensus	5	110M2D
59452	906	consensus	4	110M
2027	907	GC	8	110M
72862	908	CCGCGC	3	110M
72862	908	CCTCGT	8	110M
5215	909	GA	16	110M
1675	910	A	3	43M1D67M
1675	910	T	4	43M1D67M
59453	911	A	9	110M4D
59453	911	G	4	110M4D
2705	912	CAGC	18	5D121M18D
14338	913	consensus	9	1M11D109M
40739	914	consensus	7	11D110M
7457	915	consensus	7	1M6D109M
669	916	CTGCCT	19	33M1D77M
1169	917	consensus	9	110M
880	920	G	9	110M
59454	921	consensus	4	110M
2743	922	consensus	22	110M
8573	923	consensus	13	3D110M4D
7259	925	TG	4	110M
5324	926	consensus	7	122M19D
23403	927	A	4	110M
10494	928	C	11	16D110M7D
2050	929	TT	7	110M
2757	930	T	6	110M
4687	931	A	4	110M
1220	932	consensus	5	110M
4180	933	G	12	110M1D
244	934	T	4	110M
2040	935	G	7	110M
3787	936	GCTCCC	7	79M4D31M
1356	937	consensus	8	111M
3456	938	TC	4	110M
12899	939	consensus	4	6D110M
59455	940	consensus	9	110M6D
2905	941	AA	8	110M
59456	942	consensus	8	110M
3299	943	C	21	1M15D109M8D
556	944	TGTCT	5	110M
57084	945	consensus	4	7D110M
4282	948	consensus	5	110M
9248	949	A	5	110M
2603	950	consensus	7	110M
8288	951	consensus	10	110M18D
7786	952	CC	5	110M
1481	953	CTGCCGCCCT	6	110M
59457	954	consensus	12	111M
9559	955	consensus	6	2M3D108M14D
3606	956	CT	5	110M
4371	957	consensus	8	110M1D
1443	958	CG	9	110M
4130	959	consensus	4	110M
4280	960	T	21	110M
5186	961	CC	18	110M
69305	962	consensus	5	110M
395	963	T	10	125M16D
59458	964	consensus	30	110M
1872	965	G	11	110M
73802	966	consensus	13	110M
431	967	consensus	11	124M14D
9308	968	AT	33	110M
59459	969	consensus	4	110M
2962	970	GTATA	9	110M
4632	971	C	6	110M4D
3425	972	consensus	5	2M15D108M
16225	973	consensus	4	110M3D
3656	974	AA	5	110M
1204	975	consensus	11	110M
372	976	G	14	110M
26401	977	G	5	2M5D108M
2769	978	consensus	8	42M2D68M
1074	979	CGC	4	110M
1654	980	consensus	5	110M1D
5232	981	consensus	5	110M
59460	982	consensus	10	110M
1094	983	consensus	4	110M
360	984	consensus	9	110M
106	985	TTTTAATATATAGAC	15	110M1D
106	985	TTTTAATATGTAGAC	15	110M1D
106	985	TTTTAATCTGTAGAC	15	110M1D
39140	986	G	8	110M1D
1461	987	GTG	6	110M1D
2292	988	CCA	8	11D118M4D
2292	988	TCA	8	11D118M4D
59461	989	consensus	5	110M
9428	990	A	3	110M1D
9428	990	T	4	110M1D
300	991	consensus	6	110M
7624	992	A	11	110M
19750	993	consensus	18	16D108M5D9M
8535	994	consensus	5	110M
4267	995	TAA	5	105M6D5M
3103	996	AGC	13	110M
59462	997	consensus	4	110M
1117	998	A	7	110M
22578	999	consensus	4	110M9D
43016	1000	consensus	4	110M
1382	1001	consensus	7	110M
5148	1002	AC	4	110M
45742	1003	ACC	12	110M
58231	1004	consensus	4	110M8D
7297	1005	consensus	7	4D110M
23264	1007	consensus	7	1M4D109M6D
59463	1008	consensus	6	110M
7466	1009	consensus	12	110M1D
1134	1010	ATGT	6	4D110M2D
41110	1011	consensus	7	110M
4258	1012	TG	13	110M
4259	1013	CT	7	110M
35304	1014	consensus	5	110M15D
220	1015	CAT	8	110M
1757	1016	T	4	110M
1460	1017	consensus	14	110M
3432	1018	TG	9	122M19D
80274	1019	consensus	10	114M2D
3659	1020	consensus	6	110M
102	1021	TTAA	6	110M
59464	1022	consensus	8	110M
13671	1023	TAAGA	10	2M24D118M6D
846	1024	TC	8	123M16D
5118	1025	TTAG	8	110M
41038	1026	C	10	110M
3030	1027	C	4	110M
1030	1028	A	4	110M
1673	1029	T	6	110M
1722	1030	TC	12	110M5D
197	1031	A	8	110M1D
3225	1032	T	4	110M
7686	1033	G	9	1M1D120M2D
59465	1035	GTG	8	110M6D
1141	1036	G	6	110M
7362	1037	consensus	5	110M
3875	1038	consensus	5	110M1D
4117	1039	G	6	108M1D2M6D
1952	1040	CCC	4	110M
3997	1041	consensus	18	110M
37726	1042	consensus	8	8D110M12D
13156	1043	consensus	5	14D110M4D
57231	1044	consensus	24	110M
2182	1045	consensus	7	110M1D
2844	1046	A	8	111M1D
2405	1047	consensus	7	3D122M6D
1246	1048	T	10	110M
1870	1049	A	14	110M
59466	1050	consensus	11	110M
36021	1051	T	10	110M9D
1057	1052	GACT	7	110M
59467	1053	consensus	6	110M
3276	1054	T	7	110M
906	1055	TG	7	110M
322	1056	ATG	10	8D110M11D
5628	1058	C	10	110M
641	1059	consensus	5	110M1D
3580	1060	TC	4	110M
52081	1061	consensus	6	110M2D
13753	1062	consensus	14	13D110M
9607	1063	consensus	4	13D110M
59468	1064	consensus	18	116M
1206	1065	TC	6	2D117M26D
4202	1066	C	10	110M
1450	1067	CACC	7	33M1D77M
9886	1068	T	6	110M
11366	1069	ACGAAT	24	111M
11366	1069	ATGAAT	11	111M
722	1070	consensus	4	110M
59469	1071	consensus	5	110M
77106	1072	consensus	12	110M1D
1267	1073	A	13	1M7D119M11D
4891	1074	A	6	110M
2968	1075	CA	8	110M
176	1076	consensus	6	110M
59470	1077	consensus	6	110M
7653	1078	CAT	5	110M
2997	1079	AAT	6	110M
1361	1080	GA	4	110M
3683	1081	C	11	110M
2314	1082	T	6	110M
1431	1083	TTTCG	17	110M1D
1028	1084	T	8	110M
4609	1085	consensus	5	110M
1482	1086	consensus	4	110M16D
19169	1087	consensus	4	110M10D
1837	1088	consensus	11	110M1D
1680	1089	T	9	4M1D106M
1261	1091	TT	7	2M10D122M
14462	1092	A	8	110M
71	1093	C	10	110M
3203	1094	consensus	5	110M
383	1095	AA	9	110M
7242	1096	C	4	23D110M1D
7403	1097	AG	4	110M
14102	1098	A	5	12D113M
4829	1099	C	6	110M1D
764	1100	A	9	110M1D
11878	1101	consensus	7	110M
52426	1102	consensus	5	8D110M
4089	1103	T	4	3M9D107M3D
58009	1104	consensus	4	110M
14057	1105	consensus	4	110M11D
828	1106	consensus	5	110M
111	1107	TC	8	110M
28638	1108	consensus	12	1M12D109M4D
1229	1109	consensus	4	110M
59471	1110	consensus	5	1M7D109M
10515	1111	T	8	110M
3514	1112	AA	4	110M
1533	1113	G	6	110M
59472	1114	C	5	9D110M
3016	1115	A	8	110M
2748	1116	A	5	110M1D
31851	1117	GT	7	1M12D109M
537	1118	AAA	8	110M
3970	1119	A	11	12D119M4D
4042	1120	CTCNN	13	117M7D1M
58301	1122	consensus	5	1M8D109M
3537	1123	T	11	110M
3635	1124	consensus	15	110M
1805	1125	TG	18	8M1D102M
5509	1126	CGCA	4	110M
3132	1127	C	8	110M1D
5097	1128	A	5	11D110M
39	1129	GC	8	23D112M1D
6534	1130	consensus	4	110M18D
2870	1131	consensus	7	110M
5036	1132	G	5	106M1D4M
1711	1133	TG	9	28M11D82M
1066	1134	ATCT	6	110M1D
59473	1135	consensus	6	110M
6361	1136	GATTCT	8	110M
59474	1137	consensus	8	110M
92	1138	consensus	9	1M13D121M9D
2021	1139	consensus	4	110M
59475	1140	consensus	4	110M
1703	1141	CCACATACG	6	60M2D50M
19476	1142	consensus	6	3D110M13D
56499	1143	TG	8	4M5D106M1D
59476	1144	consensus	4	110M
23387	1145	consensus	8	3D110M5D
6367	1147	C	8	8D110M
1641	1148	AA	8	110M
3028	1149	AA	11	110M
1508	1150	consensus	5	87M1D23M
4574	1151	G	6	110M
6597	1152	C	6	110M
6597	1152	T	4	110M
7248	1153	CCAA	5	110M1D
1951	1154	CC	6	110M
987	1155	consensus	5	110M
4682	1156	A	10	110M1D
3491	1157	A	12	110M
1240	1158	TC	4	110M
14555	1159	consensus	7	110M
12596	1160	consensus	4	2M3D108M1D
14957	1162	consensus	6	110M
438	1163	consensus	6	1M12D118M4D
3608	1164	consensus	8	110M
3012	1165	C	4	110M
55516	1166	consensus	9	40M8D72M8D
7708	1167	TT	6	110M
2465	1168	consensus	4	110M
80801	1169	consensus	11	110M1D
9665	1170	consensus	8	110M15D
59477	1171	consensus	5	110M
1452	1172	T	7	110M
4513	1173	CT	4	110M
59478	1174	consensus	6	110M
19673	1175	consensus	4	11D110M
7599	1176	consensus	8	110M
3544	1177	T	4	110M
59479	1178	consensus	4	110M9D
1801	1179	AC	5	110M
52568	1180	consensus	4	40M1D70M
1396	1181	GTTCAGCGGCC	23	110M
3126	1182	GGCGTA	14	110M
2534	1183	AC	7	21M1D89M
32736	1184	consensus	4	110M7D
59480	1185	consensus	11	2M1D108M
2865	1186	TCGA	5	110M
3196	1187	G	6	42M1D68M
4217	1188	C	6	110M2D
59481	1189	consensus	4	110M
29728	1190	GT	10	4D116M7D
3699	1191	C	5	110M
3070	1192	CA	7	122M9D
5424	1193	AA	6	110M1D
59482	1194	consensus	4	11D110M
2479	1195	A	5	106M2D4M
479	1198	AAGA	11	65M1D45M1D
5518	1199	T	13	53M1D57M
1365	1200	T	7	110M1D
59483	1201	consensus	4	110M
154	1202	G	7	110M8D
2942	1204	C	11	110M
8195	1205	AT	4	110M
13882	1207	TCAG	4	110M
59319	1208	consensus	5	1D110M
4548	1209	consensus	4	110M
447	1210	CG	9	110M1D
16503	1211	consensus	4	2M2D108M8D
60308	1212	consensus	13	1M2D113M1D
5632	1213	C	11	110M
14841	1214	consensus	8	110M
653	1215	GATG	11	110M
15164	1216	GA	6	67M2D43M2D
3560	1217	consensus	7	110M
64635	1218	A	10	110M
1142	1219	TC	5	110M
55	1220	GGTAG	6	11D110M9D
30669	1221	consensus	5	110M
753	1222	A	9	110M9D
8365	1223	consensus	10	110M2D
931	1224	A	8	110M
50172	1225	consensus	4	110M10D
184	1226	C	6	110M7D
31869	1227	consensus	6	1D110M
9135	1228	AA	11	110M1D
2722	1229	consensus	9	110M
59485	1230	consensus	6	110M
62477	1231	consensus	5	110M
5381	1232	AA	4	110M
9118	1233	AT	5	110M1D
1187	1234	AACG	9	110M
618	1235	consensus	9	102M2D7M1D1M
38005	1236	consensus	5	3D108M1D2M
20037	1237	A	5	110M
# sstacks completed on 2026-03-06 12:15:07
