# sstacks version 2.68; generated on 2026-03-06 12:15:00
15	2	CT	16	1M3D114M17D
34850	4	consensus	15	10D112M7D2M
724	6	GCT	19	4D122M24D
1046	7	GA	10	110M
1046	7	GG	5	110M
8177	9	consensus	20	122M8D
58938	10	consensus	15	116M
1270	11	consensus	17	1M2D115M5D
30428	12	GTC	28	4M2D107M
2757	13	C	5	110M
2757	13	T	4	110M
15458	15	GG	18	15D119M5D1M
62480	16	AA	34	1D116M4D2M
1380	17	consensus	13	6D122M
150	18	TT	16	119M10D
23	19	TT	18	10D128M
1077	20	C	18	8D121M17D
345	21	A	27	11D118M11D
16129	22	consensus	13	122M
30429	24	consensus	12	117M1D
30430	25	consensus	13	116M6D
2	26	A	9	14D113M14D
1362	28	consensus	11	15D121M
13671	29	CAAGA	18	25D122M3D
79329	30	consensus	42	118M
79612	31	consensus	19	1D119M1D2M
30431	32	consensus	19	2D122M7D
5453	33	GAATTCG	9	18D114M8D
5453	33	GATTCCG	9	18D114M8D
6	36	consensus	36	8D125M9D
541	37	C	12	1M6D115M20D
61	38	GTTA	26	8D119M1D1M
30432	39	consensus	10	116M
469	40	consensus	13	18D122M4D
26320	41	consensus	14	2D113M12D
11066	42	consensus	10	104M2D12M11D
266	43	TACC	23	21D117M
2016	44	AAAAGGT	18	11D112M13D
364	45	consensus	18	1M5D118M
1881	46	AAACTGCAC	28	112M3D
1881	46	ATACTGCTC	28	112M3D
456	47	consensus	6	110M
3633	48	AG	12	110M
30433	49	consensus	4	110M
4594	50	consensus	4	13D110M12D
1761	51	consensus	17	110M
8919	52	consensus	4	110M
2512	53	consensus	16	1M8D109M12D
2663	54	G	25	11D120M11D
1478	55	AC	9	110M3D
1366	56	consensus	8	15D110M
3543	57	ACG	5	110M1D
9023	58	T	9	18D110M
30434	59	G	8	2M3D108M13D
30435	60	consensus	4	110M
1152	61	A	6	110M
4758	62	T	4	110M
26798	63	consensus	10	9D110M9D
20037	64	A	6	110M
30436	65	consensus	4	110M
30437	66	consensus	5	110M
1856	67	T	4	110M1D
1583	68	consensus	11	110M
7554	69	A	7	110M
7923	70	T	4	110M13D
906	71	CT	5	110M
1773	72	consensus	6	110M
30438	73	consensus	7	110M
8017	74	G	5	1M2D109M15D
5424	75	AA	23	110M1D
10063	76	T	6	110M
1874	77	consensus	10	38M2D72M4D
4412	78	AAGT	13	110M
1806	79	C	9	73M1D37M1D
2889	80	consensus	4	110M
25327	81	A	4	110M
12	82	G	18	1M8D110M14D
519	83	A	8	110M1D
30245	84	consensus	4	1M1D109M2D
30439	85	consensus	11	110M
2022	86	consensus	10	110M
29083	87	consensus	16	110M
16869	88	C	6	110M
30440	89	consensus	4	110M
2623	90	AG	4	110M
30441	91	consensus	5	110M
447	92	CG	14	110M1D
27664	93	consensus	10	2M6D108M
3484	94	TCACCGT	8	110M1D
2753	97	consensus	8	110M
68889	98	G	7	110M
21562	99	GTG	4	110M6D
2936	100	GGGGA	11	110M
30442	101	consensus	5	110M
609	102	TAC	15	110M
2173	103	C	43	110M
620	104	GCAAT	9	110M1D
30443	105	consensus	6	110M
2970	106	A	16	110M
7708	107	TT	16	110M
8669	108	T	29	110M
2428	109	TGA	7	110M
1197	110	G	9	5M1D105M
30444	111	consensus	6	1M12D109M
932	112	A	4	71M3D39M
7053	113	consensus	5	13D110M4D
2165	114	TGGC	10	110M1D
29220	115	C	9	9D112M8D
30445	116	consensus	7	110M
1399	117	consensus	5	110M1D
9520	119	GCGGGGGGTCAT	4	110M
5801	120	consensus	7	8D110M5D
3969	121	CA	7	110M1D
30446	122	consensus	12	11D113M5D
1822	123	TTCA	8	97M4D13M
1491	124	GT	5	110M
14610	125	consensus	5	14D110M
4484	126	C	9	34M1D76M2D
39	127	GC	10	8D110M18D
14506	128	consensus	8	1M10D109M9D
30447	129	consensus	4	110M
11978	130	T	7	110M
4425	131	TGT	4	110M
423	132	GGGTC	13	74M2D36M1D
30448	133	A	6	4M7D106M14D
30449	134	consensus	16	110M
5346	135	consensus	5	110M
4149	136	A	4	110M
3591	137	GC	10	110M
3556	138	A	6	110M
594	139	T	6	110M1D
30450	140	consensus	13	110M6D
30451	141	consensus	7	110M
14958	142	consensus	6	120M7D
3232	143	AA	6	110M
30452	144	consensus	5	110M
2981	145	consensus	10	6D110M9D
27994	146	TA	6	5D110M3D
941	147	A	5	110M
6863	148	consensus	8	110M
4158	149	consensus	7	110M
30453	150	consensus	5	110M
196	151	AG	4	110M
2144	152	consensus	4	110M
30454	153	consensus	6	1M6D109M10D
622	154	consensus	14	110M
5251	156	consensus	20	110M
9217	157	consensus	7	110M
5894	158	GG	12	110M1D
30455	159	consensus	4	11D110M
22665	160	consensus	26	12D110M2D
30456	161	consensus	10	7D110M
1190	162	TTTC	10	110M
30457	163	consensus	9	110M
8220	164	consensus	10	110M
10663	165	C	5	7D110M3D
2470	166	consensus	15	110M
2746	167	consensus	8	110M2D
7084	168	consensus	14	110M
30458	169	consensus	4	8D110M4D
12400	170	consensus	6	110M1D
4364	171	T	19	31M2D79M
29752	172	A	8	3M6D107M
3978	173	TAA	5	64M1D46M
384	174	consensus	9	4D110M4D
30459	175	consensus	7	110M
3166	176	GC	5	79M1D31M
30460	177	consensus	6	2M9D108M
4541	178	A	7	110M
7352	179	consensus	10	9D110M
997	180	consensus	22	110M1D
57387	181	CA	4	110M
21583	182	T	6	110M4D
5158	183	T	9	105M1D5M5D
16433	184	consensus	9	14D114M
3370	185	consensus	7	110M
4838	186	TC	40	110M
8629	187	TTTAAN	86	80M1D30M3D
12361	188	TAC	6	5M1D3M2D102M
10530	189	consensus	7	110M
3771	190	T	16	110M
2050	191	TT	8	110M
5745	192	A	6	110M
1723	193	consensus	6	110M
7324	194	consensus	8	110M17D
1179	195	CT	6	110M
30461	196	consensus	12	110M
814	197	C	8	67M1D43M2D
814	197	T	6	67M1D43M2D
1470	198	CA	5	35M1D56M1D19M1D
30462	199	consensus	15	114M
2495	200	consensus	5	110M
5532	201	G	4	110M1D
29633	202	consensus	4	110M4D
30463	203	consensus	21	110M
30464	204	consensus	7	1M10D109M
106	205	TTTTAATATGTAGAT	16	110M1D
26939	206	A	8	1M19D109M
3628	208	G	7	110M
563	209	G	4	110M
16631	210	consensus	4	110M3D
4316	211	ATG	10	110M
4325	212	GCG	7	85M10D25M
12841	213	GGG	16	11D120M
12841	213	GTG	16	11D120M
20831	214	consensus	47	110M1D
3589	215	consensus	4	110M
30465	216	consensus	8	110M
30466	217	consensus	6	110M
589	218	AA	4	110M
4815	219	consensus	11	110M
687	220	GA	4	110M
1756	221	GC	7	110M
30467	222	consensus	8	110M
30468	223	consensus	5	110M10D
629	224	C	5	110M1D
3750	225	consensus	10	44M1D15M1D51M
8675	226	C	16	16D110M2D
521	227	A	22	1M12D109M15D
1052	228	A	5	110M
1111	229	GGC	11	110M
15778	230	G	5	1M14D109M3D
10527	231	consensus	8	110M
7892	232	consensus	6	110M
1462	233	G	5	110M
7854	234	C	7	55M1D55M1D
2047	236	CAAC	23	111M
30469	237	consensus	4	110M
96	238	T	4	110M
2538	239	consensus	15	79M1D31M
30470	240	consensus	5	110M
449	241	G	5	110M1D
2976	242	AG	10	55M1D55M1D
987	243	consensus	4	110M
988	244	consensus	6	110M
19767	245	consensus	5	8D110M2D
30471	246	TCA	4	1M10D109M
30472	247	consensus	18	110M
853	248	AT	6	110M
1648	249	T	9	110M
8351	250	AAC	8	110M
10450	251	consensus	16	110M
3061	252	G	10	110M1D
4852	253	A	4	110M
30473	254	consensus	9	110M
30474	255	consensus	8	110M
3594	256	GATA	9	75M1D35M1D
9269	257	T	5	110M
28992	258	A	4	6D109M10D1M
1092	259	AC	17	1M4D124M6D
8237	260	GCGTT	66	17D102M1D2M1D6M
1822	261	GCCG	5	110M4D
4280	263	T	4	110M
1533	264	G	10	110M
5441	266	GGGG	17	114M8D
79406	267	consensus	7	110M
2804	268	consensus	12	110M1D
11177	269	consensus	5	110M
2206	270	CGTTTGC	18	110M
29172	271	TAGT	18	110M
2666	272	A	8	110M
30475	273	C	9	9D110M8D
23064	274	consensus	8	11D110M3D
30476	275	consensus	5	3D117M
208	276	C	9	15D110M1D
4798	277	consensus	10	110M
636	278	CAAACATGGGTA	4	110M5D
30477	279	consensus	6	110M
3677	280	TAA	5	110M1D
30478	281	consensus	5	110M
4219	282	TTC	8	110M
7946	283	T	7	110M
1398	284	C	6	110M
30479	285	consensus	6	110M
30480	286	consensus	9	9D110M
30481	287	consensus	4	110M
26187	288	GCGGC	5	3M1D107M16D
745	289	consensus	13	71M1D39M
30482	290	consensus	15	6D111M
81	291	consensus	14	110M2D
2149	292	consensus	5	110M
8488	293	CAGT	11	94M1D17M3D
30483	294	consensus	6	6D110M
29050	295	consensus	6	7D110M
5447	296	TT	16	82M2D28M8D
1652	297	G	12	110M
30484	298	consensus	4	110M
788	299	consensus	35	110M
3747	300	consensus	10	110M
1736	301	GGGGGTAGGCTACA	19	110M
3898	302	GCTCC	8	12M1D98M
30485	303	GTATC	7	2D110M
14794	304	A	11	51M6D59M1D
3116	305	CGA	9	110M
3912	306	GACT	19	110M
8753	307	G	19	110M
4211	308	T	21	110M
30486	309	consensus	7	110M
3159	310	consensus	8	110M
30487	311	consensus	5	110M
4997	312	consensus	5	110M
3100	313	C	10	110M1D
4042	314	GTGGT	6	89M12D23M1D
1259	315	consensus	7	110M
30488	316	consensus	21	1M6D109M
1000	317	consensus	29	110M
5133	318	consensus	8	110M1D
18481	319	CTATC	7	3M1D107M
3126	320	GGCGTA	11	110M
59168	322	consensus	9	110M
884	323	C	7	110M
19637	325	T	4	110M4D
805	326	consensus	8	110M1D
5980	327	consensus	11	110M
30489	328	consensus	8	110M
8801	329	CTAAGT	4	1D8M1D102M
1135	330	consensus	4	110M
30490	331	G	6	110M9D
5463	332	consensus	6	110M13D
658	333	T	5	110M1D
19614	334	consensus	6	5D110M
1020	335	NNNNNNNCTATCAGGTTAGGTCGACC	4	8D3M9D4M4D103M
1203	336	AGAC	11	110M
7507	337	consensus	6	110M1D
7508	338	T	13	62M6D48M6D
5364	339	consensus	5	110M
4652	340	consensus	18	110M
3617	341	A	16	110M
49	342	consensus	16	4M6D116M24D
29457	343	consensus	25	2M3D108M2D
30491	344	consensus	4	110M
3901	345	TTG	5	110M
30492	346	consensus	6	110M
878	347	GTTTT	6	110M
4721	348	T	5	38M1D72M
30493	349	consensus	6	4D110M8D
7076	350	A	4	12D110M
1114	351	A	4	110M1D
1106	352	AA	9	110M1D
30494	353	consensus	8	122M
17753	354	consensus	16	7D110M5D
30495	355	consensus	6	110M
1441	356	GAGCTCGTGA	9	100M1D10M
62699	357	consensus	8	110M
30496	358	AG	8	110M
1469	359	A	9	110M
30497	360	consensus	6	110M
2844	361	A	8	53M1D57M1D
4295	362	consensus	4	110M
1992	363	G	5	110M
30498	364	consensus	7	122M
30499	365	consensus	6	12D110M5D
1199	366	consensus	4	9D110M9D
30500	367	consensus	12	110M13D
48	368	GG	15	12D120M13D
19909	369	consensus	8	110M
30501	370	consensus	5	1M8D109M4D
20070	371	consensus	4	2M1D108M11D
4114	372	C	13	110M
1901	373	consensus	12	37M1D73M
4528	374	CT	7	110M
2206	375	TGTCTAC	7	110M
828	376	consensus	8	110M
4318	377	AGT	30	110M1D
30502	378	consensus	7	110M
3171	379	A	19	110M
22516	380	consensus	5	110M17D
1187	381	AACG	7	110M
9140	383	consensus	4	110M
30503	384	consensus	9	110M
4703	385	TG	11	85M1D25M
30504	386	AA	6	110M
30505	387	consensus	4	110M
1677	388	consensus	4	110M1D
1676	389	consensus	14	110M
4808	390	C	4	110M
4030	391	AATTCCCTTCAG	5	44M1D66M3D
375	392	consensus	8	43M1D17M2D50M
30506	408	consensus	10	12D110M
16395	409	consensus	5	3D110M
8896	410	CTANAGGNNNNNNNNGACGAGAGAG	4	3M1D5M20D102M1D
30507	411	consensus	4	110M2D
1410	412	AA	4	11D110M10D
69	413	TAG	6	110M
30508	414	consensus	5	110M
1521	415	TGTC	5	110M
11394	416	A	5	110M1D
2312	417	AG	8	110M
2312	417	TG	4	110M
3726	418	T	6	110M
9199	419	CC	7	12D110M3D
9199	419	TC	7	12D110M3D
30509	420	consensus	7	110M
14142	421	consensus	4	110M
4966	422	CC	6	110M
4966	422	CG	12	110M
1319	423	TA	4	110M1D
7880	424	consensus	5	110M
8782	425	TTTA	6	10M2D100M6D
17513	426	C	4	2D110M
14403	427	consensus	7	110M14D
7430	428	consensus	9	110M
30510	429	consensus	5	110M
2019	430	GC	5	110M
30511	432	consensus	4	110M
1511	433	G	6	110M
2822	434	consensus	4	10D110M
2479	435	A	6	110M2D
22330	436	T	7	110M
30512	437	consensus	6	110M
10697	438	consensus	5	110M
30513	439	consensus	8	110M
30514	440	consensus	4	110M
30515	441	C	6	3D110M12D
3381	442	TTT	6	110M
3399	443	CA	4	2M9D108M10D
19957	444	consensus	5	12D110M
28482	445	consensus	7	110M
29343	446	consensus	8	2M3D108M
9428	447	T	5	110M1D
3693	448	TT	4	110M1D
30516	449	consensus	9	114M
30517	450	consensus	8	1D110M17D
29513	451	consensus	7	122M4D
30518	452	consensus	7	110M
10337	453	consensus	7	3M22D107M
11363	454	consensus	5	110M
2874	455	G	4	110M
30519	456	consensus	4	110M
7943	457	T	10	110M
4454	458	CGC	10	42M1D68M
407	459	G	4	110M
7182	460	A	6	110M
30520	461	C	4	110M9D
7654	462	A	5	110M
1068	463	CCCATT	11	110M1D
1068	463	CCTATT	11	110M1D
5041	464	NNNNNNNNNNNNTCTAAGGNTAGAAGTG	13	15D6M8D2M2D102M
2997	465	AAT	4	110M
30521	466	consensus	5	110M
9908	467	TC	9	10D120M18D
8422	468	consensus	8	102M1D8M
30522	469	consensus	5	7D110M
11702	470	GTCA	5	5M1D3M2D102M
30523	471	consensus	4	110M
30524	472	consensus	6	12D110M1D
170	473	consensus	4	110M
30525	474	consensus	6	110M
7588	475	consensus	7	1M5D119M3D
1148	476	consensus	6	110M1D
942	477	AAGTA	23	110M
2383	478	consensus	5	110M6D
3609	479	AT	10	2D110M10D
54397	481	CTCCGT	6	110M
27949	482	consensus	6	118M
27809	483	GTCAACATAAGC	4	110M
4518	484	T	9	110M
2297	485	T	5	110M
1382	486	consensus	9	110M
843	487	ACCAC	4	110M1D
746	488	T	4	110M
30526	489	consensus	13	110M
3787	490	GCTCCC	6	79M4D31M
2626	491	TC	7	110M1D
23599	492	A	12	110M9D
1654	493	consensus	21	110M1D
6224	494	CT	9	110M
6224	494	GA	4	110M
933	495	A	4	110M
28177	496	consensus	4	5D110M4D
5186	497	CC	7	110M
9330	498	consensus	5	110M
2812	499	consensus	4	110M
26254	500	consensus	4	11D110M
4431	501	consensus	16	13D110M3D
2546	502	CTC	5	110M1D
2893	503	AC	4	110M
17341	504	consensus	6	1M18D109M
15044	505	consensus	4	9D110M7D
13925	506	CTAGGTCNNNCATCACGAGGTCAGT	4	6M20D2M2D102M
12	507	G	11	5D110M18D
2194	508	ACCG	4	110M
22647	509	GGCGT	7	1M18D109M4D
5327	510	A	5	110M
9245	511	A	7	110M
1116	512	G	7	9D122M14D
18249	513	consensus	9	11D109M1D1M
9106	514	A	8	110M5D
15811	515	consensus	9	14D110M
151	516	TC	4	110M
3449	517	TAT	9	110M1D
14424	518	TC	7	110M19D
30527	519	consensus	4	110M
7924	520	consensus	4	110M
4134	521	AC	4	110M
30528	522	consensus	7	12D110M
8306	523	consensus	8	9D110M2D
30529	524	consensus	8	110M
2548	525	AACC	7	110M
14123	526	C	5	116M
30530	527	CAA	7	3D110M9D
7096	528	GCGTCAAT	4	100M2D10M1D
1669	529	consensus	4	110M21D
30531	530	A	9	4M18D106M
3623	531	consensus	9	7D110M
474	532	consensus	4	110M
1679	533	consensus	29	110M1D
3060	534	C	5	6D110M10D
30532	535	consensus	8	110M
1431	536	TTTCG	7	110M1D
25448	537	TCA	7	14D110M
4829	538	C	4	110M1D
30533	539	consensus	6	1M16D109M
2213	540	consensus	6	110M
30534	541	consensus	5	110M
30535	542	consensus	11	110M10D
30536	543	consensus	12	1M8D109M
7289	544	G	4	110M
30537	545	consensus	5	110M
7625	546	A	4	110M1D
8335	547	AA	7	110M
4692	548	GCTGTCCT	8	110M2D
4692	548	GTTACCCT	8	110M2D
8	549	G	7	110M2D
30538	550	consensus	5	110M
30539	551	consensus	4	110M
1326	552	G	4	110M
2942	553	C	10	110M
7465	554	GTGAG	6	110M
30540	555	C	5	110M
30541	556	consensus	5	110M
3012	557	C	7	110M
2389	558	consensus	10	4D110M5D
30542	559	GTC	8	4M2D106M
7046	560	C	5	110M
7046	560	T	6	110M
2508	561	CTT	9	106M1D4M
497	562	consensus	4	110M
3806	564	CTAGGNNNNNNNNNTC	7	6M9D104M1D
30543	565	consensus	7	110M
4105	566	A	5	110M
2475	567	AAGACTCNN	18	102M4D7M6D1M
30544	568	consensus	6	110M
26350	569	CTGT	10	4M2D106M
3258	570	TAA	6	110M1D
3156	571	AA	7	110M
5590	572	T	18	110M7D
26835	573	consensus	14	120M
30545	574	consensus	6	110M
2024	575	AAC	9	110M
30424	576	consensus	11	2M11D108M
11966	577	consensus	15	110M
41110	578	consensus	4	110M
1687	579	GG	4	110M
16374	580	consensus	10	15D110M
847	581	TATACGT	4	110M
847	581	TGTACGT	6	110M
1174	583	consensus	8	110M
30546	584	consensus	6	110M
5632	585	C	11	110M
4460	586	A	9	110M
4340	587	T	11	110M13D
2230	588	A	5	110M
72862	589	CCTCGT	42	110M
2930	590	GT	5	110M2D
5394	591	consensus	8	110M
30547	592	consensus	10	110M
1210	593	consensus	12	110M
4023	594	GCTC	5	110M
291	595	GCG	5	110M
28515	596	consensus	5	1M4D109M3D
2603	597	consensus	4	110M
19325	598	consensus	7	6D110M
19801	599	consensus	5	13D110M6D
30548	600	consensus	6	110M2D
4640	601	consensus	7	110M
5255	602	AA	4	110M
30549	603	consensus	5	110M
30550	604	TG	5	110M
5575	605	TC	9	110M
3317	606	AT	9	110M
1180	607	GG	17	110M
2703	608	T	5	1M11D109M
30551	609	consensus	12	1M11D109M
3915	610	consensus	6	110M1D
3286	611	T	7	110M
2707	612	consensus	6	110M
7335	613	T	12	110M
219	614	consensus	6	110M
2270	615	AT	6	110M1D
30552	616	consensus	4	110M
7123	617	C	7	110M
5664	618	A	5	110M
26374	619	AC	4	110M
26374	619	TC	5	110M
3742	620	AT	6	110M
30553	621	consensus	12	110M
5035	622	CG	9	121M10D
966	623	consensus	11	110M
479	624	AATA	10	65M1D45M1D
479	624	TATA	10	65M1D45M1D
30554	625	consensus	6	110M
684	626	consensus	15	110M
23066	627	A	5	110M
30555	628	TAGC	6	110M
3581	629	A	7	110M
30556	630	consensus	4	2M4D108M7D
9862	631	consensus	7	1M3D109M10D
76832	632	consensus	4	110M
30557	633	consensus	9	110M6D
4003	634	consensus	7	110M1D
30558	635	consensus	6	110M
242	636	consensus	6	110M1D
30559	637	consensus	12	113M
5387	638	consensus	5	5D110M
8320	639	A	5	110M
30560	640	consensus	5	5D110M9D
4090	641	GG	7	1M2D109M5D
1716	642	consensus	15	110M
4961	643	consensus	6	7D112M
1641	644	AA	7	110M
653	645	AACG	10	110M
653	645	GATG	5	110M
233	646	CT	5	110M
3840	647	GAG	12	110M
20783	648	A	7	15D110M
1193	649	TAC	12	94M1D16M1D
7870	650	consensus	10	110M
57855	651	consensus	13	1D121M1D
56	652	AT	13	12D121M12D
30561	653	consensus	10	110M
35433	654	ACTCAT	10	110M5D
10336	655	TATGCGCCAC	8	10M1D100M2D
3544	656	T	6	110M
2345	657	A	10	110M
18040	658	consensus	7	3D110M4D
30562	659	consensus	7	110M
2302	660	AA	5	110M2D
14240	661	consensus	4	110M1D
8740	662	consensus	12	110M14D
5485	663	CC	7	110M
2036	664	consensus	6	110M11D
7607	665	C	6	25D110M1D
5533	666	TTA	4	110M
30563	667	consensus	6	110M
5044	668	consensus	7	110M
30564	669	consensus	5	110M
28514	670	consensus	6	14D110M
30565	671	consensus	5	7D110M
30566	672	consensus	5	110M5D
3666	673	consensus	9	24M1D87M
30567	674	consensus	4	110M14D
30568	675	consensus	5	1D110M
4069	676	C	4	110M
2570	677	consensus	13	110M
30569	678	consensus	15	110M
30570	679	consensus	6	110M
2216	680	G	4	2M16D108M
14518	681	consensus	4	110M
25357	682	consensus	9	1M9D109M5D
30571	683	consensus	19	115M
30572	684	consensus	7	110M
30573	685	consensus	8	110M
30574	686	consensus	11	113M
30575	687	CGC	5	7D110M3D
2872	688	TT	6	110M1D
30576	689	G	4	8M3D102M
5042	690	T	11	110M
30577	691	consensus	4	110M
8308	692	consensus	5	110M1D
1468	693	CCC	6	110M1D
59848	694	consensus	4	110M
30578	695	consensus	8	110M
30579	696	consensus	13	110M
19046	697	consensus	7	110M
5498	698	consensus	9	110M
30580	699	consensus	6	110M
30581	700	consensus	4	5D110M4D
30582	701	consensus	10	113M
3409	702	TAG	7	110M
27545	703	consensus	5	110M3D
5204	704	TG	5	3M3D111M11D
9298	705	T	5	110M
2394	706	TA	7	36M2D74M2D
2265	707	consensus	4	54M1D56M1D
25422	708	T	5	2M1D108M5D
30583	709	consensus	8	110M
30584	710	consensus	10	110M
1727	711	consensus	11	110M
7982	712	GA	11	110M
1891	713	AC	5	110M
935	714	A	12	110M
8372	715	consensus	6	1D110M16D
15354	716	T	6	110M12D
30238	717	consensus	8	1M3D109M
3678	718	AG	10	10D122M
30585	719	consensus	7	110M
2935	720	consensus	10	110M
3108	721	consensus	8	110M
2288	722	AC	10	18M1D92M1D
2387	723	consensus	25	13M1D54M1D43M1D
530	724	consensus	14	2D122M7D
6459	725	A	5	12D110M7D
5503	726	A	5	110M
16060	727	T	10	110M
3683	729	C	8	110M
5534	730	AG	6	70M1D40M1D
30586	731	C	4	110M
1926	732	consensus	8	110M
2359	733	C	7	110M1D
7594	734	A	7	3D110M23D
2767	735	CCT	19	110M
5082	736	AT	10	2M7D120M6D
30587	737	consensus	8	110M
12205	738	T	5	110M18D
30588	739	consensus	8	110M
3748	740	consensus	6	110M1D
4653	741	AT	11	110M
4864	742	A	6	110M
1142	743	TC	4	110M
2231	744	consensus	4	110M
85	745	consensus	5	110M
2739	746	C	4	110M1D
7282	747	consensus	6	110M
30589	749	C	5	110M
15260	750	TT	12	110M
30590	751	consensus	8	3D110M
3185	752	consensus	8	110M
12012	753	consensus	9	117M
30591	754	consensus	6	2M3D108M1D
30592	755	consensus	6	110M9D
4509	756	consensus	5	110M
3426	757	consensus	15	1M5D120M11D
70	758	A	10	110M
71	759	C	16	110M
30593	760	C	4	6D110M7D
30593	760	T	3	6D110M7D
1004	761	TA	6	110M
299	762	GACCTATCTT	9	107M1D3M
9172	763	T	6	110M1D
10677	764	consensus	4	110M1D
30125	765	consensus	6	110M
1336	766	TAC	5	110M
30594	767	A	3	110M
30594	767	G	7	110M
936	768	GC	25	110M3D
7274	769	GA	8	110M
5703	770	consensus	14	110M1D
30595	771	consensus	4	17D110M
9818	772	A	4	110M
1309	773	GG	15	110M
836	774	TG	13	56M1D54M
13891	775	consensus	5	25D110M2D
2199	776	ATAC	8	110M
5246	777	T	4	110M
4350	778	consensus	8	2M1D108M14D
821	779	T	5	110M1D
1881	780	ATACGGTAC	17	103M2D7M3D
815	781	GAT	16	110M
8468	782	consensus	23	110M
2455	783	G	5	110M
12390	784	GC	18	110M
30596	785	consensus	8	110M5D
30597	786	consensus	12	110M
29176	787	TAGT	15	110M
30598	788	consensus	7	110M
3988	789	consensus	11	110M1D
3525	790	A	19	110M
9641	791	C	11	110M2D
30599	792	consensus	4	4M9D106M
14462	793	A	4	110M
1847	794	AT	14	57M1D53M
30600	795	consensus	15	110M
30601	796	consensus	5	110M5D
825	797	TA	12	110M
9456	798	consensus	10	110M9D
4408	799	AAT	5	110M
490	800	TGA	5	110M1D
3331	801	consensus	8	110M
30602	803	consensus	11	5D110M
30603	804	consensus	5	5D110M
3763	805	T	5	110M
3957	806	A	7	110M
30604	807	consensus	5	110M
4217	808	C	7	110M2D
14733	809	consensus	7	8D110M4D
7510	810	consensus	4	110M
4719	811	A	11	110M
3189	812	TA	4	4D110M
23440	813	consensus	4	1D110M5D
592	815	C	16	110M1D
1070	816	consensus	12	114M15D
326	817	consensus	15	16D115M12D
8118	818	CA	4	110M10D
17134	819	AG	5	110M
3754	820	T	9	110M
6880	821	CG	5	110M
30605	822	consensus	6	110M9D
9372	823	NNNCTAGGT	4	4D110M
299	824	GGCCCCACTC	10	110M1D
4867	825	consensus	4	110M1D
4300	826	consensus	7	110M
6038	827	AA	6	15D110M5D
1119	828	consensus	6	87M1D23M
1117	829	A	8	110M
2605	830	TTA	5	110M
1464	831	consensus	16	121M7D
3442	832	consensus	8	110M
4550	833	CTTTTTGGAGGAAGGC	4	110M8D
1452	834	T	16	110M
1953	835	consensus	4	110M
3936	836	C	9	110M
4678	837	GA	4	110M
26859	838	GG	7	7M3D103M
30606	839	consensus	6	110M
2250	840	consensus	5	110M1D
1527	841	C	8	110M1D
3046	842	A	5	110M7D
1739	843	GGAC	23	110M
2349	844	consensus	8	110M
1486	845	C	12	3D119M1D
30607	846	consensus	5	110M3D
30608	847	consensus	4	110M
4535	848	GCAGTTG	6	110M
317	849	GAC	7	110M
3518	850	consensus	15	110M
7909	851	GC	6	110M1D
7362	852	consensus	5	110M
5375	853	consensus	15	110M
4632	854	G	7	110M4D
543	855	GC	9	110M
3118	856	C	42	110M2D
30609	857	consensus	8	110M
1267	858	A	18	1M17D113M7D
1606	859	A	9	110M1D
30610	860	consensus	5	3D110M
9386	861	G	4	1M4D109M15D
8174	862	consensus	4	110M
8683	863	T	7	110M10D
30611	864	consensus	4	110M
30612	865	consensus	5	110M
30613	866	consensus	7	110M
2143	867	T	19	110M
3769	868	consensus	7	110M
8257	869	consensus	23	110M
3572	870	CA	10	110M
12178	871	consensus	5	6D110M6D
1691	872	G	10	110M
30614	873	consensus	5	110M
1983	874	A	6	6M1D104M
8275	875	consensus	7	3D110M
30615	876	consensus	9	112M
30616	877	consensus	5	110M
30617	878	consensus	7	110M
3307	879	consensus	8	110M
2016	880	AAAAGGT	15	14D113M9D
15	881	AT	8	13D121M1D
5027	882	TC	7	110M1D
2060	883	CCA	8	110M
28427	884	AAGTG	6	110M6D
30618	885	consensus	20	110M
6781	886	AG	8	42M3D71M
30619	887	consensus	5	4D110M14D
8080	888	consensus	10	110M
7540	889	AC	31	110M
2299	890	AN	12	15D123M2D
20031	891	consensus	4	110M
582	892	consensus	4	87M1D23M
2995	893	GATC	10	110M1D
566	894	AAG	4	110M
30620	895	consensus	4	110M
301	896	T	10	110M
3607	897	CGT	10	110M
30621	898	consensus	5	110M11D
359	899	GA	27	110M
12343	900	GC	10	9D110M3D
30622	901	consensus	6	13D110M
2150	902	T	4	110M1D
3579	903	consensus	4	110M
30623	904	consensus	6	110M
30624	905	consensus	5	110M
411	906	AAGG	4	110M
5067	907	GTT	11	11D110M13D
6027	908	GG	6	53M1D57M
2067	910	TTGA	14	110M
7176	911	consensus	5	110M
30625	912	consensus	7	110M
5428	913	consensus	12	110M1D
43	914	AA	15	124M13D
2964	915	consensus	21	110M1D
547	916	consensus	9	110M
17599	917	consensus	10	110M
2032	918	AA	7	110M
1132	919	GGC	5	2D117M15D
15982	920	consensus	6	2D110M12D
10409	921	consensus	7	110M13D
639	922	T	8	110M
30626	923	consensus	8	110M
1736	924	GGAGGTGGCCTACA	13	110M
3284	925	G	12	110M
131	926	AAA	34	110M
2827	927	AC	4	110M
130	928	consensus	7	110M
2418	929	CA	5	110M
749	930	AGC	10	6D119M10D
467	931	GT	4	110M
1258	932	G	7	110M
15586	933	consensus	8	110M1D
4342	934	consensus	18	110M
3861	935	A	10	37M2D74M
30627	936	consensus	5	110M
8621	937	consensus	7	1M14D112M
30628	938	consensus	5	110M
5426	939	T	4	110M
7726	940	T	10	110M
4153	941	consensus	25	110M
1460	942	consensus	4	110M
2702	943	consensus	10	10M5D100M
2886	944	GC	4	110M
14064	945	C	8	110M2D
1939	947	T	12	110M
2789	948	consensus	7	110M
7405	949	CCG	9	47M4D64M1D
8035	950	CAAG	8	78M2D27M1D5M
19160	951	G	5	110M1D
4956	952	consensus	23	110M1D
5470	953	consensus	8	110M
282	954	C	12	17D120M7D
4147	955	T	12	1M8D113M15D
29182	956	consensus	5	6D110M6D
8829	957	consensus	4	110M
1331	958	consensus	11	110M
1961	959	consensus	12	110M
3050	960	AAC	6	32M2D78M
16665	961	consensus	8	110M
30629	962	A	8	2M6D108M6D
30629	962	G	3	2M6D108M6D
5734	963	G	6	110M1D
23438	964	consensus	4	110M12D
5954	965	consensus	10	110M
1944	966	GCC	6	110M
718	967	consensus	8	110M1D
471	968	consensus	7	67M1D43M1D
26998	969	consensus	6	110M14D
6107	970	GTT	4	110M
716	971	G	6	110M
1420	972	TA	12	110M1D
3744	973	C	6	110M
7168	974	T	4	1M6D109M
4668	975	consensus	9	110M
4258	976	TG	12	110M
894	977	TGCA	4	110M
812	978	A	7	2D110M20D
3974	979	consensus	4	110M
3975	980	TGT	6	110M1D
17858	981	consensus	5	110M4D
10579	982	consensus	4	110M6D
2913	984	AG	9	110M
1028	985	T	11	110M
5009	986	AT	6	2D29M1D81M14D
502	987	GGG	3	110M
502	987	GGT	5	110M
30630	989	consensus	12	110M
5560	990	C	9	110M1D
30631	991	consensus	5	19D110M1D
5012	992	consensus	5	9D110M7D
3250	993	C	9	110M
10275	994	CG	4	110M
5018	995	ATT	7	110M
7072	996	CCG	4	110M
30632	997	consensus	11	110M
5549	999	A	11	110M
30633	1000	consensus	4	110M
26660	1001	TAC	11	1M4D109M13D
19834	1002	consensus	4	2M3D108M1D
30634	1003	G	4	2D110M1D
30635	1004	consensus	11	110M
50	1005	TGTCNN	20	1M6D114M17D
2267	1006	C	13	110M
4462	1007	consensus	19	110M
30636	1008	consensus	6	110M
1155	1009	C	7	110M
13322	1010	ATT	9	110M
4496	1011	AATA	5	110M1D
4160	1012	consensus	12	110M1D
4261	1013	consensus	4	12D110M
1879	1014	CC	19	110M
31	1015	TGTAAAA	5	13M8D97M
30637	1016	consensus	8	110M
8889	1017	GAA	8	110M
2263	1018	T	6	110M
30638	1019	consensus	6	110M
2591	1020	consensus	4	110M
333	1021	C	4	110M
1423	1022	consensus	4	9D110M
2366	1023	G	4	110M
4117	1024	G	7	108M1D2M6D
11169	1025	consensus	5	2D110M12D
5210	1026	consensus	27	110M
30639	1027	consensus	5	110M
41183	1028	CG	5	110M
2375	1029	A	8	110M1D
235	1030	A	4	110M
10419	1031	consensus	10	11D110M
30640	1032	consensus	9	5D110M
30641	1033	consensus	11	110M
4631	1034	consensus	5	110M1D
30642	1035	A	11	110M
556	1036	TGTCT	7	110M
4467	1037	consensus	4	110M
9357	1038	consensus	13	110M16D
1235	1039	GG	9	110M
1159	1040	TCA	5	110M2D
3638	1041	consensus	6	110M
29817	1042	consensus	7	12D110M
2777	1043	C	9	110M1D
29098	1044	consensus	7	110M8D
2948	1045	AAC	7	110M
1396	1046	GTTCAGCGGCC	20	110M
3784	1047	T	4	110M
1040	1048	CGG	8	110M
4205	1049	consensus	19	57M3D53M
4169	1050	consensus	6	110M
1775	1051	G	4	14D110M6D
21209	1052	T	5	1M14D109M2D
18843	1054	C	4	6D110M3D
7331	1055	CGATC	5	110M
4179	1056	C	7	4D116M8D
4162	1057	ATC	8	110M
10521	1058	consensus	9	110M
26208	1059	consensus	7	113M14D
3514	1060	GA	7	110M
3562	1061	consensus	19	110M
51229	1062	consensus	5	110M
635	1063	TGT	5	110M
520	1064	consensus	6	110M
2171	1065	TGC	7	110M
443	1066	consensus	14	5D122M11D
7756	1067	GCT	14	110M
30643	1069	consensus	6	110M
5434	1070	CGT	13	110M5D
8389	1071	NNCTAGGGTGCCGTC	11	2D6M6D104M
30644	1072	consensus	5	110M
2640	1074	G	7	110M
30645	1075	consensus	22	110M
3560	1076	consensus	4	110M
2722	1077	consensus	5	110M
28333	1078	T	16	110M14D
30646	1079	T	4	1M4D109M10D
4534	1080	GT	8	110M
2705	1081	CAGT	9	2M9D118M15D
30647	1082	consensus	4	110M
7617	1083	GC	4	20M1D90M
1916	1084	consensus	12	110M
298	1085	CAA	9	17M1D93M
9142	1086	consensus	5	110M
1305	1087	T	4	110M
4680	1088	consensus	6	1M1D110M6D
147	1089	ATTT	6	103M1D7M
90	1090	A	3	110M1D
90	1090	G	4	110M1D
1964	1091	CCTAT	8	110M
284	1092	GACG	21	44M1D66M1D
284	1092	GGCG	21	44M1D66M1D
30648	1093	AGCAAG	7	7M1D103M
30648	1093	AGCGGA	7	7M1D103M
3812	1094	consensus	4	110M
30649	1095	consensus	6	110M
5519	1096	consensus	4	18D110M9D
30650	1097	consensus	5	110M
8263	1098	C	11	110M
15926	1099	CA	4	110M16D
4259	1100	CT	9	110M
1757	1101	T	5	110M
30651	1102	consensus	6	110M
1711	1103	TG	4	28M11D82M
116	1104	T	11	110M
1378	1105	consensus	7	4D110M11D
30652	1106	GG	4	4D110M
5154	1107	TG	10	15D110M10D
2168	1108	A	8	19D110M
22961	1109	A	3	110M
22961	1109	G	6	110M
427	1110	GA	20	110M
19225	1111	consensus	7	2M6D108M2D
18883	1112	consensus	7	110M12D
2529	1113	consensus	11	110M
30653	1114	consensus	4	110M
30654	1115	consensus	4	110M
2074	1116	G	5	110M
28666	1117	consensus	8	110M
7515	1118	consensus	5	110M
1591	1119	consensus	9	110M1D
30655	1120	consensus	5	110M
30656	1121	consensus	7	110M
1571	1122	AC	16	110M
30657	1124	consensus	5	110M
30658	1125	consensus	12	4D110M
1543	1126	consensus	14	110M
1778	1127	C	12	110M
3696	1128	consensus	4	110M
3997	1129	consensus	5	110M
2406	1130	GT	4	110M1D
1984	1131	GG	18	110M
2082	1132	A	7	110M
10462	1133	consensus	12	110M2D
30659	1134	consensus	8	110M6D
2037	1135	consensus	10	110M
59052	1136	consensus	16	110M
405	1137	TTG	5	110M
30660	1138	consensus	4	2M11D108M
30661	1139	G	5	6D110M14D
32782	1140	ACC	19	110M
10522	1141	G	5	5M2D105M
17439	1142	G	10	3D110M8D
10467	1143	consensus	8	1D110M11D
949	1144	consensus	9	1M11D109M12D
4689	1145	G	7	110M
3361	1146	consensus	4	110M19D
3535	1147	consensus	9	110M
30662	1148	consensus	4	110M
2714	1149	consensus	22	110M
30663	1150	consensus	9	110M7D
4140	1151	C	10	110M
22752	1152	consensus	8	8D110M1D
30664	1153	consensus	6	4D110M8D
30665	1154	GC	13	1D110M
30666	1155	consensus	7	110M
30667	1157	consensus	4	110M
679	1158	TCGCGGAGT	16	110M1D
679	1158	TCGTGGAGT	16	110M1D
56264	1159	consensus	13	110M1D
30668	1161	consensus	8	110M
1680	1162	T	4	4M1D106M
11393	1163	consensus	9	110M11D
20813	1164	GCA	5	9D110M3D
2637	1165	C	6	110M
30669	1166	consensus	5	110M
30670	1167	consensus	5	110M
1030	1168	A	9	110M
1515	1169	GG	9	110M
30671	1170	GG	4	110M8D
30672	1171	consensus	7	110M
23043	1173	A	6	8D110M2D
4644	1174	G	10	110M
30673	1175	consensus	5	110M
394	1176	AG	7	20D116M5D
6957	1177	TC	6	110M
5233	1178	TTG	7	4M5D106M13D
25577	1179	consensus	9	110M
486	1180	AGG	18	110M4D
30223	1181	consensus	12	110M3D
20790	1182	G	10	1M5D115M6D
1594	1183	consensus	11	110M
4392	1184	consensus	9	110M
7126	1185	consensus	10	110M
1906	1186	T	5	110M1D
30674	1187	consensus	9	110M
1024	1188	G	10	110M
1024	1188	T	7	110M
296	1189	C	21	110M
4826	1190	A	5	110M
3375	1191	T	24	110M
30675	1192	consensus	8	7D109M4D1M
6385	1193	A	4	110M
3005	1194	GACT	9	47M1D63M
1644	1195	AT	4	110M1D
30676	1196	consensus	10	110M
26130	1197	consensus	5	1M7D109M7D
1586	1198	ACG	8	110M
2910	1199	AT	10	102M3D8M
26056	1200	consensus	5	110M
2743	1201	consensus	9	110M
5639	1202	consensus	4	4D110M1D
23697	1203	G	6	121M
30677	1204	GT	5	110M6D
8462	1205	consensus	9	1M3D109M
30678	1206	consensus	6	110M
30679	1207	consensus	5	110M
270	1208	CAA	13	110M
30680	1209	consensus	6	110M
23163	1210	G	5	110M
312	1211	ACG	6	2M23D108M3D
292	1212	A	23	110M
9308	1213	AT	10	110M
9376	1214	consensus	5	2D110M
1072	1215	consensus	6	110M
30681	1216	consensus	6	110M2D
4145	1217	consensus	7	110M
3168	1218	CC	6	10D110M12D
4622	1219	CTAAGGTCT	5	110M
7697	1220	A	6	110M
2146	1221	consensus	10	110M
4475	1222	consensus	5	110M
1979	1223	AG	20	110M1D
3910	1224	TG	8	110M
4497	1225	TT	9	110M1D
5425	1226	CA	11	110M
30682	1227	consensus	4	110M
271	1228	GTA	18	110M1D
1750	1229	consensus	7	1D110M15D
1494	1230	GC	7	110M
2792	1231	GCAGG	5	110M
4046	1233	CA	5	54M1D56M8D
13659	1234	C	7	1M10D109M10D
30683	1235	consensus	4	110M
7676	1236	A	7	2M10D108M
29163	1237	consensus	18	110M
1545	1238	G	9	110M
1439	1239	AA	7	110M
1564	1240	CT	15	110M
12370	1241	consensus	7	9D110M11D
204	1242	A	6	8D110M6D
1724	1243	consensus	5	110M
2799	1244	GCCG	19	100M1D10M2D
4635	1245	A	10	110M1D
3571	1246	A	13	110M1D
30684	1247	consensus	6	110M5D
138	1248	consensus	11	110M1D
15581	1249	consensus	4	3D110M8D
137	1250	consensus	9	59M4D51M1D
25404	1251	consensus	8	110M13D
3112	1252	GGGGGG	8	110M
23208	1253	consensus	12	110M11D
2534	1254	AC	7	21M1D89M
943	1255	CA	8	110M1D
5287	1256	GCCGGCCG	8	113M
3911	1257	G	22	110M
572	1258	consensus	9	110M
30685	1259	consensus	10	1M2D109M4D
195	1260	T	17	110M
30686	1261	consensus	9	110M
5472	1262	C	10	90M1D20M
1987	1263	consensus	4	110M
461	1264	consensus	11	110M4D
3557	1265	T	31	110M
7498	1266	consensus	8	110M
3298	1267	ACTC	11	110M
30687	1268	consensus	13	1D110M
5667	1269	consensus	6	103M2D7M10D
3475	1270	G	17	110M
4061	1271	C	4	4D110M19D
4061	1271	T	7	4D110M19D
1403	1272	consensus	11	110M1D
20666	1273	TT	5	59M1D51M1D
30688	1274	consensus	8	110M
3948	1275	TT	4	108M2D2M
1360	1276	C	8	101M1D9M
30689	1277	consensus	10	9D110M
8223	1278	consensus	4	110M
30690	1279	consensus	8	110M
30691	1280	consensus	7	110M
14085	1281	consensus	4	110M
4538	1282	AACCTT	14	110M1D
28870	1283	consensus	6	10D110M
2788	1284	C	12	110M
5005	1285	consensus	21	110M
30692	1286	consensus	5	110M
7815	1288	TC	28	110M
75	1289	AAG	4	110M
4315	1290	G	13	110M
789	1291	TC	14	110M
3332	1292	CC	4	101M1D9M
424	1293	A	12	110M
8412	1294	GA	6	110M6D
2012	1295	TC	7	110M1D
28	1296	consensus	7	2D110M16D
30693	1297	consensus	5	110M
2236	1298	consensus	5	110M
641	1299	consensus	12	110M1D
30694	1300	A	11	4D111M6D
5698	1301	consensus	6	110M
30695	1302	consensus	4	110M
9522	1303	consensus	8	110M
10609	1304	consensus	6	110M
361	1305	CTC	41	110M2D
4208	1306	AA	11	110M
883	1307	consensus	14	110M
30696	1308	consensus	6	110M
30697	1309	consensus	6	110M
1094	1310	consensus	33	110M
910	1311	G	7	110M
189	1312	A	8	110M1D
30269	1313	consensus	4	19D110M8D
368	1314	consensus	6	110M
30698	1315	consensus	5	110M
2186	1316	consensus	4	2M11D108M3D
30699	1317	T	15	1M1D109M8D
285	1318	CG	24	110M1D
2381	1319	AAATA	7	110M
1069	1320	consensus	14	110M
3018	1321	A	19	110M
120	1322	A	10	110M
4062	1323	AT	11	110M
2201	1324	TGTAC	4	102M1D8M
1818	1325	A	8	110M
1818	1325	G	4	110M
30700	1326	consensus	15	110M
30701	1327	consensus	17	110M
49	1328	consensus	14	23D121M6D
30702	1329	consensus	6	110M
794	1330	T	23	110M2D
30703	1331	consensus	5	110M
30704	1332	consensus	5	110M
4377	1333	TA	12	110M
3664	1334	TCGG	7	110M
636	1335	CAGTCATGACTA	17	110M5D
30705	1336	consensus	8	110M
1426	1337	G	5	110M8D
30706	1338	consensus	5	110M
71872	1339	A	5	110M3D
1759	1340	TTTGGCAAGAAGT	10	110M
1759	1340	TTTGGCAAGAGGT	6	110M
9211	1341	CA	6	110M
960	1342	ATT	19	110M
4017	1343	consensus	5	110M11D
4016	1344	CATAC	16	7M1D103M
4016	1344	GATAC	16	7M1D103M
1798	1345	TC	12	109M2D1M
29523	1346	consensus	8	20D110M
417	1347	CACGTGT	20	110M
30707	1348	consensus	6	12D110M4D
1684	1349	CC	6	110M
19963	1350	C	8	13D110M1D
682	1351	A	5	107M1D3M
7434	1352	T	6	110M1D
2894	1353	AGC	13	110M
2894	1353	ATC	5	110M
30708	1354	consensus	22	110M
30709	1355	consensus	5	110M
12	1356	G	21	6D110M17D
4071	1357	TATTGG	13	108M1D2M2D
4294	1358	consensus	8	16D110M4D
30710	1359	consensus	5	110M
15879	1360	G	13	110M
30711	1361	consensus	6	110M
1451	1362	consensus	19	110M
30712	1363	T	4	110M3D
1132	1364	GGC	11	17D117M
30713	1365	consensus	6	110M
30714	1366	consensus	4	110M
41943	1368	consensus	70	110M1D
2333	1369	TTAG	11	14D110M
30715	1370	consensus	14	110M
421	1372	consensus	15	110M
925	1373	CACCAC	19	110M
28208	1374	consensus	13	1M1D109M
2770	1375	AAAT	11	13D121M2D
2770	1375	AGAT	11	13D121M2D
82903	1376	consensus	19	1D110M
30716	1377	consensus	7	110M
30717	1378	consensus	8	110M
809	1379	AC	7	110M
5004	1380	consensus	9	110M
28325	1381	consensus	11	110M1D
95	1382	GCTGAGA	5	59M7D51M
18538	1383	consensus	4	110M
9435	1384	consensus	6	1M13D109M12D
3576	1385	A	7	20M2D90M1D
30718	1386	T	6	1M3D109M
6169	1387	consensus	6	110M
857	1388	AA	7	7D113M12D
30719	1389	consensus	16	112M
30720	1390	consensus	9	110M
11964	1391	CGT	4	5M1D3M2D102M
8020	1392	consensus	7	110M
47970	1393	ACGTAAC	24	110M
112	1394	CCT	5	110M11D
2309	1395	consensus	39	110M
2310	1396	GCAA	12	110M1D
30721	1397	consensus	10	110M
4766	1399	TT	11	110M
3419	1400	consensus	13	110M
11187	1401	consensus	5	1M8D109M4D
4001	1402	GC	32	110M
9844	1403	T	5	110M
19030	1404	C	6	113M15D
3526	1405	TCGA	11	110M
3526	1405	TCTA	6	110M
23070	1406	G	4	110M3D
1792	1407	AACCACTG	9	64M1D46M1D
18846	1408	CC	6	110M1D
690	1409	CCCAATCTG	20	110M1D
5094	1410	consensus	9	110M
77241	1411	consensus	5	110M
30722	1412	consensus	10	110M
4187	1414	consensus	15	110M
3708	1415	GC	9	110M
6182	1416	G	22	72M6D38M
34558	1417	consensus	5	1D110M4D
1884	1418	G	13	110M
12318	1419	consensus	4	13D110M
2391	1420	consensus	10	110M
300	1421	consensus	7	110M
16302	1422	consensus	5	4D110M
30723	1423	consensus	11	110M
4870	1424	A	4	4D110M10D
3698	1425	T	14	110M
30724	1426	consensus	7	110M
1957	1427	consensus	5	110M
30725	1428	consensus	7	110M
4976	1429	consensus	6	110M
3917	1430	consensus	14	110M
7108	1431	CACA	6	110M
2763	1432	consensus	9	110M
# sstacks completed on 2026-03-06 12:15:00
