# sstacks version 2.68; generated on 2026-03-06 12:15:10
67516	1	consensus	18	111M
14	2	CGCA	25	1D112M18D
345	3	A	49	6D116M18D
5082	4	CT	26	1D121M13D
7944	5	consensus	31	110M
9908	6	TC	25	10D121M17D
23	7	TA	29	1M14D114M9D
1267	9	A	27	2M8D117M11D
1911	11	TAG	14	1M22D111M4D
6781	12	AA	24	42M3D71M
48	13	GG	19	13D119M13D
730	14	TTATC	30	114M
730	14	TTATG	8	114M
56	16	TT	10	1M8D116M20D
1199	17	consensus	18	9D119M
28857	18	consensus	28	111M
846	19	CN	27	20D112M7D
17	20	AC	15	115M27D
67517	23	consensus	4	110M
67518	24	consensus	13	110M
67519	25	consensus	12	110M
6436	26	AGAC	7	110M
67520	27	consensus	7	110M
1431	28	TTTCG	24	110M1D
1287	29	G	4	110M
13544	30	NGAGAGCTC	59	103M8D7M
1636	31	CTCCGTAGG	16	110M
2676	32	consensus	18	110M
1169	33	consensus	15	110M
47703	34	consensus	7	8D110M5D
23477	35	consensus	6	110M4D
67521	36	consensus	4	110M
189	37	G	7	110M1D
67290	38	consensus	12	110M
67522	39	consensus	10	110M
44505	40	consensus	10	110M10D
296	41	C	4	110M
66946	42	T	13	110M
1142	43	TC	15	110M
52823	44	C	16	110M
2072	45	T	17	19D110M
67523	46	consensus	4	110M
5503	47	A	11	110M
4721	48	T	13	38M1D72M
5426	49	T	15	110M
1409	50	TT	26	110M
11848	51	consensus	28	110M
5483	52	consensus	12	110M
5704	53	C	9	8D110M4D
9545	54	A	9	15D109M1D1M
10168	55	consensus	7	1M2D109M
2403	56	consensus	11	110M1D
17979	57	A	29	110M5D
67524	58	consensus	17	110M
3165	59	GCC	10	110M
12702	60	AGAG	7	110M
679	61	TAGTGGGAT	16	110M1D
67525	62	consensus	15	110M
67526	63	consensus	10	110M
16	64	A	19	1D110M13D
4364	65	C	6	110M2D
4364	65	T	3	110M2D
5909	66	G	6	110M
50588	67	CCTA	13	110M
40241	68	AA	10	66M1D44M
5364	69	consensus	17	110M
67527	70	consensus	14	110M
8659	71	T	31	111M1D
67528	72	consensus	12	110M
121	73	TAC	6	110M
11720	74	C	5	7D110M
28724	75	consensus	10	2M7D108M10D
372	76	G	13	110M
46465	77	CGG	9	110M
67529	78	consensus	14	110M
12938	79	consensus	27	110M
814	80	T	22	67M1D43M2D
851	81	AA	13	110M
67530	82	consensus	27	110M
67531	83	consensus	11	110M
2659	84	AAGC	8	55M1D55M2D
421	85	consensus	9	110M
67532	86	consensus	20	110M
805	87	consensus	14	110M1D
636	88	CAGTCATGATTA	25	110M5D
27452	89	consensus	4	110M
4730	90	consensus	6	4D110M
67533	91	consensus	18	110M
1334	92	C	15	100M1D10M1D
67534	93	consensus	12	110M
67535	94	consensus	23	110M
3012	95	C	11	110M
2529	96	consensus	14	110M
12370	97	consensus	13	110M20D
18468	98	T	22	12D110M
67536	99	TC	19	110M
67537	100	consensus	12	110M
4829	101	C	11	110M1D
9205	102	GA	12	110M
15	103	AT	26	13D110M12D
42094	104	consensus	42	110M
16563	105	G	8	110M1D
1906	106	C	18	110M1D
8635	107	consensus	18	1M6D109M15D
12224	108	A	17	17M12D96M
10707	109	G	15	3M1D107M
67538	110	consensus	6	110M
111	111	TC	14	110M
19699	112	CC	16	43M1D67M1D
9244	113	consensus	12	11D110M10D
6908	114	T	17	110M19D
4048	115	T	5	110M
67539	116	consensus	6	110M
2196	117	consensus	9	110M
3727	118	consensus	17	110M
9114	119	consensus	14	110M12D
67540	120	consensus	14	110M
67541	121	consensus	11	110M
1216	122	T	16	110M
39702	123	consensus	19	2M6D108M
2026	124	consensus	27	110M
1504	125	consensus	11	110M
67542	126	consensus	11	110M
7248	127	CCAA	11	110M1D
67543	128	consensus	11	110M
24207	129	CA	66	104M8D6M
67544	130	consensus	16	110M
127	131	GA	25	110M1D
22414	132	consensus	8	110M
3389	133	TCGG	35	112M12D
67545	134	consensus	35	110M
657	135	CCGCAATCCT	47	110M4D
67546	136	consensus	5	110M
67547	137	consensus	11	110M
1455	138	C	19	110M
67548	139	consensus	10	110M
1801	140	AC	16	110M
67549	141	C	5	110M
67549	141	G	3	110M
67550	142	consensus	18	2M11D108M
38011	143	consensus	9	12D110M
67551	144	consensus	11	110M
67552	145	consensus	9	110M
10469	146	consensus	10	110M
67553	147	consensus	13	110M
20666	148	CT	7	59M1D51M1D
15795	149	consensus	13	110M
29689	150	consensus	24	1M11D109M
67554	151	consensus	17	110M
14994	152	consensus	15	110M
67555	153	consensus	22	110M
5893	154	consensus	34	110M
39400	155	consensus	8	110M
16688	156	consensus	16	1M1D109M11D
67556	157	consensus	20	110M
393	158	GT	4	110M
67557	159	consensus	11	110M
1764	160	consensus	16	110M
34939	161	consensus	8	9D110M2D
216	162	TCT	6	110M
67558	163	consensus	4	110M
30448	164	A	8	1M19D109M2D
1603	165	CC	17	39M7D71M
67559	166	consensus	15	110M
67560	167	consensus	11	110M
67561	168	consensus	18	110M
10650	169	consensus	20	110M
30	170	consensus	15	24D110M3D
5396	171	TTG	22	110M
67562	172	consensus	7	110M
9547	173	consensus	14	110M
66	174	GTTGTC	35	110M1D
4966	175	CG	7	110M
29673	176	T	36	110M
67563	177	consensus	39	110M
4117	178	G	13	108M1D2M6D
66861	179	CGTC	9	110M
67564	180	consensus	5	110M
21311	181	consensus	10	110M
63949	182	consensus	12	110M
3263	183	G	12	110M
67565	184	consensus	15	110M
58236	185	consensus	4	7D110M
67566	186	T	14	110M
67567	187	consensus	29	110M
15033	188	T	7	110M
3211	189	consensus	18	110M
49223	190	TAAT	16	110M
67568	191	consensus	15	110M
4163	192	T	9	110M1D
1148	193	consensus	16	110M1D
112	194	CCA	6	110M11D
57398	195	consensus	5	110M
381	196	GTACT	17	110M
67569	197	consensus	14	110M
2874	198	T	8	110M
67570	199	consensus	26	110M
2014	200	ATGA	9	110M
20314	201	CT	21	110M
35093	202	consensus	20	110M13D
67571	203	consensus	5	110M
5606	204	T	12	110M1D
7257	205	consensus	13	110M16D
22145	206	consensus	26	110M17D
25624	207	consensus	24	110M
3118	208	C	10	99M2D11M
25153	209	consensus	5	3D110M
153	210	GC	24	110M
55426	211	consensus	18	110M1D
4692	212	GTTATTCT	9	110M2D
2591	213	consensus	21	110M
67572	214	consensus	33	110M
67573	215	consensus	17	110M
62852	216	CTG	13	110M
3535	217	consensus	8	110M
2370	218	G	13	110M5D
67574	219	consensus	6	110M
50327	220	consensus	19	9D110M3D
915	221	consensus	7	110M
2018	222	AA	21	110M
6834	223	C	38	110M
971	224	AGA	6	6D110M20D
67575	225	consensus	7	110M
18817	226	consensus	9	110M6D
67576	227	consensus	8	110M
2997	228	AAT	28	110M
12093	229	consensus	24	110M
6499	230	TT	30	110M
30055	231	consensus	6	1M1D109M11D
67577	232	consensus	19	110M
1939	233	T	10	110M
490	234	TAA	9	110M1D
7091	235	consensus	5	110M18D
67578	236	consensus	18	110M
9687	237	C	11	110M
67579	238	consensus	12	110M
853	239	AT	17	110M
67580	240	G	38	110M
118	241	CG	6	110M
32619	242	consensus	6	110M12D
82	243	T	13	110M
8279	244	CTTA	13	110M
3649	245	consensus	8	110M
5496	246	T	13	110M
1066	247	ATCT	6	110M1D
67581	248	T	5	110M
7466	249	consensus	11	110M1D
2068	250	GA	11	110M
3028	251	GA	10	110M
34806	252	A	4	1M19D109M
34806	252	C	7	1M19D109M
56264	253	consensus	11	110M1D
424	254	C	15	110M
753	255	A	10	110M9D
67582	256	consensus	6	110M
100	257	consensus	6	110M
4211	258	T	12	110M
63313	259	consensus	28	110M
17393	260	AA	8	110M1D
67583	261	consensus	15	110M
8714	262	consensus	5	14D110M
67584	263	consensus	20	110M
22879	264	GGA	10	110M9D
67585	265	consensus	15	110M
8422	266	consensus	18	102M1D8M
30798	267	consensus	8	13D110M
1331	268	consensus	9	110M
67586	269	consensus	18	110M
67587	270	consensus	14	110M
300	271	consensus	30	110M
31481	272	consensus	26	1M1D109M8D
67588	273	consensus	13	110M
67589	274	consensus	9	110M
59552	275	consensus	7	6D110M
1872	276	G	9	110M
1396	277	GTTCAGCGGCC	26	110M
3708	278	GT	9	110M
2256	279	consensus	6	110M
3108	280	consensus	7	110M
67590	281	consensus	10	110M
4491	282	consensus	7	110M
50486	283	TGT	5	110M
47711	284	consensus	10	110M6D
39469	285	consensus	8	110M
23536	286	consensus	11	2M1D108M11D
9273	287	consensus	25	13D110M6D
2743	288	consensus	17	110M
67591	289	consensus	19	7D110M
1763	290	G	5	110M
67592	291	consensus	9	110M
6862	292	TTTT	21	110M2D
67593	293	consensus	6	110M
67594	294	consensus	23	110M
45540	295	consensus	7	6D110M9D
8282	296	TGAGCC	8	110M
1545	297	G	9	110M
7105	298	consensus	18	1D110M7D
67595	299	consensus	10	110M
67596	300	A	4	110M
67596	300	G	6	110M
29701	301	T	13	2M21D108M3D
1203	302	AAAC	13	110M
8001	303	CT	30	105M3D5M
24539	304	GTC	11	110M
790	305	CG	9	110M
66125	306	consensus	34	110M
67597	307	consensus	4	110M
5133	308	consensus	6	110M1D
3501	309	consensus	10	110M
883	310	consensus	12	110M
67598	311	consensus	4	110M
3111	312	GT	6	110M
2702	313	consensus	9	115M
67599	314	consensus	14	110M
67600	315	consensus	15	110M3D
67601	316	consensus	6	110M
18867	317	consensus	7	8D110M9D
1762	318	CGG	18	11M1D60M2D39M
888	319	GCG	7	10M1D100M
1461	320	GTG	28	110M1D
35051	321	consensus	5	2D110M7D
67602	322	consensus	7	110M
18512	323	consensus	7	11D110M
67603	324	CT	7	110M
67604	325	consensus	26	110M
67605	326	consensus	16	110M
4789	327	ACT	29	110M1D
1761	328	consensus	12	110M
67606	329	consensus	13	110M
67607	330	consensus	4	110M
67608	331	consensus	31	110M
22021	332	consensus	9	110M
67609	333	consensus	16	110M
11931	334	GC	15	110M
31661	335	consensus	9	110M13D
5575	336	AT	10	110M
8023	337	GCCTGG	7	42M1D20M11D48M
67610	338	consensus	6	111M
67611	339	consensus	9	110M
4254	340	A	13	4D110M7D
8441	341	consensus	5	110M
67612	342	consensus	27	110M
66012	343	ACCCA	21	110M
67613	344	consensus	9	110M
67614	345	CA	12	110M
718	347	consensus	27	110M1D
25448	348	CCG	5	110M14D
67615	349	consensus	17	110M
3581	350	A	16	110M
3581	350	G	5	110M
4342	351	consensus	13	110M
4334	352	A	19	110M
32603	353	C	6	111M13D
67616	354	consensus	21	110M
67617	355	consensus	7	110M
66582	356	AA	28	2M6D108M1D
1822	357	GCCG	12	110M4D
29976	358	A	11	4D110M
67618	359	consensus	6	110M
67619	360	consensus	24	110M
67620	361	consensus	4	110M
67621	362	consensus	14	110M
7465	363	AAGCG	9	110M
8	364	G	5	110M2D
23030	365	CAAG	13	1M6D109M
67622	366	consensus	7	110M
67623	367	consensus	29	110M
67624	368	consensus	17	110M
10105	369	consensus	5	110M
15729	370	T	14	110M4D
67625	371	consensus	10	110M
4085	372	consensus	21	110M
271	373	GTA	15	110M1D
67626	374	consensus	5	110M
67627	375	consensus	7	110M
5954	376	consensus	11	110M
5415	377	consensus	16	110M6D
67628	378	consensus	32	110M
65383	379	consensus	4	110M
60857	380	consensus	24	110M1D
1485	381	CG	17	110M
6182	382	G	10	72M6D38M
50761	383	consensus	13	110M
3766	384	C	24	110M1D
67629	385	consensus	8	110M
28427	386	GGACT	25	6D110M
17024	387	consensus	15	110M
30237	388	consensus	7	110M7D
12370	389	consensus	18	1M15D109M5D
67630	390	consensus	14	110M
67631	391	consensus	33	110M
67632	392	consensus	7	110M
67633	393	consensus	17	110M
2539	394	AT	40	110M
55305	395	consensus	18	110M12D
3656	396	AA	28	110M
38104	397	C	23	110M6D
176	398	consensus	15	110M
67634	399	consensus	7	110M
67635	400	consensus	4	110M
7232	401	A	28	110M
26278	402	consensus	10	10D43M1D67M4D
11692	403	AGCT	28	110M
1129	404	AC	15	110M1D
67636	405	consensus	5	110M
58775	406	consensus	9	1M4D109M4D
2378	407	CCCAT	29	42M1D68M
67637	408	consensus	14	110M
5090	409	consensus	11	110M
67638	410	consensus	12	3D110M
67639	411	consensus	9	110M
7942	412	C	6	110M
18799	413	consensus	16	7D110M11D
16365	414	consensus	4	10D110M3D
67640	415	consensus	6	110M
19782	416	C	9	3D110M4D
23387	417	consensus	10	1M8D109M
67641	418	consensus	7	110M
62825	419	CG	22	110M
67642	420	consensus	5	110M
1644	421	AT	13	110M1D
67643	422	consensus	16	110M
4272	423	consensus	14	110M
67644	424	consensus	29	110M
3717	425	consensus	10	12D9M1D101M
1765	426	TA	26	110M
1058	427	T	5	82M1D28M
11958	428	C	8	110M
67645	429	consensus	9	110M
67646	430	consensus	25	110M
66566	431	consensus	16	110M
67647	432	consensus	13	110M
810	433	AGT	10	93M2D17M1D
21386	434	consensus	5	110M
10435	435	AT	10	11D110M2D
67648	436	consensus	14	110M
48363	437	consensus	17	1M1D109M
34788	438	consensus	10	1M16D109M
58400	440	T	11	110M1D
47991	441	consensus	8	12D110M
67649	442	consensus	15	110M
7078	443	consensus	6	110M
41943	444	consensus	54	110M1D
67650	445	consensus	6	110M
67651	446	consensus	4	110M
67652	447	consensus	12	110M
67653	448	consensus	29	110M
2814	449	GTT	12	110M1D
64980	450	consensus	5	12D110M
67654	451	consensus	4	110M
67655	452	consensus	10	110M
4991	453	consensus	8	104M1D6M
8348	454	C	28	110M
67656	455	consensus	18	110M
25625	456	consensus	19	1M7D109M14D
67657	457	consensus	13	110M
67658	458	consensus	16	110M
3995	459	C	7	110M
3529	460	consensus	14	110M1D
27761	461	TT	6	110M
857	462	AA	9	10D110M12D
67659	463	consensus	7	110M
67660	464	consensus	5	110M
67661	465	consensus	4	110M
6470	466	consensus	14	110M
1544	467	GC	9	110M
12682	468	consensus	14	6D110M
67662	469	consensus	11	110M2D
67663	470	consensus	6	110M
67664	471	consensus	12	110M
5734	472	G	35	110M1D
67665	473	consensus	19	110M
55314	474	A	22	110M
67666	475	consensus	23	110M
6943	476	GC	16	110M1D
210	477	consensus	14	110M
67667	478	consensus	5	110M
906	479	CG	23	110M
67668	480	consensus	4	110M
1953	481	consensus	17	110M
5671	482	consensus	23	110M
67669	483	consensus	9	110M
67670	484	consensus	18	110M
5375	485	consensus	14	110M
67671	486	consensus	13	110M
5327	487	A	6	110M
67672	488	consensus	14	110M
40792	489	consensus	48	6D110M
37953	490	consensus	6	11D110M
44765	491	G	8	110M
67673	492	consensus	17	110M
17847	493	C	29	110M
64811	494	consensus	12	110M1D
36673	495	consensus	31	110M12D
5507	496	CTT	39	110M
67674	497	consensus	31	110M
20872	498	consensus	31	110M5D
67675	499	consensus	8	110M
67676	500	consensus	19	5D110M
67677	501	consensus	15	110M
58219	502	A	13	19D110M2D
35654	503	consensus	9	14D110M3D
67678	504	consensus	10	110M
67679	505	consensus	8	110M
19738	506	consensus	10	2D110M8D
63234	507	A	13	110M
3933	508	GT	6	110M
8219	509	T	8	11M4D99M
8619	510	A	13	110M
64292	511	A	12	110M
67680	512	consensus	14	110M
67681	513	consensus	13	110M
42278	514	consensus	13	3D110M
47525	515	GT	13	110M
1607	516	TA	28	111M1D
64140	517	CA	13	110M
67682	518	consensus	13	110M
67683	519	consensus	33	110M
67684	520	consensus	11	110M
48637	521	consensus	6	110M2D
7685	522	consensus	11	110M
67685	523	consensus	10	110M
67686	524	consensus	10	110M
52666	525	CGC	18	110M
1022	526	CT	5	110M
67687	527	consensus	5	110M
67688	528	consensus	5	110M
67689	529	consensus	16	110M
3571	530	A	29	110M1D
67690	531	consensus	5	110M
61037	532	CAG	12	110M
690	533	CCCAATCTG	31	110M1D
31369	534	GAGAGCG	11	46M8D64M1D
861	535	A	17	110M
11918	536	CCGG	21	61M8D49M
73917	537	consensus	59	101M3D8M1D1M
3974	538	consensus	15	110M
3975	539	TGT	9	110M1D
67691	540	consensus	19	110M
10254	541	consensus	9	3D110M
67692	542	consensus	6	110M
64635	543	G	18	110M
5522	544	T	25	110M
3693	545	CC	4	110M1D
42	546	G	8	3M5D107M20D
12032	547	TG	12	110M
3772	548	A	26	110M
67693	549	consensus	18	110M
67694	550	consensus	7	110M
947	551	consensus	4	110M
60228	552	consensus	6	110M9D
3258	553	TAA	11	110M1D
67695	554	consensus	8	110M
67696	555	T	6	110M
260	556	consensus	17	17D110M
4099	557	CCT	26	105M2D5M
67697	558	consensus	12	110M
2160	559	consensus	19	110M
67698	560	consensus	19	110M
67699	561	consensus	12	110M
14358	562	consensus	21	21D110M
60529	563	consensus	38	110M1D
67700	564	GAG	30	2M12D108M
67701	565	consensus	22	110M
4518	566	T	9	110M
24683	567	consensus	6	110M6D
1122	569	G	8	110M
67702	570	consensus	19	110M
6556	571	consensus	8	110M
67703	572	consensus	10	110M
8053	573	AA	24	110M
67704	574	consensus	35	110M
56669	575	consensus	35	110M3D
4321	576	AC	10	110M
987	577	consensus	10	110M
7485	578	T	15	110M
48051	579	CC	11	110M
5572	580	consensus	12	110M2D
1180	581	AG	9	110M
1180	581	GG	8	110M
2718	582	A	9	110M1D
67705	583	consensus	11	110M
1479	584	G	24	110M
686	585	CT	21	1M7D109M19D
67706	586	consensus	11	110M
85	587	consensus	8	110M
67707	588	consensus	7	110M
38152	589	consensus	31	110M13D
1137	590	TAA	16	110M
7269	591	AGCCA	18	106M4D4M2D
67708	592	consensus	21	110M
67709	593	consensus	14	3M1D107M
67710	594	consensus	14	4D110M
34372	595	consensus	7	4D110M
67711	596	consensus	15	110M
499	597	consensus	4	110M
2277	598	C	6	110M
64080	599	TGTGC	17	110M
1054	600	C	12	110M
42342	601	consensus	10	5M13D105M
67712	602	consensus	10	110M
67713	603	consensus	21	110M
67714	604	consensus	7	110M
6056	605	consensus	16	110M
84140	606	consensus	23	110M
9428	607	A	18	110M1D
2994	608	GT	6	110M
13882	609	TCAG	4	110M
1100	610	T	5	110M
1152	611	A	28	110M
67715	612	consensus	4	110M
4573	613	T	22	61M5D49M
22470	614	C	12	110M
67716	615	consensus	19	110M
61839	616	consensus	19	110M12D
62456	617	consensus	13	110M11D
17663	618	consensus	7	110M
15661	619	CG	18	110M
67717	620	consensus	7	13D110M
34181	633	AGT	11	11D109M1D1M
34181	633	ATT	11	11D109M1D1M
648	635	consensus	25	110M
67718	636	A	11	110M
67718	636	G	10	110M
67719	637	CG	7	110M
67720	638	consensus	5	110M
67721	639	consensus	4	110M
49384	640	consensus	5	1M8D109M
22783	641	consensus	7	110M4D
1408	642	consensus	15	110M
3014	643	consensus	11	110M
1972	644	consensus	9	110M
10609	645	consensus	4	110M
1159	646	TCA	6	110M2D
67722	647	consensus	6	110M
67723	648	consensus	6	110M
24718	649	consensus	7	110M
67724	650	consensus	7	110M
1023	651	CT	29	110M1D
67725	652	CTA	10	110M4D
67726	653	consensus	4	110M11D
7004	654	consensus	7	110M
67727	655	consensus	5	110M
7927	656	G	7	16D109M2D1M
30897	657	consensus	6	110M
67728	658	consensus	6	110M
368	659	consensus	16	110M
2534	660	AC	18	21M1D89M
2534	660	CC	18	21M1D89M
67729	661	consensus	6	110M
26199	662	consensus	6	112M
25996	663	consensus	5	110M4D
67730	664	consensus	4	110M
67731	665	consensus	5	110M
67732	667	consensus	8	110M
67733	668	G	13	110M
67733	668	T	14	110M
4454	669	TAC	5	42M1D68M
26631	670	consensus	7	110M9D
13424	671	consensus	8	110M1D
478	672	G	6	110M
13114	673	T	6	1M1D109M
788	674	consensus	7	110M
40831	675	consensus	6	110M4D
67734	676	consensus	4	110M
59280	677	G	10	3D110M
4059	678	G	12	110M1D
30137	679	consensus	13	1D109M3D1M
63324	680	TT	4	110M
67735	681	consensus	15	110M
154	682	A	49	59M8D51M
57706	683	consensus	8	16D110M
37668	684	consensus	5	9D110M
10525	685	consensus	8	9D110M6D
67736	686	consensus	14	1D110M
15747	687	T	7	7D110M5D
67737	688	consensus	5	110M
67738	689	consensus	14	110M
67739	690	consensus	5	110M6D
67740	691	consensus	16	110M
67741	692	consensus	6	110M
67742	693	consensus	9	110M
67743	694	consensus	4	110M
67744	695	consensus	8	110M
67745	696	G	20	110M
67745	696	T	9	110M
7072	697	CCG	17	110M
3100	698	T	8	110M1D
26750	699	consensus	7	110M2D
67746	700	consensus	11	110M
67747	701	consensus	8	110M
67748	702	consensus	26	110M
67749	703	consensus	26	110M
5958	704	consensus	9	110M1D
3006	705	AAGTC	6	110M
67750	706	consensus	10	110M
67751	707	consensus	8	110M
37970	708	consensus	8	110M
67752	709	consensus	5	110M
7756	710	GCA	5	110M
146	711	CGCAG	4	110M
66477	712	CC	10	110M
2792	713	GCTGG	25	110M
3494	714	C	7	110M
3493	715	G	8	110M
14841	716	consensus	14	110M
67753	717	consensus	26	110M
19144	718	consensus	4	110M20D
67754	719	consensus	9	110M
67755	720	consensus	5	110M
24431	721	AGC	18	110M
67756	722	consensus	16	110M
67757	723	consensus	19	110M
39150	724	consensus	20	7D110M
67758	725	consensus	9	110M
18031	726	T	12	12D110M
308	727	ACCTA	23	110M
35569	728	A	16	8D110M8D
277	729	consensus	7	110M
9507	730	G	11	110M
2115	731	G	11	110M
25321	732	G	8	110M
4862	733	A	13	110M2D
30803	734	consensus	5	110M
67759	735	consensus	6	110M
42105	736	consensus	14	1M3D109M
1521	737	TGTC	13	110M
519	738	G	17	110M1D
4140	739	C	15	110M
19790	740	T	11	6D110M8D
6	741	consensus	18	1M17D114M10D
64605	742	consensus	16	110M
1312	743	A	8	110M
8082	744	CC	41	110M1D
67760	745	consensus	6	110M
67761	746	consensus	16	110M
752	747	AT	4	110M
67762	748	consensus	11	110M
4318	749	AGT	12	110M1D
67763	750	TT	15	110M
67764	751	consensus	13	110M
2149	752	consensus	9	110M
67765	753	consensus	9	110M
67766	754	consensus	8	110M
17394	755	T	28	110M
67767	756	consensus	6	111M
30499	757	consensus	7	17D110M
67768	758	consensus	6	110M
25201	759	consensus	7	8D110M9D
67769	760	consensus	31	110M
6531	761	T	9	110M1D
67770	762	consensus	10	110M
298	763	TCA	10	17M1D93M
931	764	A	8	110M
930	765	consensus	8	110M
67771	766	CG	18	110M
4956	767	consensus	9	110M1D
67772	768	consensus	16	119M
67773	769	consensus	5	110M
67774	770	consensus	16	110M
20077	771	consensus	18	110M12D
42117	772	consensus	15	3M6D107M
67775	773	consensus	6	110M
3319	775	C	18	110M
76832	776	consensus	23	110M
67776	777	consensus	13	110M
67777	778	consensus	8	110M
67778	779	consensus	4	110M
3901	780	TTG	12	110M
34565	781	consensus	22	110M22D
67779	782	consensus	17	110M
23061	783	A	8	15D110M2D
7121	784	consensus	14	8D110M
67780	785	consensus	14	110M
1863	786	consensus	5	110M12D
67781	787	consensus	12	110M
2286	788	TA	23	110M
67782	789	consensus	17	110M
1171	790	CTCCA	5	110M
67783	791	consensus	6	110M
2272	792	TCT	15	63M1D47M
12194	793	consensus	5	110M16D
67784	794	consensus	5	110M
67785	795	consensus	21	110M
64	796	C	13	110M
67786	797	consensus	8	110M
67787	798	consensus	5	110M
7571	799	consensus	24	110M
1258	800	G	12	110M
64267	801	consensus	15	110M2D
36588	802	consensus	13	110M17D
3491	803	A	26	110M
67788	804	consensus	8	110M
67789	805	consensus	11	110M
52079	806	A	12	1M7D109M
67790	807	consensus	21	110M
2323	808	consensus	12	110M
4197	809	consensus	10	110M
67791	810	consensus	21	110M
2428	811	CCA	6	110M
403	812	consensus	23	110M
8645	813	consensus	10	1M11D109M3D
3676	814	T	5	110M
3666	815	consensus	17	24M1D86M1D
492	816	consensus	5	11D110M
8842	817	consensus	9	1M20D109M
7187	818	C	16	110M
40452	819	consensus	14	3D110M
67792	820	consensus	15	110M
67793	821	consensus	14	110M
67794	822	consensus	4	110M
7486	823	G	12	1D112M7D
2310	824	GCAA	18	110M1D
23287	825	consensus	5	1D110M6D
12661	826	C	7	110M1D
15733	827	TT	28	110M
16665	829	consensus	13	110M
9376	830	consensus	25	2D110M
1686	831	AGG	6	110M
11808	832	C	21	110M
11808	832	T	24	110M
57743	833	T	19	110M8D
850	834	T	16	110M
626	835	T	7	110M
5309	836	consensus	8	110M
1705	837	consensus	17	110M1D
52557	838	consensus	8	3D110M
67795	839	consensus	7	110M
2150	840	T	12	110M1D
3832	841	G	6	110M1D
3138	842	CC	38	110M1D
23362	843	consensus	8	3D110M
2512	844	consensus	13	1D110M19D
66270	845	consensus	17	110M
32852	846	consensus	7	110M
2961	847	consensus	16	2M1D108M14D
1992	848	G	43	110M
67796	849	consensus	9	110M
60847	850	consensus	17	11D110M
5775	851	T	28	110M
8488	852	CAGT	11	92M3D19M1D
67797	853	consensus	10	110M
67798	854	consensus	9	110M
2027	855	GC	13	110M
67458	856	consensus	25	110M
3314	857	consensus	10	110M
67799	858	consensus	12	110M
152	859	A	10	15D110M1D
67800	860	consensus	8	110M
67801	861	consensus	9	110M
9692	862	GG	12	5D110M16D
39139	863	consensus	14	1M1D109M
2021	864	consensus	14	110M
4007	865	CA	11	110M1D
66586	866	GT	12	110M
1629	867	consensus	14	110M
23665	868	consensus	12	6D43M4D67M11D
67802	869	consensus	9	110M
66133	870	T	19	110M
3126	871	GGCGTA	23	110M
67803	872	consensus	4	110M
67804	873	consensus	6	67M3D43M
3159	874	consensus	9	110M
35418	875	consensus	34	14D110M
29388	876	C	7	3M5D107M6D
29388	876	G	4	3M5D107M6D
4737	877	consensus	22	110M
4631	878	consensus	15	110M1D
792	879	AA	6	110M
5628	880	C	8	110M
6224	881	CT	6	110M
61318	882	consensus	11	1D109M2D1M
1722	883	TC	15	30M5D80M
3381	884	TTT	15	110M
5694	885	AC	8	4M7D106M9D
67805	886	consensus	8	1D110M3D
984	887	CT	37	111M
3892	888	TCC	11	110M
20985	889	AT	7	110M1D
4405	890	G	9	110M1D
56797	891	consensus	32	2D110M
36161	892	T	15	110M5D
29156	893	consensus	25	7D110M2D
21616	894	C	7	110M
14226	895	consensus	9	9D110M
67806	896	ACT	19	110M
67807	897	consensus	9	110M
67808	898	consensus	13	110M
1141	899	G	6	110M
17823	901	ATT	9	110M1D
54226	902	consensus	9	3D110M15D
623	903	consensus	6	110M8D
3964	905	TT	7	110M
15639	906	consensus	12	110M11D
67809	907	consensus	20	110M
6787	908	consensus	6	110M
1641	909	AA	6	110M
2916	910	GA	8	110M
7460	911	CTTA	10	110M1D
7460	911	GTTA	10	110M1D
67810	912	T	15	110M
16984	913	consensus	21	110M2D
21178	914	consensus	31	2D110M
67811	915	consensus	12	110M
25542	916	consensus	15	3D110M2D
48001	917	AATTG	5	110M
67812	918	consensus	17	110M
67813	919	consensus	5	12D110M
335	920	T	27	111M
4623	921	consensus	15	24D110M
682	922	A	7	107M1D3M
67814	923	consensus	10	110M
67815	924	consensus	21	110M
56928	925	A	10	110M
1652	926	G	20	110M
67816	927	consensus	17	110M
3779	928	ATGT	10	111M
495	929	consensus	16	110M
8104	930	consensus	11	1M1D109M13D
11765	931	T	14	10D110M
67817	932	consensus	5	110M
67818	933	consensus	7	110M
37817	934	C	4	1M8D109M
67819	935	consensus	5	110M
3061	936	G	7	110M1D
13666	937	CT	6	11D110M
67820	938	consensus	8	110M
22429	939	CCTGACG	16	110M
2571	940	A	45	110M1D
21865	941	G	14	110M
1382	942	consensus	6	110M
16594	943	consensus	26	95M8D15M
2075	944	consensus	17	110M
2076	945	consensus	23	110M
131	946	AAA	9	110M
44234	947	A	15	110M
4030	948	AATTCCCTTCAG	6	44M1D66M3D
67821	949	consensus	10	110M
417	950	CACGTGT	21	110M
67822	951	consensus	14	110M
67823	952	C	11	110M
67824	953	consensus	7	110M7D
3994	954	G	9	110M
37323	955	AA	5	110M1D
67825	956	consensus	13	110M
67826	957	consensus	14	110M
67827	958	consensus	16	110M
6059	959	C	18	110M
21936	960	CT	10	110M
3513	961	T	5	110M
1634	962	consensus	5	110M
67828	963	consensus	11	110M
67829	964	consensus	10	110M
67830	965	consensus	5	110M
12014	966	consensus	12	110M
26520	967	consensus	9	110M
1117	968	A	10	110M
1118	969	A	23	110M
5582	970	consensus	7	110M7D
32125	971	consensus	4	110M
161	972	TGTGG	4	110M
67831	973	consensus	5	110M
722	974	consensus	11	110M
67832	975	consensus	6	110M
54919	976	consensus	16	110M
67833	977	consensus	12	110M
3969	978	CA	6	110M1D
67834	979	consensus	7	110M
772	980	consensus	8	110M
233	981	CT	24	110M
812	982	A	11	18D110M4D
55180	983	TTTG	14	110M
7151	984	CA	5	110M
4588	985	consensus	21	110M
67835	986	consensus	10	110M
67836	987	consensus	5	110M
1711	988	TG	10	28M11D82M
1984	989	GG	16	110M
10685	990	consensus	4	1M7D109M7D
67837	991	AATAA	13	110M
531	992	consensus	5	2D110M
7215	993	consensus	9	4D110M
4168	994	GGT	10	110M
5894	995	TG	15	110M1D
1361	996	GA	14	110M
59515	997	consensus	29	12D110M
67838	998	G	13	110M
67838	998	T	5	110M
20831	999	consensus	36	110M1D
1036	1000	consensus	6	110M
67839	1001	consensus	20	110M
572	1002	consensus	19	110M
15950	1003	consensus	17	110M
67840	1004	consensus	16	110M
67841	1005	consensus	4	110M
25522	1006	consensus	6	1M2D109M10D
67842	1007	consensus	25	110M
67843	1008	TAA	11	110M
67844	1009	consensus	20	110M
67845	1010	consensus	9	110M
2905	1011	AA	6	110M
4875	1012	consensus	8	1M2D109M
2720	1013	consensus	10	9D110M
4449	1014	consensus	9	4D110M7D
43836	1015	CAA	6	110M
13874	1016	consensus	21	110M9D
63225	1017	A	9	110M
147	1018	ATTT	6	103M1D7M
3881	1019	ACGC	7	110M
5154	1020	TG	13	9D110M16D
5358	1021	GCC	13	110M
67846	1022	consensus	22	110M
20144	1023	A	5	10D110M12D
67847	1024	consensus	9	110M
67848	1025	consensus	17	110M
23224	1026	consensus	10	110M
818	1027	GGCAAATGGACA	13	110M
67849	1028	consensus	7	110M11D
59050	1029	consensus	29	110M
31397	1030	consensus	11	110M3D
67850	1031	consensus	11	110M
67851	1032	consensus	9	110M
67852	1033	consensus	7	110M
59517	1034	consensus	8	110M
4015	1035	CT	9	110M
404	1036	GGAT	6	6D37M2D73M4D
67853	1037	consensus	6	110M
67854	1038	consensus	19	110M
3820	1039	GT	48	110M
1651	1040	CG	11	110M
4001	1041	GG	16	110M
67855	1042	consensus	4	110M
622	1043	consensus	14	110M
67856	1044	consensus	8	110M
60162	1045	consensus	6	110M
67857	1046	consensus	14	110M
12422	1047	consensus	22	110M
20486	1048	A	12	4D110M
58489	1049	A	13	110M20D
58489	1049	T	6	110M20D
20852	1050	consensus	5	110M13D
63925	1051	AT	16	110M
67858	1052	consensus	7	110M
8965	1053	GACG	6	110M
67859	1054	consensus	5	110M
67860	1055	consensus	6	110M
67861	1056	consensus	21	110M
21991	1057	C	19	110M
67862	1058	consensus	10	110M
67863	1059	consensus	7	110M
3166	1060	GC	14	79M1D31M
3990	1061	consensus	8	110M
67864	1062	consensus	7	110M
32094	1063	TA	11	2D110M10D
67865	1064	consensus	15	110M
60949	1065	consensus	18	1M7D109M
67866	1066	consensus	13	110M
25281	1067	G	14	110M
67867	1068	consensus	14	110M
67476	1069	consensus	7	110M1D
67868	1070	consensus	10	110M
64090	1071	GC	5	110M
67869	1072	A	7	110M
67869	1072	G	3	110M
3483	1073	consensus	11	11D110M
67870	1074	consensus	8	110M
106	1075	TTTTTATACGTATGC	12	110M1D
35433	1076	ACTCAT	4	110M5D
67871	1077	consensus	14	110M
6361	1078	GCTTCT	7	110M
2777	1079	C	4	110M1D
67872	1080	consensus	6	110M
67873	1081	consensus	4	110M
1759	1082	CCCGGCAAGAGGT	16	110M
3699	1083	C	17	110M
64554	1084	A	16	110M
67874	1085	consensus	15	110M
15527	1086	consensus	6	110M5D
66623	1087	CCAT	18	110M
67875	1088	consensus	6	110M
67876	1089	consensus	5	110M
63444	1090	CCTGA	10	110M
67877	1091	consensus	4	110M
62152	1092	consensus	23	5D110M
4315	1093	G	12	110M
67878	1094	consensus	23	110M
67879	1095	consensus	16	110M
67880	1096	consensus	9	110M
67881	1097	consensus	15	110M
23250	1098	consensus	4	110M
62699	1099	consensus	5	110M
67882	1100	consensus	6	110M
9141	1101	GTGG	77	110M
2349	1102	consensus	8	110M
8479	1103	consensus	6	110M
67883	1104	consensus	7	110M
67884	1105	consensus	5	110M
1468	1106	CCC	10	110M1D
67885	1107	consensus	18	110M
12266	1108	consensus	6	110M
581	1109	AAG	8	19M9D23M1D68M
20785	1110	G	4	110M
25367	1111	consensus	8	110M
7458	1112	C	4	1D110M20D
67886	1113	consensus	20	110M
20552	1114	consensus	22	110M
17376	1115	consensus	9	110M12D
67887	1116	consensus	15	110M
44967	1117	consensus	8	110M3D
5251	1118	consensus	6	110M
67888	1119	consensus	6	110M
67889	1120	consensus	11	110M
62334	1121	consensus	5	110M4D
57297	1122	consensus	20	110M6D
9849	1123	consensus	25	1D110M19D
67890	1124	consensus	9	110M
1449	1125	T	19	13D110M7D
1326	1126	G	6	110M
67891	1127	consensus	10	110M
1785	1128	GA	20	110M
67892	1130	consensus	19	110M
67893	1131	consensus	23	110M
64283	1132	consensus	8	110M
48857	1133	consensus	38	110M
6799	1134	TTACC	6	110M1D
67894	1135	consensus	5	110M
67895	1136	consensus	17	110M
1356	1137	consensus	5	110M1D
67896	1138	consensus	5	110M
635	1139	TGT	5	110M
67897	1140	consensus	16	110M
67898	1142	consensus	8	110M
7434	1143	T	6	110M1D
16512	1144	consensus	4	6D110M8D
455	1145	consensus	5	110M1D
2263	1146	T	14	110M
67899	1147	consensus	26	110M
67900	1148	consensus	4	110M
629	1149	C	25	110M1D
67901	1150	consensus	5	110M
67902	1151	consensus	10	110M
67903	1152	consensus	25	110M
67904	1153	consensus	4	110M
67905	1154	consensus	4	110M
162	1155	consensus	6	110M
1420	1156	TA	4	110M1D
4815	1157	consensus	8	110M
67906	1158	consensus	10	110M
1019	1159	consensus	12	110M
67907	1160	consensus	14	110M
2129	1161	C	5	110M
67908	1162	consensus	12	110M
3579	1163	consensus	6	110M
2518	1165	consensus	13	110M2D
2194	1166	ACCA	8	110M
23809	1167	consensus	30	110M12D
67909	1168	consensus	4	110M
10711	1169	consensus	8	110M14D
3072	1170	T	5	110M
9122	1171	consensus	18	110M12D
67910	1172	consensus	14	110M
67911	1173	consensus	6	110M
67912	1174	consensus	20	110M
2225	1175	consensus	4	10D109M14D1M
35264	1176	consensus	6	11D109M1D1M
67913	1177	consensus	14	110M
67914	1178	consensus	4	110M
67915	1179	consensus	6	110M
67916	1180	consensus	11	110M
2573	1181	T	9	110M
67917	1182	consensus	23	110M
12560	1183	consensus	19	1M9D109M2D
2469	1184	CTA	12	110M
14477	1185	C	26	110M
8155	1186	CGT	8	4D110M7D
4851	1187	TA	18	110M
898	1188	TTAAT	7	110M1D
44066	1189	T	16	110M
4826	1190	A	5	110M
36484	1191	C	10	8D110M1D
67918	1192	consensus	7	110M
67919	1193	consensus	18	110M
1205	1194	AC	14	110M
3643	1195	ATAT	14	110M1D
1797	1196	A	22	110M
1157	1198	GT	14	110M
47362	1199	T	10	110M
8540	1200	consensus	7	110M16D
67920	1201	consensus	21	110M
20168	1202	consensus	10	15D110M1D
41183	1203	CG	7	110M
690	1204	CTTTATCTA	20	110M1D
67921	1205	consensus	33	110M
66447	1206	G	16	110M
67922	1207	consensus	13	110M
244	1208	T	11	110M
# sstacks completed on 2026-03-06 12:15:10
