# sstacks version 2.68; generated on 2026-03-06 12:15:12
39	1	GC	14	1M4D123M8D
470	2	AA	19	1M4D127M
846	3	CN	24	20D113M6D
1206	4	TC	12	1M3D119M22D
6	5	consensus	33	1M17D119M5D
150	6	GT	25	3D119M7D
218	7	A	25	1M10D115M10D
75294	8	consensus	18	119M1D
9607	9	consensus	28	1M5D112M5D
8688	10	consensus	17	119M
345	11	A	23	15D114M11D
105	12	C	22	2M15D118M
79329	13	consensus	55	118M
1271	14	TA	22	1M13D126M
3275	15	G	7	118M8D
3275	15	T	4	118M8D
14410	16	consensus	25	1M14D118M
31	19	TGCAAAA	2	118M
31	19	TGCAGAA	7	118M
31	19	TGTAAAA	10	118M
611	23	consensus	22	84M1D43M13D
59	26	GCTGA	19	11D113M15D
4517	27	consensus	22	1M1D116M25D
79330	28	consensus	21	114M
14	29	CGCA	20	1M8D111M11D
3723	30	consensus	32	21D114M
5035	31	TA	11	15D116M
44024	32	consensus	26	113M
521	33	A	14	5D122M10D
686	34	CT	24	12D114M10D
6887	37	G	24	1M15D112M7D
58065	39	consensus	20	2D112M
44	40	AGGCG	21	5D114M23D
23	42	TA	25	13D113M12D
89	43	A	14	1M17D112M4D
3076	44	consensus	16	6D113M5D
8827	45	consensus	10	112M4D
50	46	TGTCNN	35	1M9D115M13D
7582	49	consensus	27	122M1D
56185	50	consensus	12	1M5D109M
3030	51	C	8	110M
3006	52	AAGTC	8	110M
22988	54	consensus	6	113M2D
1352	55	TT	5	110M
12495	56	GAGG	10	110M
55501	57	consensus	10	110M
4838	58	TC	11	110M
31791	59	consensus	24	115M
3755	60	AAGA	4	110M
4750	61	consensus	13	110M1D
11250	62	C	10	110M
1265	63	consensus	17	110M
1469	64	A	15	110M
3676	65	T	10	110M
79331	66	consensus	12	110M
2827	67	GC	17	110M
1066	68	ATCT	5	110M1D
737	70	consensus	8	110M
59487	71	consensus	16	111M1D
3820	72	GT	8	110M
636	73	CAAACATGGGTA	6	110M5D
4815	74	consensus	5	110M
732	75	GTGG	18	110M
61088	76	T	16	4D110M
4114	77	C	13	110M
10557	78	consensus	4	2M6D108M4D
106	79	TTGTAATATGTAGAC	12	110M1D
37931	80	consensus	7	5D110M7D
79332	81	consensus	10	110M
56487	82	TCT	10	44M1D66M
79333	83	consensus	9	110M
79334	84	consensus	6	110M
146	85	CGCGA	13	110M
368	86	consensus	8	110M
3789	87	G	16	110M1D
229	88	A	7	110M
4788	89	consensus	21	110M
8640	90	consensus	20	110M22D
1781	91	consensus	21	110M
1166	92	consensus	5	1M15D109M5D
5633	93	consensus	7	110M1D
79335	94	consensus	7	110M
7903	95	ATCGTCCTCCA	8	110M
7438	96	T	13	110M
79336	97	consensus	11	112M
15033	98	T	8	110M
1194	100	AAAT	20	110M
2305	101	ATG	16	110M
8001	102	CT	13	105M3D5M
79337	103	consensus	14	110M
79338	104	consensus	7	110M
25740	105	consensus	6	17D110M
5082	106	AT	14	1M5D109M20D
2617	107	GCGA	17	110M
17633	108	AAT	12	14D111M
1457	109	TTA	27	110M
79339	110	consensus	23	110M
74193	111	CTCA	10	110M
79340	112	consensus	12	110M
5043	113	C	10	110M
63811	114	CGGC	5	110M
79341	115	consensus	11	110M
4162	116	GTT	8	110M
79342	117	consensus	4	110M
3456	118	TC	36	110M
79343	119	GG	5	110M
79344	120	consensus	11	110M
3525	121	A	6	110M
18600	122	A	5	110M
19046	123	consensus	5	110M
2767	124	CCT	8	110M
4117	125	G	6	108M1D2M6D
19712	126	consensus	4	9D110M1D
79345	127	consensus	5	110M
79346	128	consensus	11	110M
10565	129	T	14	110M
746	130	T	7	110M
1040	131	AGG	15	110M
3306	132	G	15	110M14D
79347	133	consensus	5	110M
79348	134	consensus	17	110M
3276	135	T	11	110M
7961	136	consensus	10	12D110M
79349	137	consensus	13	110M
2223	138	GTTG	5	110M1D
79350	139	consensus	9	110M
4528	140	CT	15	110M
437	141	consensus	7	110M
13554	142	AG	8	8D8M2D109M
40700	143	CACTGCCAGCAA	9	110M
572	144	consensus	7	110M
8493	145	A	5	9D110M9D
62699	146	consensus	12	110M
79351	147	consensus	8	110M
1563	148	T	12	110M1D
1183	149	AAGGGA	5	110M
50824	150	A	12	110M
657	151	GCGCTGTCCT	10	110M4D
79352	152	consensus	9	110M
1393	153	A	16	111M14D
14399	154	consensus	4	110M10D
944	155	ACCGC	6	110M
69866	156	consensus	6	4D110M4D
68498	158	consensus	7	110M
303	159	GT	5	110M
11680	160	A	5	110M
15712	161	consensus	4	2D110M6D
1120	162	consensus	13	110M
8053	163	AA	16	110M
55565	164	A	4	110M
1258	165	G	7	110M
3203	166	consensus	6	110M
2142	167	A	14	9M1D101M1D
64331	168	consensus	18	110M
37735	169	consensus	15	110M
2022	170	consensus	9	110M
79353	171	consensus	11	110M
4174	172	consensus	7	17D109M5D1M
4007	174	CA	6	110M1D
79354	175	consensus	25	110M2D
79355	176	consensus	8	110M
7403	177	TG	12	110M
3930	178	consensus	11	8D110M13D
79356	179	consensus	4	110M
21716	180	CAAC	11	110M1D
6982	181	T	6	110M
3008	182	consensus	12	110M
5018	183	AAT	3	110M
5018	183	ATT	8	110M
9154	184	consensus	21	110M16D
2973	185	G	28	110M
9563	186	consensus	6	2M19D108M1D
79357	187	consensus	15	110M
4148	188	consensus	7	95M1D15M
3168	189	AC	6	10D110M12D
317	190	GAT	13	110M
79358	191	consensus	13	110M5D
1589	192	consensus	7	110M
4872	193	consensus	4	110M
14099	194	consensus	7	1M13D109M8D
60222	195	TAGT	14	1M12D110M
4000	196	consensus	19	110M
836	197	TT	11	56M1D54M
61909	198	A	5	110M5D
3547	199	C	10	110M
59918	200	consensus	5	110M6D
7365	201	CCCCC	8	110M
58614	202	consensus	13	1M14D109M
29405	203	A	28	110M15D
7942	204	C	4	110M
4644	205	G	6	110M
1618	206	consensus	14	11D110M5D
5567	207	consensus	7	110M
242	208	consensus	10	110M1D
79359	209	consensus	7	110M
79360	210	consensus	20	110M
2092	211	consensus	15	110M
5070	212	consensus	8	110M
79361	213	consensus	23	110M
8395	214	consensus	7	110M1D
50237	215	GGGT	13	110M
5533	216	TAA	6	110M
2495	217	consensus	9	110M
59453	218	A	17	4D110M
2266	219	consensus	14	19D110M
1012	220	consensus	16	110M
79362	221	consensus	11	110M
2358	222	consensus	33	110M
60188	223	consensus	11	110M
30631	224	consensus	11	1M11D109M9D
79363	225	consensus	8	110M
10477	226	consensus	23	7D110M
79364	227	consensus	6	110M
70563	228	consensus	6	110M
4025	229	CG	5	110M1D
57453	230	consensus	6	110M1D
3956	231	AG	10	75M1D35M
63439	232	GTTT	12	110M
79365	233	consensus	18	110M
31129	234	consensus	4	5M5D105M5D
79366	235	consensus	5	110M
2030	236	GGTA	7	110M
79367	237	consensus	19	110M
1312	238	A	5	110M
17391	239	T	28	110M1D
22488	240	GG	4	110M
412	241	T	10	110M
4377	242	TA	13	110M
16064	243	consensus	6	110M10D
58400	244	T	21	110M1D
79368	245	consensus	4	110M
2206	246	TGACTAC	6	110M
31264	247	consensus	34	110M
16157	248	consensus	7	110M4D
2718	249	A	6	110M1D
79369	252	consensus	12	110M
79370	253	consensus	7	110M
6056	254	consensus	9	110M
79371	255	consensus	4	110M
4515	256	C	7	1M4D109M12D
14610	257	consensus	8	110M14D
79372	258	consensus	14	110M
59139	259	consensus	9	1D110M2D
59877	262	consensus	6	110M9D
28881	263	consensus	5	110M2D
1467	264	consensus	9	110M1D
60152	265	consensus	12	110M1D
26312	266	CCCAGG	8	77M4D33M12D
7949	267	consensus	30	110M
79373	268	consensus	6	110M
17232	269	C	8	110M
35542	271	consensus	5	11D110M
30908	272	consensus	10	1M9D109M1D
3994	273	G	10	110M
6899	274	A	11	110M
79374	275	consensus	4	110M
79375	276	consensus	17	110M
79376	277	consensus	10	110M
29207	278	consensus	11	1M1D111M
52191	279	consensus	7	4D110M
4183	280	consensus	6	110M
1000	281	consensus	5	110M
5283	282	consensus	5	110M
30857	283	consensus	5	110M
812	284	A	12	18D110M4D
12941	285	CA	17	110M
7836	286	T	5	110M
4639	287	CNNNNNNNNNNNNNTGGCATA	8	1M20D4M2D104M1D1M
11513	288	C	15	42M2D68M1D
79377	289	consensus	5	110M
871	290	G	15	110M
79378	291	consensus	6	110M
5698	292	consensus	10	110M
9063	293	consensus	6	110M
2962	294	GTATA	10	110M
79379	295	consensus	7	110M
79380	296	consensus	8	110M
79381	297	consensus	12	110M
79382	298	consensus	26	110M
79383	299	consensus	4	110M
5550	300	consensus	4	1M3D109M8D
63672	301	TACT	4	110M
32856	302	consensus	5	2D110M
859	303	A	6	110M1D
1491	304	CT	23	110M
15879	305	G	5	110M
79384	306	consensus	22	110M
79385	307	consensus	9	110M
1450	308	CACC	9	33M1D77M
3545	309	C	7	50M1D60M
41292	310	consensus	4	110M3D
34806	311	C	6	2D110M17D
38787	312	consensus	4	3D110M
12125	313	consensus	13	13D110M2D
21254	314	T	6	1M1D109M
2510	315	AT	4	110M
42863	317	consensus	5	3M4D107M
1251	318	C	7	110M
794	319	T	16	110M2D
34995	320	ATTGG	6	2D109M9D1M
77535	321	consensus	10	110M
1691	322	G	7	110M
79386	323	consensus	9	110M
1968	324	consensus	7	5D110M8D
60051	325	consensus	8	10D110M
5636	326	T	12	2M2D109M8D
734	327	consensus	13	110M
519	328	G	8	110M1D
64133	329	consensus	9	110M
38436	330	consensus	5	1M4D109M5D
79387	331	consensus	14	110M
1504	332	consensus	14	110M
982	333	ATA	7	110M
983	334	consensus	18	110M
1714	335	CAAC	11	110M
5954	336	consensus	10	110M
5634	337	G	7	110M
541	338	C	8	1M6D115M20D
8293	339	consensus	5	17D110M
79388	340	consensus	7	110M
3731	341	AN	10	39M1D71M2D
2146	342	consensus	11	110M
1708	343	consensus	33	110M
59179	344	A	6	12D110M
35377	345	C	9	110M11D
7554	346	A	5	110M
5606	347	T	13	110M1D
79389	349	consensus	17	110M
79390	350	consensus	22	110M
2089	351	consensus	6	110M1D
79391	352	consensus	5	110M
4016	353	GATAC	7	7M1D103M
3797	354	GG	14	110M
111	355	TT	4	110M
3726	356	T	9	110M
120	357	A	18	110M
79392	358	consensus	7	113M
1042	359	T	4	110M20D
7128	360	consensus	6	110M
3346	361	TC	15	110M
79393	362	consensus	5	110M
1148	363	consensus	7	110M1D
112	364	CCA	18	110M11D
79394	365	consensus	4	110M
32837	366	consensus	9	110M
3211	367	consensus	17	110M
79395	368	consensus	4	110M
68719	369	consensus	11	110M
1479	370	G	25	110M
352	371	G	12	110M
1046	372	GA	10	110M
10631	373	consensus	13	5D110M8D
61107	374	consensus	6	119M
629	375	C	6	110M1D
7839	376	CA	25	42M1D13M3D55M
79396	377	consensus	7	110M
4763	378	consensus	6	11D110M8D
79397	379	consensus	12	110M
1461	380	GTG	10	110M1D
1462	381	G	4	110M
79398	382	consensus	8	110M
778	383	consensus	17	110M
79399	384	consensus	9	110M
40119	385	consensus	13	3D110M
1979	386	AG	5	110M1D
73957	387	consensus	9	1M6D109M
79400	388	consensus	4	110M
4149	389	A	8	110M
79401	390	consensus	18	110M
1822	391	GCCG	36	110M4D
1822	391	GTCG	36	110M4D
383	393	AA	4	110M
1127	394	ACCC	6	110M
34633	395	consensus	6	3D110M3D
79402	396	consensus	10	110M
2094	397	consensus	12	110M
79403	398	consensus	7	110M
3964	399	TG	13	110M
35623	400	consensus	24	110M
36417	401	consensus	5	110M7D
1238	402	T	12	18M1D92M2D
1259	403	consensus	7	110M
12	404	G	11	2M10D108M13D
787	405	consensus	21	14D113M13D
9205	406	GA	9	110M
39613	407	consensus	4	9D110M
79404	408	consensus	4	110M
5388	409	AG	7	110M
4300	410	consensus	8	110M
79405	411	consensus	12	110M
79406	412	consensus	4	110M
38446	413	consensus	8	5D110M
2182	414	consensus	11	110M1D
151	415	AT	35	110M
2201	416	GATAC	14	102M1D8M
59555	417	consensus	18	111M
4071	418	CATTGG	31	108M1D2M2D
2338	419	consensus	6	110M
5298	420	TA	7	110M
15547	421	C	6	1M1D3M1D106M
29491	422	AGAG	7	110M1D
5340	423	CC	9	110M
4535	424	GCAGTTG	16	110M
9202	425	TGAG	8	110M
79407	426	consensus	4	110M
438	428	consensus	18	1M11D109M14D
3215	429	TG	16	110M2D
79408	430	consensus	8	110M
2802	431	A	7	110M
62592	432	consensus	4	110M
79409	433	consensus	6	110M
3783	434	AC	9	110M
3783	434	AT	14	110M
60868	435	consensus	5	1M13D109M
76775	436	TAAA	11	110M
305	437	AATC	19	110M1D
79410	438	consensus	11	110M
45723	440	consensus	7	5D109M1D1M
9539	441	consensus	9	110M
6499	442	TT	6	110M
1179	443	CT	8	110M
4988	444	consensus	9	110M1D
79411	445	consensus	15	110M
20985	446	AT	4	110M1D
79412	447	consensus	6	110M
79413	448	consensus	5	110M
79414	449	consensus	13	110M
1762	450	CGG	5	11M1D60M2D39M
3196	451	G	6	42M1D68M
57231	452	consensus	4	110M
79415	453	consensus	8	110M
13864	454	consensus	9	3D110M4D
7770	455	consensus	5	110M
23409	456	consensus	7	110M
10950	457	A	7	3D110M7D
2409	458	A	21	10M1D95M1D5M
36498	459	consensus	6	110M13D
7148	460	A	4	110M
809	461	AC	10	110M
79416	462	consensus	8	110M
8260	463	consensus	7	4D110M15D
9122	464	consensus	8	1M9D109M3D
1155	465	C	8	110M
13322	466	ATT	13	110M
61004	467	consensus	5	110M
79417	468	consensus	9	111M
291	469	GGT	14	110M
26506	470	T	5	110M
9396	471	CGCCTC	5	110M
1409	472	TT	18	110M
6862	473	TTTT	7	110M2D
2443	474	C	5	20M1D90M
3681	475	consensus	8	18D110M7D
1924	476	AG	5	110M1D
4130	477	consensus	4	110M
69129	478	consensus	7	110M9D
9911	479	consensus	4	10D110M
79418	480	consensus	4	110M
16880	481	consensus	17	110M11D
40451	482	G	6	1M8D109M2D
130	483	consensus	5	110M
36482	484	consensus	6	110M4D
79419	485	consensus	20	110M
5980	486	consensus	14	110M
20482	487	A	25	111M
2067	488	TTGT	10	110M
3136	489	A	10	110M
2469	490	CTA	7	110M
449	491	G	11	110M1D
79420	492	consensus	19	110M
32051	493	consensus	7	2D110M
92	494	consensus	6	20D118M6D
1318	495	TT	13	110M
61070	496	consensus	11	110M9D
57090	499	consensus	4	110M
8080	500	consensus	5	110M
910	501	G	4	110M
9308	502	AT	5	110M
3485	503	consensus	21	110M
28482	504	consensus	6	110M
7645	505	G	7	2M2D108M17D
79421	506	consensus	8	110M
13936	507	TT	11	110M13D
79422	508	consensus	13	110M
79423	509	consensus	10	110M
1181	510	consensus	7	1M5D109M18D
14	511	CGCA	9	2M3D108M18D
79424	512	consensus	11	116M
79425	513	consensus	14	110M
62504	514	consensus	17	110M1D
41295	515	consensus	4	14D110M
48478	516	consensus	10	79M18D33M
29708	517	consensus	13	2M2D108M
467	518	TG	11	110M
5786	519	C	8	110M
7203	520	consensus	7	110M
72516	521	C	6	110M
79426	522	consensus	5	110M
11759	523	C	4	12D109M3D1M
79427	524	consensus	15	110M
79428	525	consensus	12	110M
2580	526	T	9	110M
1764	527	consensus	11	110M
79429	528	consensus	9	110M
3832	529	G	23	110M1D
3138	530	CC	11	110M1D
2856	531	consensus	13	110M17D
16746	532	consensus	16	91M1D19M
5745	533	A	6	110M
79430	534	consensus	5	110M
8414	535	consensus	15	110M
4588	536	consensus	6	110M
22140	537	consensus	18	3D111M
79431	538	consensus	17	110M
79432	539	consensus	11	110M
79433	540	consensus	12	110M
5285	541	T	9	110M
13663	542	CT	7	110M
79434	543	consensus	5	110M
154	544	G	25	110M8D
14794	545	A	14	51M6D59M1D
65491	546	CCGACCA	17	110M
8198	547	consensus	8	110M3D
28769	548	consensus	19	110M11D
27479	549	C	11	110M
79435	550	consensus	4	110M
11394	551	A	6	110M1D
3422	552	TTT	5	110M
4461	553	TCTTGC	8	110M1D
79436	554	consensus	5	110M
604	555	consensus	12	110M
4405	556	G	13	110M1D
32683	557	consensus	4	6D110M1D
71	558	C	15	110M
70	559	A	4	110M
3475	560	G	4	110M
16657	561	consensus	18	122M10D
7787	562	G	8	29M1D83M3D
79437	563	consensus	4	110M
7498	564	consensus	8	110M
9399	565	TGGA	7	21M4D89M13D
322	566	ATG	13	3D110M16D
1362	568	consensus	21	1M13D109M13D
1679	569	consensus	4	110M1D
10586	570	consensus	5	3D110M10D
4003	571	consensus	7	110M1D
79438	572	consensus	7	110M
79439	573	consensus	12	110M
79440	574	consensus	9	110M
922	575	T	11	110M
41272	576	consensus	19	110M
163	577	AT	11	110M1D
161	578	TGTGG	7	110M
7747	579	A	8	3D110M10D
2893	580	AC	8	110M
79441	582	consensus	15	110M
49724	583	consensus	5	110M
79187	584	consensus	4	110M12D
1460	585	consensus	16	110M
846	586	TC	14	1M10D112M16D
296	587	C	6	110M
34234	588	consensus	4	1M1D15M10D94M1D
19254	589	consensus	32	111M8D
7659	590	T	12	110M
5240	591	CGTGCTGTGC	22	110M
31248	592	consensus	33	110M
7126	593	consensus	8	110M
4185	594	C	34	39M3D71M
3942	595	consensus	11	47M1D63M1D
998	596	CC	6	110M
79442	597	consensus	18	110M
34882	598	consensus	15	1M8D109M
79443	599	consensus	5	110M
4258	600	TG	7	110M
4259	601	CT	5	110M
79444	602	consensus	7	110M
5157	603	consensus	9	110M
1302	604	consensus	21	110M
3682	605	TACT	7	110M
4682	606	A	9	110M1D
5481	607	consensus	10	3M10D112M
28213	608	consensus	17	8D110M
60683	609	T	8	110M
79445	610	consensus	13	110M
79446	611	consensus	6	110M
26172	612	C	13	110M1D
41943	613	consensus	66	110M1D
12070	614	consensus	5	9D110M3D
2277	615	C	6	110M
79447	616	consensus	17	110M
29713	617	consensus	14	110M6D
48	618	GG	10	13D121M11D
55540	619	consensus	11	110M11D
28837	620	consensus	6	110M
5270	621	A	12	110M1D
1527	622	C	6	110M1D
79448	623	consensus	4	110M
79449	624	consensus	14	110M
79450	625	consensus	5	110M
79451	626	consensus	5	110M
79452	627	consensus	6	110M
31884	628	consensus	9	8D110M
12420	629	ATT	8	110M
12420	629	GTT	3	110M
59912	630	A	8	7M12D103M
69	631	TAG	7	110M
79453	632	consensus	23	110M
21286	633	T	7	9D110M
3595	634	T	5	110M1D
2114	635	consensus	5	15D110M11D
71973	636	consensus	7	110M3D
79454	637	consensus	13	110M
4789	638	ACT	13	110M1D
9687	639	C	8	110M
2838	640	CTGAAT	8	1D110M
3232	641	AA	7	110M
62175	642	consensus	6	110M
3148	643	G	11	110M
1533	644	G	11	110M
5235	645	consensus	8	110M
60766	646	consensus	5	66M1D44M
72712	647	consensus	6	115M4D
5957	648	CA	16	110M
2143	649	T	31	110M
79455	650	consensus	8	110M
2250	651	consensus	6	110M1D
20327	652	consensus	10	110M5D
3252	653	TTC	7	110M
79456	654	consensus	12	110M
898	655	CTAAT	19	110M1D
637	656	consensus	34	110M
289	657	CGCC	21	110M
59392	658	consensus	10	13D110M
79457	659	consensus	12	110M
9950	660	C	9	110M1D
2406	661	GT	14	110M1D
980	662	consensus	6	110M
79458	663	consensus	7	110M
79459	664	consensus	9	110M
29916	665	consensus	9	110M
8753	666	G	11	110M
79460	667	consensus	17	3D110M
8988	668	consensus	10	73M2D37M
9571	669	A	5	110M
64076	670	consensus	8	110M
79461	671	consensus	6	110M
18336	672	consensus	4	110M7D
3116	673	CGA	10	110M
1426	674	G	9	110M8D
792	675	AA	12	110M
79462	676	C	4	110M
79462	676	T	6	110M
79463	677	consensus	4	110M
2256	678	consensus	18	110M
375	679	consensus	13	43M1D69M
28554	680	consensus	8	110M6D
84140	681	consensus	11	110M
9062	682	T	6	110M
5042	683	T	10	110M
1736	684	GGGGGTAGGCTACA	11	110M
5004	685	consensus	10	110M
2976	686	AG	4	55M1D55M1D
16433	687	consensus	12	14D110M4D
20343	688	CA	8	110M20D
7346	689	C	6	110M
2974	690	G	8	110M1D
3777	691	consensus	5	110M
68428	692	A	19	110M
2196	693	consensus	23	110M
13597	694	AA	21	6D110M19D
1397	695	consensus	7	111M
285	696	CG	24	110M1D
3591	697	CC	4	110M
47970	698	ATACGGC	27	110M
56658	699	AAAC	11	110M
300	700	consensus	14	110M
2811	701	GATTA	13	110M
40461	702	consensus	7	12D110M7D
1326	703	G	13	110M
4059	704	G	7	110M1D
196	705	AA	10	110M
196	705	GA	5	110M
79464	707	consensus	5	110M
4030	708	GAGTTCCCGCAG	12	44M1D6M1D61M1D
6231	709	consensus	13	110M
79465	710	consensus	13	110M
60	712	G	4	4D110M12D
4408	713	AAT	14	110M
79466	714	consensus	4	110M
2994	715	GT	20	110M
79467	716	consensus	6	110M
4294	717	consensus	12	20D110M
79468	718	consensus	4	110M
79469	719	consensus	13	110M
7820	720	consensus	5	1D110M8D
20050	721	C	6	110M
19194	722	CA	5	110M
2865	723	TCGA	13	110M
7700	724	TA	7	110M
79470	725	consensus	6	110M
1334	726	C	11	100M1D10M1D
5148	727	AC	4	110M
4555	728	T	4	110M
4180	729	G	4	110M1D
45843	730	consensus	8	110M
3984	731	CCCTTGTGN	7	110M5D
4226	732	consensus	6	110M
9913	733	GCTCCG	4	110M
79471	734	consensus	4	110M
79472	735	consensus	11	110M
5548	736	AT	5	110M
2942	737	C	16	110M
29657	738	consensus	12	11D118M7D
3826	739	consensus	21	1M13D109M
79473	740	consensus	5	110M
79474	741	consensus	4	1M10D109M
26831	743	consensus	5	110M5D
850	744	T	8	110M
1869	745	GT	5	110M1D
28854	746	C	7	16D110M
7678	747	consensus	5	2D110M9D
79475	748	consensus	7	110M
2231	749	consensus	20	110M
7508	750	C	4	60M8D50M4D
725	751	consensus	10	110M
7705	752	GATAG	13	110M
5233	753	CCT	4	2M12D108M6D
61166	754	consensus	10	1M4D109M
29499	755	consensus	15	6D110M
79476	756	consensus	11	110M
12841	757	CGG	6	2M7D108M14D
5446	758	T	5	110M
31870	759	consensus	5	110M9D
77714	760	consensus	6	110M
5027	762	TT	6	110M1D
9047	763	consensus	13	110M1D
1518	764	consensus	4	110M
2687	765	consensus	19	110M
530	766	consensus	7	1M1D109M20D
79477	767	C	3	110M
79477	767	T	7	110M
79478	768	consensus	8	110M
2539	769	AT	8	110M
48029	770	G	4	6D110M
29824	771	G	6	2D110M6D
79479	772	consensus	5	110M
14462	773	A	5	110M
1111	774	GAC	25	110M
14391	775	CA	9	110M
2079	776	consensus	8	110M
60641	777	consensus	9	8D110M
48083	778	consensus	15	110M
7501	779	consensus	9	1M12D109M1D
8799	780	G	4	110M
79480	781	consensus	13	110M
3589	782	consensus	7	110M
8023	783	GCCTGG	6	42M1D20M11D48M
7805	784	AGC	4	110M2D
4574	785	G	11	110M
19365	786	A	16	11D110M4D
79481	787	consensus	11	110M
4910	788	consensus	5	110M
4991	789	consensus	10	104M1D6M
6687	790	TA	24	6M25D104M
10569	791	T	7	110M
1971	792	consensus	12	111M14D
5044	793	consensus	11	110M
60200	794	consensus	27	110M3D
79482	795	consensus	12	110M
679	797	TAGTGGGAT	13	110M1D
4272	798	consensus	5	110M
3344	799	GCT	15	110M
79483	800	consensus	9	110M
79484	801	consensus	6	110M
79485	802	consensus	28	110M
23627	803	consensus	9	2D110M10D
1837	804	consensus	4	110M1D
15902	805	consensus	4	110M
79486	806	consensus	12	110M
442	807	consensus	18	110M2D
4840	808	consensus	15	110M
5502	809	G	5	110M
5016	810	consensus	5	3M18D107M
2026	811	consensus	14	110M
8441	812	consensus	11	110M
79487	813	consensus	4	110M
2104	814	consensus	8	110M
59553	815	consensus	7	110M4D
1719	816	A	10	110M
184	817	C	5	110M7D
26220	818	consensus	12	110M
7720	819	GTA	8	110M
59778	820	consensus	13	110M7D
58403	821	A	6	8D110M5D
19875	822	T	6	85M8D25M
3633	823	AG	4	110M
2532	824	CG	16	110M
79488	825	consensus	7	110M
14292	826	consensus	5	11D110M
79489	827	consensus	6	110M
79490	828	consensus	4	110M
2792	829	GCAGG	16	110M
2394	830	TA	13	36M2D76M
2265	831	consensus	13	54M1D56M1D
1575	832	AG	7	110M
1028	833	T	7	110M
79491	834	consensus	10	110M
1024	835	G	14	110M
4956	836	consensus	9	110M1D
497	837	consensus	12	110M
79492	838	consensus	4	110M
4915	839	GC	8	110M
79493	840	consensus	14	110M
6104	841	CGCAG	9	110M
3281	842	consensus	7	68M2D42M1D
529	843	consensus	8	110M
3781	844	T	11	4D110M6D
6107	845	CTT	6	110M
2707	846	consensus	12	110M
2049	847	GGGT	8	110M1D
6880	848	CA	21	110M
256	849	consensus	7	6D110M5D
55606	850	consensus	9	110M
1481	851	ACGGCGCCAG	10	110M
655	852	GC	19	110M
79494	853	consensus	6	110M
14994	854	consensus	6	110M
50195	855	consensus	7	110M6D
306	856	A	7	110M1D
3581	857	A	18	110M
4022	858	ATA	12	110M2D
3126	859	GGCGTA	9	110M
20343	860	TA	4	20D110M
76964	861	consensus	13	2M4D108M
63590	862	consensus	6	110M
30041	863	T	4	11D110M
8545	864	consensus	4	110M1D
9826	865	consensus	10	110M8D
2054	866	A	4	21D110M3D
4217	867	C	16	110M2D
4549	868	consensus	16	110M
79495	869	consensus	4	110M
1671	870	consensus	5	110M
2286	871	TC	4	110M
23362	872	consensus	9	110M3D
79496	873	consensus	8	110M
1119	874	consensus	16	87M1D23M
3974	875	consensus	12	110M
79497	876	consensus	5	110M
8217	877	T	6	110M12D
79498	878	consensus	4	110M
13562	879	consensus	4	5D110M
79499	880	consensus	19	121M
30162	881	consensus	12	110M15D
10186	882	CCCTC	3	110M
10186	882	TCCTC	6	110M
79500	883	consensus	5	110M
79501	884	consensus	4	110M
9309	885	consensus	6	2D110M6D
28963	886	consensus	4	5D110M10D
5628	887	C	5	110M
5496	888	T	8	110M
79502	889	consensus	12	110M
388	890	G	8	22M1D88M1D
64445	891	T	5	110M
79503	892	consensus	6	110M
2875	894	C	17	110M
1994	896	AACAC	13	110M
36483	897	consensus	4	110M9D
12132	898	consensus	5	110M
3336	899	CCA	16	110M1D
3336	899	CTA	16	110M1D
31918	900	G	15	1D110M
63225	901	A	5	110M
20874	902	consensus	6	13D110M
77669	903	consensus	7	9M1D101M
583	904	G	5	110M
4936	905	consensus	4	110M
79504	906	consensus	5	110M
79505	907	consensus	13	110M
40643	908	TG	4	110M
79506	909	consensus	6	110M
1906	910	C	7	110M1D
7715	911	consensus	16	110M
79507	912	consensus	5	110M
26333	913	consensus	14	17D110M
79508	914	consensus	5	110M
8362	915	T	9	2M5D108M
495	916	consensus	6	110M
77029	917	consensus	12	10D110M
1396	919	GATCAATAGCA	4	110M
4280	920	T	5	110M
77113	921	consensus	9	110M4D
8209	922	consensus	8	110M
37825	923	consensus	8	1M10D109M1D
3509	924	AACG	6	98M1D11M1D1M
818	925	GGCAAATGGACA	10	110M
73745	926	consensus	9	110M3D
47980	927	consensus	9	110M11D
5094	928	consensus	7	110M
35247	929	consensus	22	2D110M2D
77252	930	consensus	6	3M9D107M
7216	931	consensus	4	110M
13882	932	TCAG	12	110M
8394	933	consensus	16	5D110M17D
79509	934	consensus	5	110M
1049	935	G	11	110M
4747	936	consensus	6	110M11D
58736	937	consensus	4	1M9D109M
5052	938	consensus	6	110M
7685	939	consensus	12	110M
1135	940	consensus	4	110M
5096	941	G	13	110M1D
789	942	TC	9	110M
79510	943	consensus	15	110M
42284	944	consensus	6	3D110M7D
8378	945	TA	13	110M1D
3035	946	AT	7	110M
79511	947	consensus	13	110M
3918	948	consensus	14	102M3D8M
12	949	G	4	1M9D109M14D
536	950	consensus	9	110M8D
79512	951	consensus	19	110M
79513	952	consensus	9	110M
771	953	consensus	15	110M
11393	954	consensus	6	2M11D108M
79514	955	consensus	6	110M
1054	956	C	6	110M
7072	957	CCG	4	110M
79515	958	consensus	5	110M
79516	959	consensus	21	110M
17777	960	C	6	3M9D107M15D
79517	961	consensus	6	110M
8351	962	AAC	10	110M
64125	963	consensus	13	110M
7334	964	GTCGC	7	110M
21245	965	consensus	17	110M7D
6470	966	consensus	9	110M
79518	967	consensus	6	110M
15590	968	A	17	110M
79519	969	consensus	5	110M
4058	970	C	5	110M
79520	971	consensus	6	110M
1384	972	consensus	13	4D110M5D
723	973	consensus	5	110M
3550	974	A	8	110M1D
1279	975	CGCC	4	110M
79521	976	consensus	12	116M
32325	977	G	8	103M1D7M8D
1240	978	TC	4	110M
814	979	T	9	67M1D43M2D
106	980	TTTTTATACGTATGC	6	110M1D
1703	981	CCATATACG	7	60M2D50M
79522	982	consensus	9	6D110M
8584	983	consensus	10	17D110M
657	984	CCGCAGGGCT	7	110M4D
28389	985	consensus	4	10D110M
77231	986	G	9	110M
79523	987	consensus	6	110M
847	988	CCTACGA	6	110M
71228	989	consensus	8	110M
16925	990	consensus	10	1D110M7D
26673	991	consensus	5	7D110M3D
2395	992	A	13	110M
9809	993	AA	10	110M1D
2986	994	consensus	9	110M
4612	995	consensus	7	110M11D
2375	996	A	6	110M1D
79524	997	consensus	4	110M
4891	998	T	4	110M
79525	999	consensus	12	110M
10532	1000	A	6	100M1D10M
72707	1001	A	7	110M
31037	1002	consensus	7	3D110M7D
1689	1003	C	6	110M1D
744	1004	ACA	8	110M
14386	1005	consensus	9	1M9D109M2D
57492	1006	consensus	5	110M1D
79526	1009	consensus	4	110M
24989	1010	T	5	110M
10528	1011	consensus	8	11D110M8D
4316	1012	ATG	7	110M
20831	1013	consensus	44	111M
91	1014	C	11	110M
5459	1015	A	8	110M1D
847	1016	TATACGT	23	110M
39309	1017	consensus	10	111M
18790	1018	TA	11	69M7D41M5D
60779	1019	consensus	4	110M
1019	1020	consensus	11	110M
7335	1021	T	5	110M
66381	1022	TAAA	5	110M
45231	1023	TT	5	110M
66045	1024	consensus	7	110M
3751	1025	T	7	110M
4631	1026	consensus	5	110M1D
3740	1027	consensus	5	110M
23568	1028	consensus	8	110M12D
3835	1029	C	12	15D109M1D1M
8165	1030	consensus	6	110M
79527	1031	consensus	5	110M
4438	1032	consensus	9	110M
8853	1033	consensus	17	110M
79528	1034	consensus	23	110M
7940	1035	CG	15	3M1D107M
64057	1036	GCGC	11	110M
40241	1037	AA	10	111M
40241	1037	AG	4	111M
79529	1038	consensus	4	110M
9790	1039	G	21	3D110M
79530	1040	consensus	4	110M
2021	1041	consensus	16	110M
79531	1042	consensus	6	110M
79532	1043	consensus	10	110M
2199	1044	AGAC	14	110M
79533	1045	consensus	9	110M
61059	1046	consensus	6	2D116M
3449	1047	AAT	7	110M1D
4726	1048	A	14	110M
79534	1050	consensus	5	110M
4827	1068	A	9	110M
45547	1069	CGGA	4	37M10D73M
22709	1070	A	4	1M2D109M
22541	1071	consensus	6	110M
2674	1072	consensus	4	18D110M
79535	1073	consensus	5	110M
76852	1074	T	4	110M
79536	1075	consensus	4	110M
431	1076	consensus	14	13D111M14D
2319	1077	consensus	17	17D122M9D
79537	1078	consensus	11	110M
18828	1079	consensus	4	110M
79538	1080	consensus	4	110M
43688	1081	consensus	6	1M6D109M6D
20679	1082	C	4	3D110M20D
239	1083	C	6	110M
79539	1084	consensus	4	110M
2781	1085	C	17	110M
686	1086	CT	15	22D110M4D
577	1087	TGT	10	110M
7248	1088	CCAA	14	110M1D
7248	1088	CCGA	14	110M1D
79540	1089	consensus	4	110M
8027	1090	consensus	4	96M1D14M2D
1608	1091	consensus	7	110M
79541	1092	consensus	11	110M
30504	1093	AA	4	110M
30504	1093	AG	6	110M
4804	1094	consensus	5	110M
3361	1095	consensus	5	1M13D109M6D
3130	1096	TA	4	101M2D9M
77010	1097	consensus	5	110M5D
8871	1098	G	8	110M
29132	1099	consensus	9	110M10D
79542	1100	consensus	5	110M
13436	1101	consensus	6	110M1D
79543	1102	consensus	4	110M
1023	1103	CT	13	110M1D
79544	1104	consensus	9	112M
4069	1105	C	7	110M
4109	1106	ATCC	5	110M1D
966	1107	consensus	4	110M
79545	1108	consensus	7	110M
1025	1109	CTA	7	110M
68929	1110	consensus	4	110M2D
71507	1111	consensus	7	110M
3536	1112	consensus	4	110M
79546	1113	consensus	8	110M
1466	1116	GG	6	110M4D
79547	1117	consensus	7	110M
2202	1118	consensus	6	110M
2805	1119	T	6	110M10D
188	1120	AC	20	110M1D
188	1120	AT	20	110M1D
79548	1121	consensus	5	110M
4831	1122	A	7	110M1D
479	1123	AAGA	16	65M1D45M1D
479	1123	TATA	16	65M1D45M1D
9135	1124	AA	5	110M1D
56548	1125	consensus	5	110M
55986	1126	consensus	8	84M1D26M
79549	1127	consensus	5	110M
627	1128	A	7	110M15D
2615	1129	consensus	9	110M1D
79550	1130	consensus	8	110M
36517	1131	consensus	5	110M3D
1105	1132	A	4	110M
7289	1133	G	5	110M
79551	1135	consensus	7	110M
60658	1136	consensus	4	1D110M
79552	1137	consensus	4	110M
79553	1138	consensus	7	110M
469	1139	consensus	7	2M12D122M8D
79554	1140	consensus	4	110M
3689	1141	C	7	110M
7326	1142	A	8	110M
79555	1143	consensus	4	110M
52471	1144	consensus	7	110M3D
79556	1145	A	6	110M
79556	1145	C	8	110M
3439	1146	G	8	110M
3375	1147	T	27	110M
2952	1148	G	9	110M1D
12	1149	G	14	1M8D109M15D
7802	1150	consensus	7	15M1D95M
1763	1151	G	4	110M
1220	1152	consensus	8	110M
9189	1153	consensus	10	5D110M10D
3159	1154	consensus	9	110M
51439	1155	consensus	4	1M9D109M3D
3898	1156	GCTCC	10	12M1D98M
46294	1157	consensus	10	2M8D108M4D
27153	1158	G	7	1M5D109M7D
4134	1159	AC	8	110M
4134	1159	AT	9	110M
79557	1160	consensus	6	110M
79558	1162	consensus	10	110M
79559	1163	consensus	5	110M
7441	1164	consensus	5	110M
1270	1165	consensus	12	1D122M
4440	1166	A	4	110M1D
4440	1166	T	5	110M1D
3686	1167	AG	12	110M
79560	1168	C	4	110M
79560	1168	T	5	110M
23015	1169	consensus	17	3D110M8D
2254	1170	TAA	9	110M
2254	1170	TGA	4	110M
5427	1171	consensus	13	110M
853	1172	AT	6	110M
2272	1173	TCT	18	63M1D47M
79561	1174	consensus	9	110M
79562	1175	consensus	10	110M
766	1177	consensus	7	110M
2322	1178	G	8	110M1D
29605	1179	C	5	110M11D
658	1180	T	7	110M1D
79563	1181	consensus	13	110M
708	1182	consensus	5	12D110M6D
20365	1183	ATTTG	4	5M2D14M4D91M4D
78417	1185	GGG	6	110M
1670	1186	consensus	4	110M
14213	1187	A	8	110M
7880	1188	consensus	5	110M
4227	1189	TGTACCAA	9	110M
1212	1190	GCA	5	4M1D106M
2667	1191	T	5	110M1D
20903	1192	T	5	11D110M
79564	1193	consensus	5	110M
79565	1194	consensus	5	110M
16070	1195	consensus	9	1M10D109M5D
20635	1196	consensus	8	19D110M
3172	1197	consensus	5	69M1D41M
15813	1198	G	6	110M
191	1199	consensus	8	5D109M10D1M
14464	1200	AN	12	2D110M14D
14464	1200	GC	12	2D110M14D
79566	1201	consensus	9	110M
2329	1202	consensus	12	110M4D
2327	1203	consensus	20	105M1D5M
79567	1204	ACCG	4	110M5D
79568	1205	consensus	7	110M
5894	1206	GG	30	110M1D
5894	1206	TG	30	110M1D
4011	1207	consensus	7	110M
66937	1208	CCCGC	15	110M
13995	1209	A	12	4D110M18D
9057	1210	AT	10	110M
79569	1211	consensus	12	110M
9240	1212	consensus	9	3D109M9D1M
9298	1213	T	5	110M
5255	1214	AC	4	110M
79570	1215	consensus	5	110M
3321	1216	T	6	110M
2705	1217	CAGT	9	1M18D121M4D
4975	1218	G	18	110M
14543	1219	C	11	110M
3518	1220	consensus	4	110M
79571	1221	consensus	8	110M
7429	1222	consensus	7	18D110M
79572	1223	consensus	6	110M
79573	1224	consensus	4	110M
23012	1225	TAA	6	110M
3174	1226	GGAG	14	110M1D
4289	1227	TTAGCA	12	110M3D
615	1228	TTCGGACGG	13	100M1D10M1D
2628	1229	consensus	23	110M
79574	1230	consensus	7	110M
10430	1231	T	6	110M
7174	1232	C	5	110M
44295	1233	consensus	11	2M6D108M
28070	1234	A	5	110M
1443	1235	CG	13	110M
6556	1236	consensus	16	110M
79575	1237	consensus	4	110M
79576	1239	consensus	19	110M
3526	1240	TCGA	4	110M
250	1241	consensus	8	110M
57387	1242	CA	22	110M
72862	1243	CCTCGT	23	110M
10461	1244	consensus	6	19D110M
3535	1245	consensus	23	110M
79577	1246	consensus	5	110M
2870	1247	consensus	11	110M
79578	1248	consensus	8	110M
14451	1249	consensus	4	5D110M7D
3132	1250	C	13	110M1D
79579	1251	consensus	8	110M
9691	1252	GC	8	110M15D
79580	1254	consensus	14	110M
35258	1255	CNNNNNNNNNNNNNGGCTA	15	17D110M
79581	1256	consensus	5	110M
6573	1257	A	13	110M1D
79582	1258	consensus	7	110M
79583	1259	consensus	13	110M
3419	1260	consensus	13	110M
16910	1261	G	16	110M18D
5504	1262	A	9	110M1D
4609	1263	consensus	21	110M
1818	1264	A	16	110M
20178	1266	consensus	16	2M4D108M11D
9600	1267	G	10	110M
2497	1268	TAA	7	110M1D
3258	1269	TAA	25	110M1D
10515	1270	T	6	110M
865	1271	CGC	13	102M2D8M3D
3533	1272	consensus	4	110M1D
407	1273	A	8	110M
30133	1274	consensus	10	8D110M17D
1180	1275	GT	7	110M
57467	1276	consensus	6	2M3D108M
79584	1277	consensus	4	110M
4157	1278	consensus	9	110M
149	1279	TTGG	13	110M
79585	1280	consensus	4	110M
79586	1281	consensus	4	110M
79587	1282	consensus	19	110M
622	1283	consensus	6	110M
566	1284	AAG	16	110M
2347	1285	A	5	110M
7797	1286	consensus	11	5D110M8D
31976	1287	C	7	5D110M17D
79588	1288	consensus	10	110M
79589	1289	consensus	5	110M
2534	1290	AC	5	21M1D89M
943	1291	CA	17	110M1D
943	1291	CG	17	110M1D
34879	1293	consensus	16	110M10D
6568	1294	consensus	18	110M
815	1295	GAT	11	110M
592	1296	G	14	110M1D
298	1297	TCA	4	17M1D93M
3915	1298	consensus	37	110M1D
64432	1299	consensus	7	110M
507	1300	consensus	7	1M3D116M9D
3267	1301	G	15	110M
2529	1302	consensus	10	110M
79590	1303	consensus	4	110M
28238	1304	consensus	4	110M
79591	1305	consensus	10	110M
8328	1306	TC	12	45M19D71M1D
5428	1307	consensus	6	110M1D
79592	1308	consensus	12	110M
270	1309	CAA	8	110M
9071	1310	consensus	9	110M13D
79593	1311	consensus	17	110M
3698	1312	T	9	110M
825	1314	TA	7	110M
259	1315	AATAT	10	104M2D6M
2938	1316	GTC	8	110M
5381	1317	AA	10	110M
56264	1318	consensus	6	110M1D
2574	1319	GT	5	86M1D24M
79594	1320	consensus	4	110M
5029	1321	A	4	110M
50968	1322	GC	11	110M
4240	1323	CTGGCATA	12	110M
1204	1324	consensus	13	110M
64635	1325	A	11	110M
79595	1326	consensus	7	110M
79596	1327	consensus	10	110M
79597	1328	consensus	6	110M
5696	1329	GG	17	110M1D
30663	1330	consensus	6	7D110M
79598	1331	consensus	7	110M
23269	1332	consensus	7	6D110M
9548	1333	TTTTG	4	110M
1543	1334	consensus	12	110M
1542	1335	CCA	16	110M
30055	1336	consensus	13	4D110M8D
64	1337	C	7	110M
42127	1338	G	5	3M12D107M
68789	1339	consensus	14	110M
1005	1340	consensus	37	110M
6385	1341	A	6	110M
2106	1342	TG	4	110M1D
3747	1343	consensus	6	110M
752	1344	AT	13	110M
62695	1345	consensus	30	110M
2823	1346	AT	5	110M1D
5958	1347	consensus	6	110M1D
28488	1348	G	8	110M10D
79599	1349	consensus	9	110M
4150	1350	consensus	19	110M
11778	1351	consensus	5	110M18D
13366	1352	CTAN	7	110M15D
8195	1353	AT	5	110M
79600	1354	consensus	16	110M
3111	1355	GT	5	110M
3943	1356	T	7	110M
79601	1357	consensus	16	110M
79602	1358	G	5	110M
79602	1358	T	3	110M
1203	1359	AAAC	5	110M
3342	1360	A	8	110M
730	1361	TTATC	5	8M1D102M3D
2828	1362	A	8	110M
7625	1363	A	11	110M1D
58398	1364	consensus	5	48M1D62M
5232	1365	consensus	7	110M
715	1366	consensus	9	1M15D112M5D
6030	1367	A	5	6D110M12D
447	1368	CG	7	110M1D
3664	1369	CCTG	6	110M
79603	1370	consensus	13	110M
62626	1371	consensus	14	110M4D
478	1372	G	8	110M
79604	1373	consensus	11	110M
1158	1374	CT	6	110M
79605	1375	consensus	7	110M
44862	1376	CTCCTC	8	6M1D104M
9641	1377	C	12	110M2D
1451	1378	consensus	4	110M
61833	1379	consensus	7	110M15D
1341	1380	T	5	6D113M
79606	1381	consensus	6	110M
2082	1382	A	6	110M
79607	1383	consensus	7	110M
79608	1384	consensus	7	110M
1224	1385	consensus	15	14D110M6D
# sstacks completed on 2026-03-06 12:15:12
