# sstacks version 2.68; generated on 2026-03-06 12:15:13
85062	1	consensus	11	117M
7384	2	G	16	120M
85063	3	A	10	110M
85063	3	G	9	110M
846	4	TC	20	122M17D
85064	5	consensus	10	119M
85065	6	consensus	18	121M
85066	7	consensus	8	110M
85067	8	consensus	16	110M
85068	9	consensus	10	110M
85069	10	CT	6	110M
85070	11	consensus	5	110M
85071	12	consensus	6	110M
85072	13	AGTT	8	110M
85073	14	consensus	5	110M
85074	15	consensus	4	110M
2919	16	TCC	6	99M3D11M
85075	17	consensus	12	110M
85076	18	consensus	9	110M
16	19	A	10	10D110M4D
85077	20	consensus	6	110M
40885	21	ACC	4	110M
85078	22	consensus	5	110M
85079	23	consensus	5	110M
85080	24	consensus	9	110M
85081	25	consensus	6	110M
85082	26	consensus	5	110M
85083	27	consensus	5	110M
85084	28	consensus	14	110M
85085	29	consensus	10	110M
41605	30	GGCT	9	110M
85086	31	consensus	6	110M
85087	32	consensus	12	110M
85088	33	consensus	4	110M
85089	34	consensus	11	110M
85090	35	consensus	7	110M
4163	36	T	6	110M1D
85091	37	consensus	16	110M
85092	38	T	5	110M
85093	39	consensus	5	110M
85094	40	consensus	6	113M
85095	41	consensus	4	110M
85096	42	consensus	4	110M
230	43	G	5	110M
85097	44	consensus	14	110M
335	45	T	19	110M1D
10566	46	GAA	9	2D110M5D
85098	47	consensus	5	110M
3764	48	consensus	6	3D121M2D
85099	49	consensus	5	110M
85100	50	consensus	5	110M
7579	51	T	5	1D110M11D
85101	52	consensus	6	110M
85102	53	consensus	7	110M
85103	54	consensus	6	110M
85104	55	consensus	9	110M
85105	56	consensus	5	110M
85106	57	consensus	9	110M
56264	58	consensus	5	110M1D
36615	59	AC	9	110M
85107	60	A	6	110M
85107	60	G	3	110M
6664	61	CCG	5	110M
85108	62	consensus	4	110M
85109	63	consensus	4	110M
2062	64	consensus	19	110M14D
85110	65	consensus	31	110M
85111	66	consensus	14	110M
85112	67	consensus	13	110M
85113	68	consensus	5	110M
85114	69	consensus	6	110M
85115	70	consensus	4	110M
679	71	GCACGGAGT	8	110M1D
85116	72	consensus	7	110M
85117	73	consensus	7	110M
85118	74	consensus	11	110M
85119	75	consensus	6	110M
7039	76	GT	5	110M
85120	77	consensus	5	110M
85121	78	consensus	10	110M
85122	79	consensus	7	110M
85123	80	consensus	19	110M
1983	81	A	8	6M1D104M
85124	82	consensus	15	110M
24731	83	C	20	104M2D6M1D
1108	84	consensus	7	110M
85125	85	consensus	9	110M
85126	86	consensus	8	110M
85127	87	consensus	10	110M
85128	88	consensus	11	110M
85129	89	consensus	6	110M
85130	90	consensus	4	110M
82323	91	C	3	110M
82323	91	T	8	110M
85131	92	consensus	7	110M
85132	93	consensus	22	110M
6042	94	CGA	9	110M
85133	95	consensus	4	110M
2279	96	consensus	6	110M
85134	97	consensus	8	110M
85135	98	consensus	6	110M
85136	99	A	4	110M
85136	99	G	5	110M
85137	100	consensus	4	110M
85138	101	consensus	27	110M
1178	102	consensus	14	8D110M11D
85139	103	consensus	13	110M
85140	104	consensus	8	110M
85141	105	consensus	7	110M
85142	106	consensus	17	110M
85143	107	A	3	110M
85143	107	C	5	110M
58403	108	A	8	110M13D
58403	108	G	3	110M13D
85144	109	consensus	6	110M
85145	110	consensus	7	110M
2149	111	consensus	6	110M
85146	112	consensus	9	110M
2664	113	GCGC	7	110M
85147	114	consensus	8	110M
85148	115	consensus	9	110M
68157	116	TC	15	110M
85149	117	consensus	4	110M
388	118	G	7	22M1D88M1D
5824	119	TGAA	12	110M
85150	120	consensus	22	110M
85151	121	consensus	6	110M
33257	122	CCATGTT	4	110M
85152	123	consensus	11	110M
65724	124	consensus	10	110M
85153	125	consensus	4	110M
85154	126	consensus	10	110M
85155	127	consensus	4	110M
314	128	consensus	8	110M
49181	129	GCCC	13	110M
85156	130	consensus	17	110M
85157	131	consensus	4	110M
85158	132	consensus	10	110M
85159	133	consensus	19	110M
85160	134	consensus	8	110M
1881	135	ATACGGTAC	9	103M2D7M3D
85161	136	consensus	8	110M
85162	137	consensus	4	110M
85163	138	consensus	4	110M
85164	139	consensus	5	110M
85165	140	consensus	13	110M
85166	141	consensus	6	110M
85167	142	consensus	9	111M
85168	143	consensus	13	110M1D
85169	144	consensus	11	110M
85170	145	consensus	4	110M
85171	146	consensus	6	110M
85172	147	consensus	4	110M
655	148	GC	8	110M
85173	149	consensus	5	110M
85174	150	consensus	4	110M
48655	151	GG	10	110M
85175	152	consensus	7	110M
6616	153	C	14	110M
85176	154	TAC	10	108M5D2M
85177	155	consensus	6	110M
85178	156	consensus	6	110M
85179	157	consensus	8	110M
85180	158	consensus	5	110M
85181	159	consensus	8	110M
85182	160	consensus	6	110M
1305	161	T	6	110M
85183	162	consensus	14	110M
28920	163	consensus	5	3M18D107M
70356	164	TCT	8	110M
1003	165	GCT	4	110M
1003	165	TCT	6	110M
85184	166	consensus	5	110M
85185	167	consensus	10	110M
50890	168	TCCA	18	110M1D
85186	169	consensus	10	110M
6096	170	consensus	6	110M
85187	171	consensus	4	110M
85188	172	consensus	14	110M
85189	173	consensus	4	110M
85190	174	consensus	26	110M
85191	175	consensus	5	110M
85192	176	consensus	5	110M
85193	177	consensus	12	110M
85194	178	consensus	8	110M
85195	179	consensus	7	110M
85196	180	consensus	4	110M
85197	181	consensus	4	110M
85198	182	consensus	6	110M
5133	183	consensus	13	110M1D
85199	184	consensus	8	110M
85200	185	consensus	7	110M
85201	186	consensus	18	110M
85202	187	consensus	5	110M
85203	188	consensus	15	110M
85204	189	consensus	13	110M
85205	190	consensus	7	110M
85206	191	consensus	14	110M
85207	192	consensus	9	110M
85208	193	consensus	4	110M
85209	194	consensus	9	110M
85210	195	consensus	4	110M
85211	196	consensus	8	110M
5833	197	TGTCA	4	110M
85212	198	consensus	18	110M
85213	199	consensus	4	110M
8842	200	consensus	24	16D109M4D1M
85214	201	consensus	11	110M
85215	202	consensus	8	110M
85216	203	consensus	8	110M
85217	204	consensus	8	110M
34216	205	consensus	5	10D110M
85218	206	consensus	12	110M
85219	207	consensus	8	110M
85220	208	consensus	5	110M
85221	209	consensus	5	110M
3981	210	consensus	6	110M
85222	211	consensus	7	110M
85223	212	consensus	4	110M
4280	213	T	10	110M
6422	214	consensus	9	110M
85224	215	consensus	4	110M
37874	216	TAC	9	9D110M6D
85225	217	consensus	11	110M
85226	218	consensus	5	110M
85227	219	consensus	12	110M
48782	220	GAG	8	110M
85228	221	consensus	11	110M
85229	222	consensus	24	110M
85230	223	consensus	7	110M
85231	224	consensus	9	110M
85232	225	consensus	5	110M
85233	226	consensus	5	110M
85234	227	consensus	7	110M
85235	228	consensus	4	110M
85236	229	consensus	15	110M
85237	230	consensus	9	110M
85238	231	consensus	9	110M
85239	232	consensus	4	110M
85240	233	consensus	4	110M
85241	234	consensus	28	110M
85242	235	consensus	8	110M
1261	236	TT	5	8D110M16D
85243	237	consensus	6	110M
85244	238	consensus	7	110M
85245	239	consensus	13	110M
85246	240	consensus	14	110M
85247	241	consensus	10	110M
85248	242	consensus	4	110M
85249	243	consensus	4	110M
85250	244	consensus	7	110M
47495	245	CC	12	62M1D48M
15087	246	C	4	110M
85251	247	consensus	4	110M
361	248	CTC	6	110M2D
85252	249	consensus	4	110M
85253	250	consensus	6	110M
6595	251	TA	6	110M
85254	252	consensus	14	110M
1812	253	G	8	110M
85255	254	consensus	5	110M
11834	255	GCC	7	110M
85256	256	consensus	8	110M
85257	257	consensus	11	110M
85258	258	consensus	4	110M
85259	259	consensus	9	110M
85260	260	consensus	15	110M
5775	261	T	7	110M
85261	262	consensus	12	110M
85262	263	consensus	21	110M
85263	264	consensus	12	110M
85264	265	consensus	5	110M
85265	266	consensus	23	110M
24207	267	CA	12	104M8D6M
85266	268	A	5	110M
85266	268	G	6	110M
85267	269	consensus	4	110M
85268	270	consensus	4	110M
85269	271	consensus	23	110M
85270	272	consensus	14	110M
85271	273	consensus	13	110M
85272	274	consensus	4	110M
85273	275	consensus	8	110M
85274	276	consensus	5	110M
85275	277	consensus	24	110M
85276	278	consensus	4	110M
85277	279	consensus	8	110M
85278	280	consensus	16	110M
85279	281	consensus	5	110M
85280	282	consensus	15	110M
69839	283	consensus	5	110M6D
85281	284	consensus	5	110M
85282	285	consensus	5	110M
85283	286	consensus	8	110M
85284	287	consensus	14	110M
85285	288	consensus	8	110M
85286	289	consensus	11	110M
85287	291	consensus	8	110M
85288	292	consensus	4	110M
6989	293	TTC	13	110M
85289	294	consensus	13	110M
85290	295	consensus	7	110M
932	296	A	17	110M3D
85291	297	consensus	6	110M
85292	298	consensus	5	110M
85293	299	consensus	4	110M
85294	300	consensus	4	110M
3494	301	C	24	110M
85295	302	consensus	20	110M
85296	303	consensus	10	110M
85297	304	consensus	12	110M
85298	305	consensus	6	110M
85299	306	consensus	6	110M
85300	307	consensus	6	110M
85301	308	consensus	7	110M
85302	309	consensus	10	110M
58497	310	consensus	10	6D110M
85303	311	consensus	6	110M
85304	312	A	3	110M
85304	312	G	8	110M
85305	313	consensus	9	110M
85306	314	consensus	7	110M
85307	315	consensus	5	110M
6148	316	consensus	5	11D110M1D
85308	317	consensus	21	110M
85309	318	consensus	5	110M
85310	319	consensus	4	110M
85311	320	consensus	13	110M
20577	321	consensus	8	110M
85312	322	consensus	8	110M
85313	323	consensus	19	110M
85314	324	consensus	16	110M
85315	325	consensus	8	110M
85316	326	consensus	7	111M
85317	327	consensus	9	110M
85318	328	consensus	5	110M
85319	329	consensus	22	110M
85320	330	consensus	9	110M
40006	331	T	5	110M
85321	332	consensus	5	110M
85322	333	consensus	14	110M
85323	334	consensus	4	110M
121	335	TAC	8	110M
64715	336	T	4	110M
85324	337	consensus	21	110M
85325	338	consensus	5	110M
85326	339	consensus	9	113M
85327	340	consensus	20	110M
85328	341	consensus	4	110M
27445	342	consensus	4	1D110M15D
5719	343	ATGAC	9	110M
85329	344	consensus	7	110M
70098	345	A	12	110M
85330	346	consensus	5	110M
85331	347	consensus	6	110M
85332	348	consensus	13	110M
85333	349	consensus	6	110M
3428	350	consensus	18	2M14D108M4D
85334	351	consensus	5	110M
23504	352	consensus	10	1M14D109M7D
85335	353	consensus	19	110M
85336	354	consensus	10	110M
5027	355	TC	6	110M1D
85337	356	consensus	12	110M
85338	357	consensus	7	110M
85339	358	consensus	6	110M
85340	359	consensus	8	110M
9905	360	A	12	110M
85341	361	consensus	12	110M
146	362	CGCGA	6	110M
9245	363	A	10	110M
85342	364	consensus	10	110M
85343	365	consensus	4	110M
85344	366	consensus	9	110M
85345	367	consensus	7	110M
85346	368	consensus	7	110M
85347	369	consensus	21	110M
85348	370	consensus	12	110M
85349	371	consensus	4	110M
22721	372	consensus	11	1M5D109M
85350	373	consensus	17	110M
85351	374	consensus	11	110M
85352	375	consensus	4	110M
85353	376	consensus	6	110M
2905	377	AA	5	110M
2705	378	CAGC	12	1M4D121M18D
85354	379	consensus	4	110M
7944	380	consensus	15	110M
82484	381	AT	12	110M
85355	382	consensus	16	110M
85356	383	consensus	5	110M
85357	384	consensus	7	110M
85358	385	consensus	26	110M
85359	386	consensus	8	110M
85360	387	consensus	9	110M
16947	388	consensus	5	12D110M5D
85361	389	consensus	4	110M
85362	390	consensus	7	110M
85363	391	consensus	8	110M
85364	392	consensus	21	110M
85365	393	consensus	9	110M
85366	394	consensus	4	110M
85367	395	consensus	4	110M
85368	396	consensus	6	110M
85369	397	consensus	16	110M
49181	398	GTTT	7	110M
85370	399	consensus	4	110M
4105	400	A	4	110M
85371	401	consensus	17	110M
85372	402	consensus	7	110M
8023	403	GCCTGG	13	42M1D20M11D48M
3589	404	consensus	8	110M
3603	405	TCG	6	110M1D
1127	406	ACAC	6	110M
85373	407	GT	12	110M
85374	408	consensus	5	110M
489	409	C	6	110M
62324	410	consensus	4	110M
37858	411	consensus	4	110M12D
85375	412	consensus	11	110M
85376	413	consensus	9	110M
4566	414	consensus	12	110M
85377	415	G	19	110M
85378	416	consensus	11	110M
85379	417	consensus	7	110M
85380	418	consensus	5	110M
85381	419	consensus	8	110M
85382	420	CT	10	110M1D
85383	421	consensus	20	110M
85384	422	consensus	7	110M
85385	423	consensus	11	110M
85386	424	consensus	7	110M
85387	425	consensus	6	110M
85388	426	consensus	7	110M
85389	427	consensus	8	110M
85390	428	consensus	4	110M
85391	429	consensus	4	110M
85392	430	consensus	8	110M
85393	432	consensus	7	110M
6114	433	C	13	110M
85394	434	consensus	10	110M
85395	435	consensus	10	110M
85396	436	consensus	9	110M
32292	437	GG	25	110M
3525	438	A	12	110M
85397	439	consensus	19	110M
85398	441	consensus	22	110M2D
85399	442	consensus	6	110M
85400	443	consensus	9	110M
85401	444	consensus	6	110M
85402	445	consensus	5	110M
85403	446	consensus	10	110M
85404	447	consensus	6	110M
85405	448	consensus	5	110M
85406	449	consensus	6	110M
2049	450	GGGT	4	110M1D
61309	451	G	5	110M11D
85407	452	consensus	5	110M
85408	453	consensus	6	110M11D
85409	454	consensus	6	110M
85410	455	consensus	13	110M
85411	456	consensus	14	110M
85412	457	consensus	11	110M
85413	472	consensus	6	110M
85414	473	GA	7	111M
85415	474	consensus	6	110M
7205	475	AT	6	110M
85416	476	consensus	8	110M
85417	477	consensus	11	110M
82799	478	AGTA	4	110M
85418	479	consensus	8	110M
85419	480	consensus	5	110M
78709	481	consensus	8	110M
85420	482	C	5	110M
85420	482	T	4	110M
85421	483	consensus	6	110M
85422	484	consensus	7	110M
12841	485	CGG	12	2M7D108M14D
85423	486	consensus	5	110M
85424	487	C	7	110M
85424	487	T	4	110M
82805	488	consensus	6	110M
85425	489	consensus	6	110M
85426	490	consensus	4	110M
85427	491	consensus	5	110M
85428	492	consensus	5	110M
85429	493	consensus	13	110M
85430	494	consensus	11	110M
85431	495	consensus	5	110M
85432	496	consensus	10	110M
85433	497	consensus	4	110M
85434	498	consensus	5	110M
85435	499	consensus	6	110M
85436	500	consensus	9	110M
85437	501	consensus	4	110M
85438	502	consensus	6	110M
64635	503	G	7	110M
85439	504	A	7	110M
85440	505	consensus	4	110M
85441	506	consensus	5	110M
85442	507	consensus	7	110M
85443	508	consensus	5	110M
85444	509	consensus	5	110M
21018	510	consensus	4	110M
85445	511	consensus	8	110M
85446	512	consensus	4	110M
85447	513	consensus	11	110M
85448	514	consensus	14	110M
85449	515	consensus	6	110M
85450	516	consensus	11	110M
85451	517	consensus	4	110M
85452	518	consensus	5	110M
85453	519	consensus	20	110M
85454	520	consensus	8	110M
85455	521	consensus	4	110M
85456	522	consensus	8	110M
68597	523	A	6	110M
85457	524	consensus	5	110M
85458	525	consensus	4	110M
85459	526	consensus	4	110M
85460	527	consensus	5	110M
85461	528	consensus	10	110M
85462	529	consensus	7	110M
85463	530	consensus	4	110M
2160	531	consensus	7	110M
85464	532	consensus	4	110M
85465	533	consensus	6	110M
85466	534	consensus	6	110M
85467	535	consensus	6	110M
85468	536	consensus	5	110M
85469	537	consensus	6	110M
6674	538	C	10	110M
85470	539	consensus	8	110M
6607	540	CA	6	110M
85471	541	consensus	10	110M
82515	542	AC	5	110M
85472	543	consensus	5	110M
10336	544	TAGTCGCGGC	4	2M1D7M1D101M1D
85473	545	consensus	5	110M
82311	546	consensus	9	110M
51568	547	consensus	4	110M
85474	548	consensus	5	110M
85475	549	consensus	4	110M
85476	550	consensus	5	110M
85477	551	consensus	9	110M
85478	552	consensus	11	110M
85479	553	consensus	10	110M
85480	554	consensus	6	110M
48588	555	consensus	5	110M
6807	556	consensus	11	110M
85481	557	consensus	4	110M
85482	558	consensus	5	110M
6613	559	C	5	110M
85483	560	consensus	5	110M
85484	561	consensus	4	110M
85485	562	consensus	11	110M
85486	563	consensus	5	110M
85487	564	consensus	5	110M
85488	565	consensus	5	110M
85489	566	consensus	7	110M
935	567	A	5	110M
85490	568	consensus	5	110M
85491	569	consensus	7	110M
4071	570	TATTGG	4	108M1D2M2D
2814	571	GTT	19	110M1D
85492	572	consensus	6	110M
85493	573	consensus	6	110M
85494	574	consensus	6	110M
85495	575	consensus	5	110M
85496	576	consensus	8	110M
85497	577	consensus	4	110M
85498	578	consensus	4	110M
85499	579	consensus	4	110M
85500	580	consensus	28	110M
85501	581	consensus	8	110M
85502	582	consensus	7	110M
85503	583	consensus	7	110M
85504	584	consensus	5	110M
85505	585	consensus	8	110M
85506	586	consensus	5	110M
8001	587	CT	4	105M3D5M
85507	588	consensus	12	110M
85508	589	consensus	7	110M
85509	590	consensus	4	110M
85510	591	consensus	7	110M
85511	592	consensus	7	110M
85512	593	consensus	7	110M
85513	594	consensus	6	110M
85514	595	consensus	5	110M
85515	596	consensus	9	110M
85516	597	consensus	6	110M
40660	598	consensus	6	110M
85517	599	consensus	6	110M
85518	600	consensus	7	110M
45517	601	consensus	8	110M12D
85519	602	consensus	6	110M
85520	603	consensus	4	110M
1427	604	CG	5	110M
85521	605	consensus	7	110M
85522	606	consensus	7	110M
85523	607	consensus	5	110M
85524	608	consensus	10	110M
85525	609	consensus	12	110M
6969	610	AT	5	110M
85526	611	consensus	4	110M
1148	612	consensus	4	110M1D
85527	613	consensus	8	110M
85528	614	GGA	14	111M
85529	615	consensus	6	110M
85530	616	consensus	4	110M
85531	617	consensus	6	110M
85532	618	consensus	6	110M
85533	619	consensus	4	110M
85534	620	consensus	4	110M
85535	621	consensus	8	110M
85536	622	consensus	7	110M
85537	623	consensus	6	110M
85538	624	consensus	6	110M
85539	625	consensus	10	110M
85540	626	consensus	7	110M
85541	627	consensus	5	110M
85542	628	consensus	6	110M
85543	629	consensus	4	110M
85544	630	consensus	4	110M
85545	631	consensus	11	110M
85546	632	consensus	8	110M
85547	633	consensus	11	110M
85548	634	consensus	5	110M
85549	635	consensus	10	110M
6405	636	TAC	7	110M
85550	637	consensus	5	110M
85551	638	consensus	6	110M
85552	639	consensus	5	110M
6467	640	CGCCAT	8	110M
85553	641	consensus	6	110M
85554	642	consensus	8	110M
85555	643	consensus	5	110M
85556	644	consensus	8	110M
85557	645	consensus	8	110M
85558	647	consensus	7	110M
818	648	GGCAAATGGACA	6	110M
65459	649	C	18	110M
65459	649	T	6	110M
85559	650	consensus	5	110M
61533	651	consensus	5	110M
85560	652	consensus	9	110M
68003	653	consensus	4	110M
331	654	consensus	9	110M18D
85561	655	consensus	7	110M
85562	656	consensus	6	110M
27399	657	AC	11	110M
27399	657	GT	15	110M
85563	658	consensus	6	110M
68630	659	consensus	11	110M1D
85564	660	consensus	6	110M
85565	661	consensus	14	110M
85566	662	consensus	12	110M
85567	663	consensus	4	110M
85568	664	consensus	6	110M
85569	665	consensus	6	110M
85570	666	consensus	13	110M
85571	667	consensus	4	110M
85572	668	consensus	6	110M
85573	669	consensus	6	110M
85574	670	consensus	5	110M
85575	671	consensus	7	110M
85576	672	consensus	10	110M
85577	673	consensus	4	110M
85578	674	consensus	5	110M
85579	675	consensus	9	110M
85580	676	consensus	6	110M
25804	677	consensus	5	110M4D
85581	678	consensus	4	110M
85582	679	consensus	4	110M
85583	680	consensus	20	110M
85584	681	consensus	16	110M
85585	682	consensus	8	110M
85586	683	consensus	10	110M
85587	684	consensus	5	110M
4795	685	AG	8	1M15D109M
15	686	AT	8	7D122M6D
85588	687	consensus	10	110M
85589	688	consensus	6	110M
85590	689	consensus	8	110M
85591	690	consensus	9	110M
16548	691	GGTG	4	9M1D101M
85592	692	consensus	6	110M
85593	693	consensus	5	110M
85594	694	consensus	10	110M
42606	695	consensus	9	110M
85595	696	consensus	6	110M
85596	697	consensus	6	110M
85597	698	consensus	5	110M
85598	699	consensus	9	110M
818	700	TCTGATTAGGTG	4	110M
85599	701	consensus	14	110M
85600	703	consensus	12	110M
9132	705	A	6	110M12D
85601	706	consensus	22	110M
85602	707	consensus	4	110M
85603	708	consensus	9	110M
45673	709	consensus	4	5D110M
33249	710	consensus	4	110M8D
64611	711	consensus	7	5D110M
85604	712	consensus	8	110M
85605	713	consensus	7	110M
85606	714	consensus	6	110M
85607	715	A	3	110M
85607	715	G	6	110M
65703	716	consensus	17	110M
85608	717	consensus	4	110M
42045	718	AAG	4	1M5D109M
85609	719	consensus	5	110M
6601	720	CA	4	110M
85610	721	consensus	8	110M
85611	722	consensus	4	110M
85612	723	consensus	8	110M
85613	724	consensus	6	110M
85614	725	consensus	8	110M
85615	726	consensus	10	110M
33027	727	consensus	8	110M
85616	728	consensus	7	110M
1906	729	C	10	110M1D
1114	730	A	8	110M1D
85617	731	consensus	6	110M
85618	732	consensus	7	110M
85619	733	consensus	4	110M
85620	734	consensus	16	110M
85621	735	consensus	9	110M
85622	736	consensus	7	110M
85623	737	consensus	7	110M
70060	738	TTCC	8	110M
85624	739	consensus	7	110M
85625	740	consensus	4	110M
85626	741	consensus	5	110M
85627	742	consensus	6	110M
6475	743	C	10	110M
1586	744	GTA	10	110M
85628	745	consensus	16	110M
65104	746	A	8	6D110M6D
65104	746	G	7	6D110M6D
85629	747	consensus	19	110M
85630	748	consensus	16	110M
85631	749	consensus	12	110M
85632	750	consensus	18	110M
85633	751	consensus	6	110M
85634	752	consensus	5	110M
85635	753	consensus	11	110M
85636	754	consensus	4	110M
85637	755	consensus	4	110M
85638	756	consensus	8	110M
85639	757	consensus	13	110M
85640	758	consensus	9	110M
29484	759	consensus	6	110M5D
85641	760	consensus	15	110M
85642	761	consensus	4	110M
85643	762	consensus	4	110M
2497	763	TAA	8	110M1D
85644	764	consensus	17	110M
85645	765	consensus	6	110M
65425	766	consensus	9	110M
80640	767	TG	15	110M
68538	768	TT	21	110M
85646	769	consensus	5	110M
4644	770	G	11	110M
85647	771	T	9	110M
85648	772	consensus	9	110M
409	773	consensus	8	110M23D
85649	774	consensus	7	110M
85650	775	AGCGCG	7	110M
85650	775	GGCCCT	3	110M
85651	776	consensus	6	110M
85652	777	consensus	6	110M
85653	778	consensus	7	110M
9752	779	consensus	4	11D110M
85654	780	consensus	9	110M
85655	781	consensus	7	110M
85656	782	consensus	11	110M
14014	783	consensus	5	3M13D107M
85657	784	consensus	4	110M
85658	785	consensus	7	110M
85659	786	consensus	5	110M
27397	787	consensus	4	110M
85660	788	consensus	11	110M
1759	789	TTTCGCAAAAGGT	4	110M
85661	790	consensus	5	110M
72426	791	consensus	12	110M2D
85662	792	consensus	5	110M
85663	793	consensus	8	110M
6385	794	C	25	110M
85664	795	consensus	4	110M
85665	796	consensus	11	110M
34018	797	TTA	4	110M
495	798	consensus	5	110M
1100	799	T	6	110M
85666	800	consensus	8	110M
48969	801	AA	18	110M
85667	802	consensus	8	110M
85668	803	consensus	11	110M
5871	804	G	14	110M
85669	805	consensus	6	110M
85670	806	consensus	7	110M
85671	807	consensus	7	110M
85672	808	consensus	10	110M
85673	809	consensus	8	110M
4197	810	consensus	6	110M
85674	811	consensus	8	110M
85675	812	consensus	10	110M
85676	813	consensus	4	110M
85677	814	consensus	4	110M
85678	815	consensus	10	110M
41881	816	consensus	9	110M
85679	817	consensus	5	110M
85680	818	consensus	24	110M
85681	819	consensus	12	110M
85682	820	consensus	6	110M
63749	821	ACA	12	110M
85683	822	consensus	4	110M
85684	823	consensus	7	110M
85685	824	consensus	7	110M
85686	825	consensus	6	110M
85687	826	consensus	22	110M
27848	827	consensus	9	110M
85688	828	consensus	8	110M
85689	829	consensus	16	110M
14953	830	consensus	8	110M
85690	831	consensus	8	110M
85691	832	consensus	7	110M
85692	833	consensus	9	110M
85693	834	consensus	7	110M
85694	835	consensus	10	110M
1061	836	T	7	110M
85695	837	consensus	6	110M
85696	838	consensus	11	110M
82553	839	G	12	110M11D
4059	840	G	4	110M1D
11755	841	consensus	6	19D91M2D19M4D
85697	842	consensus	17	110M
2080	843	CG	9	110M
85698	844	consensus	4	110M
85699	845	consensus	10	110M
85700	846	consensus	5	110M
85701	847	consensus	7	110M
85702	848	consensus	27	110M
85703	849	consensus	6	110M
85704	850	consensus	15	110M
35258	851	CANNNNNNNNNNNNNCGGA	8	3M17D107M
1539	852	consensus	7	110M
85705	853	consensus	16	110M
85706	854	consensus	4	110M
85707	855	consensus	7	110M
85708	856	consensus	7	110M
85709	857	consensus	4	110M
4459	858	CTCGACC	5	110M
85710	859	consensus	8	110M
85711	860	T	5	110M
85712	861	consensus	9	110M
85713	862	consensus	4	110M
85714	863	consensus	7	110M
85715	864	consensus	4	110M
15205	865	consensus	8	110M
6848	866	AAA	10	110M
85716	867	consensus	12	110M
85717	868	consensus	6	110M
85718	869	consensus	9	110M
85719	870	consensus	10	110M
48892	871	TA	6	110M
85720	872	consensus	8	110M
21099	873	consensus	19	110M
85721	874	consensus	8	110M
2770	875	AAAC	20	20D110M6D
52743	876	consensus	7	110M3D
85722	877	consensus	12	110M
85723	878	consensus	18	110M
85724	879	consensus	9	110M
14761	880	AAAT	8	110M
85725	881	consensus	10	110M
85726	882	consensus	12	110M
24655	883	consensus	19	110M
5917	884	AA	6	110M
85727	885	AG	15	110M
85728	886	consensus	10	110M
1212	887	GCG	4	4M1D106M
85729	888	consensus	8	110M
85730	889	consensus	8	110M
85731	890	consensus	16	110M
85732	891	consensus	12	110M
85733	892	consensus	10	110M
68249	893	AACTC	5	110M
85734	894	consensus	7	110M
85735	895	consensus	8	110M
85736	896	consensus	12	110M
85737	897	consensus	15	110M
6263	898	CCGC	7	110M
85738	899	consensus	5	110M
4230	900	AGT	6	1M23D109M2D
85739	901	consensus	12	110M
85740	902	consensus	4	110M
85741	903	consensus	15	110M
85742	904	consensus	9	110M
85743	905	consensus	4	110M
85744	906	consensus	12	110M
85745	907	consensus	8	110M
85746	908	consensus	21	110M
85747	909	consensus	8	110M
65801	910	GAT	4	110M
60959	911	consensus	11	110M
85748	912	consensus	7	110M
85749	913	consensus	21	110M
33987	914	consensus	7	110M
85750	915	consensus	5	110M
85751	916	consensus	10	110M
21856	917	CCCTA	5	110M
21856	917	CTCCT	3	110M
83844	918	TGG	6	110M
6753	919	GTT	19	110M
85752	920	consensus	18	110M
85753	921	consensus	4	110M
3997	922	consensus	4	110M
85754	923	consensus	4	110M
85755	924	consensus	6	110M
85756	925	G	7	110M
85757	926	consensus	6	110M
85758	927	consensus	15	110M6D
71856	928	consensus	7	110M11D
6240	929	GCT	9	110M
85759	930	consensus	14	110M
6097	931	CG	11	110M
85760	932	consensus	5	110M
85761	933	consensus	9	110M
85762	934	consensus	17	110M
85763	935	consensus	15	110M
85764	936	consensus	5	110M
85765	937	consensus	6	110M
7203	938	consensus	8	110M
85766	939	consensus	7	110M
85767	940	consensus	4	110M4D
1637	941	CCT	13	110M
85768	942	consensus	7	110M
85769	943	consensus	9	110M
85770	944	consensus	4	110M
85771	945	consensus	5	110M11D
85772	946	consensus	5	110M
85773	947	consensus	7	110M
85774	948	consensus	7	110M
85775	949	consensus	6	110M
85776	950	consensus	14	110M
85777	951	consensus	19	110M
85778	952	consensus	9	110M
85779	953	consensus	6	110M
85780	954	consensus	10	110M
85781	955	consensus	6	110M
85782	956	consensus	4	110M
85783	957	consensus	9	110M
85784	958	consensus	8	110M
1979	959	AG	4	110M1D
85785	960	consensus	7	110M
66228	961	GTAA	5	110M
85786	962	consensus	7	110M
85787	963	consensus	4	110M
6125	964	consensus	11	110M
85788	965	consensus	5	110M
85789	966	consensus	4	110M
6625	967	GG	19	110M
85790	968	consensus	11	110M
3110	969	C	16	110M
33978	970	CGCAG	12	110M
55687	971	CA	6	110M
85791	972	consensus	11	110M
85792	973	consensus	6	110M
85793	974	consensus	12	110M
85794	975	consensus	18	110M
65256	976	TC	4	110M
85795	977	consensus	10	110M
4838	978	TC	4	110M
85796	979	consensus	4	110M
6106	980	AA	16	110M
5485	981	CT	21	110M
85797	982	consensus	7	110M
6197	983	TG	5	8D109M3D1M
85798	984	consensus	5	110M
85799	985	consensus	9	110M
85800	986	consensus	11	110M
10967	987	consensus	6	110M2D
85801	988	consensus	7	110M
85802	989	consensus	4	110M
85803	990	consensus	7	110M
85804	991	consensus	5	110M
85805	992	consensus	9	110M
85806	993	consensus	4	110M
85807	994	consensus	8	110M
85808	995	consensus	17	110M
85809	996	consensus	4	110M
85810	997	consensus	7	110M
85811	998	consensus	12	110M
31285	999	consensus	6	16D110M
36176	1000	AGTT	6	110M
36176	1000	GGTA	5	110M
36176	1000	GGTT	2	110M
85812	1001	consensus	18	110M
85813	1002	consensus	6	110M
85814	1003	consensus	8	110M
8247	1004	A	10	4D110M10D
68705	1005	A	9	110M
85815	1006	consensus	6	110M
85816	1007	consensus	5	110M
85817	1008	consensus	16	110M
4300	1009	consensus	8	110M
85818	1010	consensus	19	110M
85819	1011	consensus	9	110M
43	1012	AA	9	3D114M20D
85820	1013	consensus	5	110M
85821	1014	consensus	6	110M
85822	1015	consensus	14	110M
85823	1016	consensus	4	110M
85824	1017	consensus	12	110M
85825	1018	consensus	9	110M
85826	1019	consensus	6	110M
85827	1020	consensus	5	110M
85828	1021	consensus	5	110M
85829	1022	consensus	7	110M
85830	1023	consensus	11	110M
2717	1024	A	18	110M
58952	1025	consensus	7	110M6D
85831	1026	consensus	10	110M
85832	1027	consensus	4	110M
85833	1028	consensus	8	110M
85834	1029	consensus	6	110M
85835	1030	consensus	6	110M
152	1031	A	9	110M16D
36027	1032	A	10	23M2D88M19D
85836	1033	consensus	14	110M
85837	1034	consensus	6	110M
85838	1035	consensus	14	110M
85839	1036	consensus	7	110M
6168	1037	T	6	110M
6668	1038	GTG	13	110M
48566	1039	consensus	7	110M
27927	1040	consensus	4	110M
85840	1041	T	9	110M
85841	1042	consensus	21	110M
85842	1043	consensus	7	110M
85843	1044	consensus	21	110M
85844	1045	consensus	21	110M
85845	1046	consensus	6	110M
85846	1047	consensus	17	110M
85847	1048	consensus	6	110M
20230	1049	G	6	110M
85848	1050	consensus	12	110M
8260	1051	consensus	5	15D110M4D
25816	1052	consensus	7	19D110M
85849	1053	consensus	8	110M
85850	1054	consensus	5	110M
85851	1055	consensus	8	110M
85852	1056	consensus	6	110M
85853	1057	consensus	11	110M
85854	1058	consensus	9	110M
85855	1059	consensus	7	110M
85856	1060	consensus	7	111M
85857	1061	consensus	5	1M7D109M
85858	1062	consensus	12	110M
44375	1063	A	14	2M5D108M4D
85859	1064	consensus	12	110M
85860	1065	consensus	16	110M
7278	1066	CT	6	110M
85861	1067	consensus	11	110M
85862	1068	consensus	7	110M
85863	1069	consensus	6	110M
6707	1070	CCGCTCTA	16	110M
85864	1071	consensus	11	110M
85865	1072	consensus	6	110M
85866	1073	consensus	6	110M
941	1074	A	7	110M
85867	1075	consensus	4	110M
85868	1076	consensus	13	110M
85869	1077	consensus	8	110M
85870	1078	consensus	6	110M
85871	1079	consensus	8	110M
85872	1080	consensus	10	110M
8475	1081	GTGC	4	110M
1451	1082	consensus	14	110M
68327	1083	consensus	7	110M
85873	1084	consensus	13	110M
85874	1085	consensus	7	110M
85875	1086	consensus	8	110M
85876	1087	consensus	9	110M
6269	1088	A	6	110M
58229	1089	consensus	7	110M7D
85877	1090	consensus	11	110M
85878	1091	consensus	8	110M
85879	1092	consensus	14	110M
85880	1093	consensus	11	110M
28111	1094	consensus	12	10D110M7D
7628	1095	ACC	5	11D110M1D
85881	1096	consensus	9	110M
85882	1097	consensus	7	110M
65858	1098	AT	5	110M
85883	1099	consensus	8	110M
85884	1100	consensus	7	110M
85885	1101	consensus	24	110M
52568	1102	consensus	9	40M1D70M
31479	1103	consensus	6	110M16D
85886	1104	consensus	6	110M
85887	1105	consensus	9	110M
85888	1106	consensus	11	110M
85889	1107	consensus	5	110M
85890	1108	consensus	5	110M
85891	1109	consensus	12	110M
85892	1110	consensus	17	110M
85893	1111	consensus	16	110M
85894	1112	consensus	5	110M
85895	1113	AA	4	110M7D
73115	1114	TGGC	7	110M
4267	1115	TAA	11	105M6D5M
85896	1116	consensus	9	110M
85897	1117	consensus	10	110M
85898	1118	consensus	6	110M
85899	1119	consensus	13	110M
85900	1120	consensus	4	110M
85901	1121	consensus	6	110M
85902	1122	consensus	4	110M
85903	1123	consensus	14	110M
85904	1124	consensus	5	110M
85905	1125	consensus	13	110M
85906	1126	consensus	4	110M
85907	1127	consensus	9	110M
6502	1128	T	6	110M
85908	1129	consensus	16	110M
6156	1130	consensus	12	110M
85909	1131	consensus	13	110M
85910	1132	consensus	13	110M
4355	1133	NNNNNNNNNNNNNNNNNNNNNACAGGA	7	22D110M1D
85911	1134	consensus	7	110M
85912	1135	consensus	4	110M
85913	1136	consensus	5	110M
85914	1137	consensus	7	110M
85915	1138	consensus	5	110M
85916	1139	consensus	7	110M
85917	1140	consensus	6	110M
85918	1141	consensus	13	110M
780	1142	C	8	110M
38112	1143	consensus	9	110M17D
85919	1144	consensus	8	110M
85920	1145	consensus	7	110M
85921	1146	consensus	7	110M
85922	1147	consensus	7	110M
85923	1148	consensus	22	110M
85924	1149	consensus	19	110M
90	1150	G	7	110M1D
85925	1151	consensus	14	110M
85926	1152	consensus	7	110M
85927	1153	consensus	5	110M
85928	1154	consensus	16	110M
85929	1155	consensus	6	110M
85930	1156	consensus	15	110M
18965	1157	consensus	6	15D110M
85931	1158	consensus	16	110M
85932	1159	consensus	4	110M
65468	1160	consensus	14	110M
6091	1161	C	6	110M
85933	1162	consensus	5	110M
85934	1163	consensus	6	110M
85935	1164	consensus	9	110M
85936	1165	consensus	7	110M
85937	1166	consensus	12	110M
85938	1167	consensus	7	110M
85939	1168	consensus	6	110M
85940	1169	consensus	8	110M
85941	1170	consensus	7	110M
85942	1171	consensus	12	110M
85943	1172	C	16	110M
85944	1173	consensus	12	110M
85945	1174	consensus	12	110M
85946	1175	consensus	12	110M
85947	1176	C	18	110M
85948	1177	consensus	5	110M
85949	1178	consensus	11	110M
85950	1179	consensus	5	110M
85951	1180	consensus	7	110M
85952	1181	consensus	11	110M
85953	1182	consensus	10	110M
7815	1183	AC	14	110M
70136	1184	GAC	7	110M
85954	1185	consensus	10	110M
9582	1186	AT	5	110M
85955	1187	consensus	7	110M
1492	1188	consensus	11	18D110M
85956	1189	consensus	5	110M
85957	1190	consensus	6	110M
85958	1191	consensus	4	110M
85959	1192	consensus	13	110M
85960	1193	consensus	8	110M
85961	1194	consensus	7	110M11D
49233	1195	CGTA	5	110M
85962	1196	consensus	5	110M
85963	1197	consensus	17	110M
85964	1198	consensus	16	110M
85965	1199	consensus	12	110M
85966	1200	consensus	8	110M
1628	1201	AC	3	110M
1628	1201	TC	8	110M
85967	1202	consensus	4	110M
68113	1203	C	19	110M
41043	1204	consensus	10	7D110M
82383	1205	GTA	8	110M
85968	1206	consensus	8	110M
85969	1207	consensus	16	110M
85970	1208	consensus	5	110M
85971	1209	consensus	11	110M
5963	1210	GGATT	8	110M
69719	1211	C	5	110M
85972	1212	consensus	7	110M
85973	1213	consensus	11	110M
85974	1214	consensus	5	110M
85975	1215	consensus	5	110M
7646	1216	consensus	7	110M
85976	1217	consensus	6	110M
85977	1218	consensus	8	110M
47995	1219	consensus	17	110M
3016	1220	A	10	110M
85978	1221	consensus	7	110M
14128	1222	CAA	16	110M
85979	1223	consensus	9	110M
85980	1224	consensus	4	110M
85981	1225	consensus	11	110M
8457	1226	consensus	7	21D110M
85982	1227	consensus	14	110M
85983	1228	consensus	5	110M
85984	1229	consensus	12	110M
85985	1230	consensus	16	110M
85986	1231	consensus	17	110M
85987	1232	consensus	5	110M
85988	1233	consensus	7	110M
85989	1234	consensus	5	110M
85990	1235	consensus	11	110M
85991	1236	consensus	16	110M
85992	1237	consensus	4	110M
85993	1238	consensus	7	110M
85994	1239	consensus	7	8D110M
439	1240	G	5	110M1D
85995	1241	consensus	5	110M
85996	1242	consensus	5	110M
73917	1243	consensus	20	101M3D8M1D1M
85997	1244	consensus	5	110M
4477	1245	A	8	110M1D
85998	1246	consensus	9	110M
85999	1247	consensus	7	110M
6079	1248	CAAG	5	110M
86000	1249	consensus	18	111M
86001	1250	consensus	5	110M
4437	1251	TGAA	8	88M1D22M
86002	1252	consensus	5	110M
5507	1253	CTT	12	110M
86003	1254	consensus	8	110M
86004	1255	consensus	12	110M
86005	1256	consensus	5	110M
86006	1257	consensus	7	110M
86007	1258	consensus	10	110M
86008	1259	consensus	4	110M
86009	1260	consensus	4	110M
86010	1261	consensus	15	110M
86011	1262	consensus	6	110M
6189	1263	G	14	110M
86012	1264	consensus	6	110M
3030	1265	C	6	110M
86013	1266	consensus	10	110M
86014	1267	consensus	14	111M
86015	1268	consensus	7	110M
86016	1269	consensus	7	110M
1759	1270	TTTGGCAAGAAGT	5	110M
809	1271	AC	10	110M
86017	1272	consensus	7	110M
86018	1273	consensus	5	110M
86019	1274	consensus	7	110M
86020	1275	consensus	14	110M
86021	1276	consensus	15	110M
86022	1277	consensus	8	110M
8082	1278	GC	6	110M1D
2144	1279	consensus	4	110M
84013	1280	GGG	8	110M
86023	1281	consensus	4	110M
86024	1282	consensus	4	110M
86025	1283	consensus	16	110M
86026	1284	consensus	5	111M
86027	1285	consensus	10	110M
86028	1286	consensus	6	110M
35081	1287	consensus	6	1M7D109M8D
86029	1288	consensus	10	110M
86030	1289	consensus	14	110M
86031	1290	consensus	8	110M
9366	1291	consensus	10	12D107M1D3M
86032	1292	consensus	4	110M
3814	1293	consensus	5	10D108M6D2M
86033	1294	consensus	4	110M
1021	1295	CA	17	2M11D116M11D
86034	1296	consensus	10	110M
1032	1297	TTA	5	110M
86035	1298	consensus	5	110M
86036	1299	consensus	4	110M
86037	1300	consensus	11	110M
86038	1301	consensus	9	110M
86039	1302	consensus	16	110M
86040	1304	consensus	7	110M
86041	1305	consensus	8	110M
86042	1306	consensus	19	111M
86043	1307	consensus	14	110M
78407	1308	AA	7	110M
86044	1309	consensus	9	110M
86045	1310	consensus	13	110M
4022	1311	ATA	6	110M2D
86046	1312	consensus	7	110M
86047	1313	consensus	16	110M
32118	1314	T	18	110M
86048	1315	consensus	5	110M
470	1316	AA	5	2M3D108M19D
7272	1317	consensus	9	110M
86049	1318	consensus	10	110M
86050	1319	consensus	6	110M
86051	1320	consensus	14	110M
7303	1321	AAG	8	110M
86052	1322	consensus	16	110M
86053	1323	consensus	5	110M
86054	1324	consensus	7	110M
86055	1325	consensus	6	110M
58611	1326	consensus	4	1M10D109M
86056	1327	consensus	16	110M
86057	1328	consensus	14	110M
86058	1329	consensus	13	110M
6864	1330	GACA	8	110M4D
86059	1331	consensus	14	110M
338	1332	GG	4	110M
86060	1333	consensus	4	110M
86061	1334	consensus	5	110M
86062	1335	consensus	7	110M
86063	1336	consensus	7	110M
86064	1337	consensus	5	110M
86065	1338	consensus	11	110M
86066	1339	consensus	4	110M
86067	1340	consensus	15	110M
86068	1341	consensus	4	110M
86069	1342	consensus	4	110M
86070	1343	consensus	16	110M
86071	1344	consensus	5	110M
48546	1346	TATTAC	5	110M
86072	1347	consensus	5	110M
25698	1348	consensus	8	110M
34009	1349	TT	13	110M
86073	1350	consensus	11	110M
86074	1351	consensus	13	110M
86075	1352	consensus	11	110M
86076	1353	consensus	4	110M
86077	1354	consensus	6	110M
86078	1355	consensus	13	110M
41507	1356	consensus	6	5D110M3D
16359	1357	consensus	10	110M15D
86079	1358	consensus	6	110M
86080	1359	consensus	8	110M
86081	1360	consensus	11	110M
86082	1361	consensus	5	110M
86083	1362	consensus	11	110M
86084	1363	consensus	17	110M
86085	1364	consensus	10	110M
34745	1365	consensus	4	13D110M
86086	1366	consensus	9	110M
13544	1367	NGAGAGCTC	18	103M8D7M
86087	1368	consensus	25	110M
86088	1369	consensus	7	110M
86089	1370	consensus	8	110M
6130	1371	CTGA	5	110M
14184	1372	AT	9	109M4D1M
86090	1373	consensus	9	110M
1382	1374	consensus	15	110M
1396	1375	CATCAACAACC	5	110M
1396	1375	GATCAATAGCA	3	110M
86091	1376	consensus	6	110M
6650	1377	GT	6	110M
86092	1378	consensus	7	110M
86093	1379	consensus	7	110M
86094	1380	consensus	6	110M
86095	1381	consensus	4	110M
86096	1382	consensus	13	110M
86097	1383	TTC	6	110M
1431	1384	TTTCG	4	110M1D
86098	1385	consensus	10	110M
86099	1386	consensus	10	110M
4907	1387	G	10	2M4D108M10D
86100	1388	consensus	9	110M
86101	1389	consensus	8	110M
86102	1390	consensus	23	110M
86103	1391	consensus	10	110M
86104	1392	consensus	4	110M
78401	1393	consensus	14	110M
86105	1394	consensus	12	110M
86106	1395	consensus	15	110M
86107	1396	consensus	4	110M
6175	1397	AA	10	110M
86108	1398	consensus	8	110M
86109	1399	consensus	6	110M
86110	1400	consensus	9	110M
86111	1401	consensus	7	110M
86112	1402	consensus	5	110M
86113	1403	consensus	5	110M
161	1404	TGTGG	8	110M
68309	1405	C	10	110M
86114	1406	consensus	15	110M
86115	1407	consensus	6	110M
422	1408	G	10	2M3D108M6D
86116	1409	consensus	9	110M
86117	1410	consensus	5	110M
7233	1411	G	10	110M
86118	1412	consensus	5	110M
48935	1413	TAA	12	110M
1381	1414	AAGCTAAT	6	110M
86119	1415	consensus	6	110M
86120	1416	consensus	5	110M
86121	1417	consensus	5	110M
86122	1418	consensus	6	110M
6310	1419	GCACA	5	110M
2788	1420	C	5	110M
86123	1421	consensus	5	110M1D
86124	1422	consensus	17	110M
86125	1423	consensus	11	110M
30660	1424	consensus	9	110M11D
86126	1425	consensus	6	110M
86127	1426	consensus	16	110M
86128	1427	consensus	4	110M
1848	1428	consensus	12	110M9D
86129	1429	consensus	4	110M2D
86130	1430	consensus	8	110M
278	1431	consensus	21	12D110M7D
86131	1432	consensus	13	110M
86132	1433	consensus	6	110M
86133	1434	consensus	4	110M
86134	1435	consensus	9	110M
86135	1436	consensus	9	110M
40241	1437	AA	6	66M1D44M
86136	1438	consensus	4	110M
86137	1439	CCG	5	110M
219	1440	consensus	16	110M
86138	1441	consensus	14	110M
86139	1442	consensus	9	110M
86140	1443	consensus	7	110M
86141	1444	consensus	8	110M
86142	1445	consensus	5	110M
3722	1446	consensus	8	110M1D
86143	1447	consensus	11	110M
32114	1448	consensus	21	110M
86144	1449	consensus	13	110M
6815	1450	CC	9	110M
86145	1451	consensus	9	110M
86146	1452	consensus	9	110M
17134	1453	AG	12	110M
86147	1454	consensus	4	110M
86148	1455	consensus	4	110M
86149	1456	consensus	9	110M
86150	1457	consensus	8	110M
86151	1458	consensus	7	110M
86152	1459	consensus	14	110M
86153	1460	consensus	4	110M
56712	1461	consensus	18	110M
86154	1462	consensus	4	110M
3732	1463	consensus	9	110M
86155	1464	consensus	12	110M
86156	1465	consensus	6	110M
86157	1466	consensus	11	110M
317	1467	GAC	4	110M
4787	1468	T	4	11D110M7D
82356	1469	C	5	110M
6990	1470	CAG	12	6D110M
1124	1471	consensus	5	1D110M13D
86158	1472	consensus	7	110M
70245	1473	CACTC	7	110M
6826	1474	T	7	5M1D105M
86159	1475	consensus	4	110M
86160	1476	consensus	7	110M
6834	1477	C	4	110M
27857	1478	consensus	8	11D110M1D
10559	1479	consensus	5	110M
86161	1480	consensus	7	110M
86162	1481	consensus	11	110M
3319	1483	C	5	110M
86163	1484	consensus	4	110M
69937	1485	TA	15	110M
86164	1486	consensus	13	110M
86165	1487	consensus	18	110M
2518	1488	consensus	14	110M2D
86166	1489	consensus	6	110M
64927	1490	TCGA	7	110M
2666	1491	A	14	110M
2666	1491	G	7	110M
86167	1492	consensus	9	110M
86168	1493	consensus	15	110M
86169	1494	consensus	4	110M
86170	1495	consensus	4	110M
86171	1496	consensus	10	110M
86172	1497	consensus	4	110M
86173	1498	consensus	6	110M
58954	1499	A	10	1M3D109M1D
58954	1499	G	4	1M3D109M1D
86174	1500	consensus	12	110M
86175	1501	consensus	5	110M
86176	1502	consensus	7	110M
86177	1503	consensus	13	110M
86178	1504	consensus	10	110M
86179	1505	consensus	7	110M
1450	1506	CACC	7	33M1D77M
86180	1507	consensus	4	110M
86181	1508	consensus	11	110M
86182	1509	AT	13	110M
86183	1510	consensus	8	110M
86184	1511	consensus	7	110M
86185	1512	consensus	8	110M
1736	1513	GGGGGTAGGCTACA	18	110M
43763	1514	consensus	7	110M
6671	1515	C	7	110M
86186	1517	consensus	7	110M
86187	1518	consensus	10	110M
65597	1519	consensus	8	110M
86188	1520	consensus	4	110M
38294	1521	consensus	9	110M5D
40139	1522	consensus	12	7D110M
47857	1523	consensus	10	5D110M
86189	1524	consensus	11	110M
86190	1525	consensus	12	110M
86191	1526	consensus	7	110M
86192	1527	consensus	7	110M
86193	1528	consensus	7	110M
46665	1529	GG	5	87M4D23M8D
86194	1530	consensus	7	110M
86195	1531	consensus	12	110M
86196	1532	consensus	17	110M
86197	1533	consensus	6	110M
86198	1534	consensus	12	110M
86199	1535	consensus	6	110M
86200	1536	consensus	11	110M
86201	1537	consensus	12	110M
86202	1538	consensus	6	110M
86203	1539	consensus	14	110M
77275	1540	consensus	7	110M1D
86204	1541	consensus	8	110M
86205	1542	consensus	5	110M
943	1543	CG	6	110M1D
86206	1544	consensus	6	110M
1625	1545	GCTC	9	110M
70008	1546	ACGACA	8	110M
70008	1546	ACGAGA	3	110M
2769	1547	consensus	4	42M2D68M
86207	1548	consensus	6	110M
86208	1549	consensus	7	110M
86209	1550	consensus	8	110M
86210	1551	consensus	5	110M
86211	1552	consensus	5	110M
86212	1553	consensus	8	110M
86213	1554	consensus	12	110M
86214	1555	consensus	7	110M
86215	1556	consensus	7	110M
86216	1557	consensus	5	110M
86217	1558	consensus	15	110M
86218	1559	consensus	4	110M
86219	1560	consensus	7	110M
86220	1561	consensus	9	110M
86221	1562	consensus	12	110M
86222	1563	consensus	11	110M
86223	1564	consensus	7	110M
86224	1565	consensus	5	110M
86225	1566	CG	5	110M
814	1567	T	4	67M1D43M2D
86226	1568	consensus	19	110M
2032	1569	AA	9	110M
86227	1570	consensus	13	110M
86228	1571	consensus	10	110M
32415	1572	consensus	4	110M2D
86229	1573	consensus	9	110M
86230	1574	consensus	15	110M
86231	1575	consensus	5	110M
13924	1576	G	21	110M
86232	1577	consensus	8	110M
86233	1578	consensus	14	110M
86234	1579	consensus	5	110M
86235	1580	consensus	6	110M
86236	1581	A	6	110M3D
86237	1582	consensus	10	110M
86238	1583	consensus	12	110M
86239	1584	consensus	18	110M
86240	1585	consensus	11	110M
86241	1586	consensus	8	120M
2143	1587	T	10	110M
86242	1588	consensus	18	110M
86243	1589	consensus	7	110M
86244	1590	consensus	14	110M
86245	1591	consensus	6	110M
86246	1592	consensus	5	10D110M
86247	1593	consensus	7	110M
86248	1594	consensus	5	110M
25937	1595	consensus	5	4M1D3M2D103M
2425	1596	GA	31	110M
86249	1597	consensus	5	110M
86250	1598	consensus	13	110M
3267	1599	A	7	110M
86251	1600	consensus	13	110M
86252	1601	consensus	5	110M
75297	1602	consensus	5	110M
6257	1603	AC	13	110M
6257	1603	GC	12	110M
86253	1604	consensus	8	110M
1984	1605	GG	27	110M
86254	1606	consensus	7	110M
86255	1607	consensus	10	110M
9141	1608	GTGG	30	110M
86256	1609	consensus	6	110M
86257	1610	consensus	11	110M
46931	1611	G	4	110M
86258	1612	consensus	8	110M
86259	1613	consensus	4	110M
86260	1614	consensus	13	110M
86261	1615	consensus	9	110M
86262	1616	consensus	28	110M
86263	1617	consensus	11	110M
86264	1618	consensus	7	110M
86265	1619	consensus	5	110M
86266	1620	consensus	8	110M
86267	1621	consensus	13	110M
86268	1622	consensus	20	110M
86269	1623	consensus	6	110M
549	1624	consensus	4	110M
86270	1625	consensus	11	110M
70163	1626	TCAA	13	110M
86271	1627	consensus	17	110M
86272	1628	consensus	9	110M
86273	1629	consensus	10	110M
64805	1630	consensus	12	110M
86274	1631	consensus	9	110M
86275	1632	consensus	19	110M
86276	1633	consensus	4	110M
3380	1634	T	13	110M
86277	1635	consensus	4	110M
86278	1636	consensus	6	110M
86279	1637	consensus	5	110M
70344	1638	consensus	8	110M
20615	1639	T	9	110M
86280	1640	consensus	7	110M
86281	1641	T	16	110M
86282	1642	consensus	11	110M
86283	1643	consensus	9	110M
86284	1644	consensus	11	110M
3787	1645	GCTCCC	4	79M4D31M
7562	1646	A	8	13D110M9D
86285	1647	consensus	7	110M
86286	1648	consensus	6	110M
3766	1649	C	11	110M1D
2973	1650	G	10	110M
86287	1651	consensus	15	110M
973	1652	consensus	14	110M14D
86288	1653	consensus	8	110M
1755	1654	GTA	7	110M1D
86289	1655	consensus	17	110M
86290	1656	consensus	8	110M
86291	1657	consensus	9	110M
20785	1658	G	7	110M
86292	1659	consensus	7	110M
86293	1660	consensus	14	110M
7720	1661	CTA	5	110M
86294	1662	consensus	5	110M
86295	1663	consensus	18	110M
68521	1664	A	7	110M
86296	1665	consensus	7	110M
86297	1666	consensus	16	110M
8014	1667	consensus	5	110M16D
14766	1668	G	11	110M
86298	1669	consensus	4	110M
28911	1670	AA	15	110M
86299	1671	consensus	4	110M
86300	1672	consensus	10	110M
35976	1673	consensus	5	110M3D
86301	1674	consensus	13	110M
6526	1675	ATAA	11	110M
6871	1676	TCTTCAT	4	110M
86302	1677	consensus	10	110M
78229	1678	consensus	12	110M
86303	1679	consensus	6	110M
86304	1680	consensus	5	110M
20819	1681	consensus	4	10D110M10D
86305	1682	consensus	4	110M
86306	1683	consensus	14	110M
86307	1684	consensus	12	110M
86308	1685	consensus	6	110M
48705	1686	consensus	5	110M
86309	1687	consensus	7	110M
86310	1688	consensus	17	110M
712	1689	G	6	110M
86311	1690	consensus	4	110M
86312	1691	consensus	20	110M
78155	1692	consensus	18	6D110M
2944	1693	consensus	6	12D110M3D
68199	1694	C	12	110M
86313	1695	consensus	6	110M
86314	1696	consensus	11	110M
86315	1697	consensus	4	110M
86316	1698	consensus	8	110M
86317	1699	consensus	5	110M
86318	1700	consensus	8	110M
86319	1701	consensus	19	110M
86320	1702	consensus	7	110M
33481	1703	CGG	5	110M
1452	1704	T	5	110M
86321	1705	consensus	17	110M
3130	1706	TA	5	101M2D9M
7406	1707	NNNNNNNNNNNACACGAGA	6	20D110M
86322	1708	consensus	22	110M
86323	1709	consensus	7	110M
86324	1710	consensus	9	110M
86325	1711	consensus	19	110M
86326	1712	consensus	6	110M
86327	1713	consensus	4	110M
86328	1714	consensus	6	110M
131	1715	AAA	9	110M
86329	1716	consensus	8	110M
86330	1717	consensus	4	110M
86331	1718	consensus	5	110M
86332	1719	consensus	13	1M2D109M
86333	1720	consensus	8	110M
86334	1721	consensus	6	110M
3560	1722	consensus	9	110M
86335	1723	consensus	5	110M
86336	1724	consensus	8	110M
25504	1725	ACTG	8	110M
86337	1726	consensus	13	110M
86338	1727	consensus	4	110M
8422	1728	consensus	8	102M1D8M
86339	1729	consensus	4	110M
63791	1730	consensus	14	110M
9059	1731	T	19	14D110M7D
86340	1732	consensus	21	110M
40160	1733	CTC	8	110M
86341	1734	consensus	16	111M
7653	1735	CAT	5	110M
63251	1736	CTCNN	23	83M9D27M
86342	1737	consensus	8	110M
86343	1738	consensus	10	110M
86344	1739	consensus	14	110M
86345	1740	consensus	6	110M
86346	1741	consensus	8	110M
86347	1742	consensus	6	110M
86348	1743	consensus	5	110M
86349	1744	consensus	6	110M
6877	1745	consensus	15	110M
86350	1746	consensus	8	110M
86351	1747	consensus	6	110M
86352	1748	consensus	12	110M
86353	1749	consensus	12	110M
86354	1750	consensus	8	110M
86355	1751	consensus	9	110M
86356	1752	consensus	12	110M
86357	1753	consensus	16	110M
86358	1754	consensus	5	110M
6262	1755	T	10	110M
86359	1756	consensus	10	110M
86360	1757	consensus	10	110M
86361	1758	consensus	4	110M
58707	1759	ACNNNNNNNAG	14	2M7D108M
86362	1760	GC	6	110M
86363	1761	consensus	7	110M
86364	1762	consensus	5	110M
86365	1763	consensus	16	110M
86366	1764	consensus	4	110M
82691	1765	consensus	5	110M
86367	1766	consensus	11	110M
86368	1767	consensus	5	110M
86369	1768	consensus	12	110M
86370	1769	consensus	4	110M
86371	1770	consensus	4	110M
86372	1771	consensus	18	110M
82425	1772	CT	6	4D110M
86373	1773	consensus	22	110M
45368	1774	consensus	9	110M1D
86374	1775	consensus	11	110M
86375	1776	GG	16	104M1D6M
86376	1777	consensus	5	110M
86377	1778	consensus	16	110M
86378	1779	consensus	7	110M
86379	1780	consensus	5	110M
86380	1781	consensus	4	110M
86381	1782	consensus	6	110M
86382	1783	consensus	4	110M
2935	1784	consensus	17	110M
86383	1785	consensus	10	110M
86384	1786	consensus	15	110M
64926	1787	C	4	110M
2546	1788	CTC	7	110M1D
3288	1789	C	16	110M
86385	1790	consensus	12	110M
86386	1791	consensus	4	110M
70218	1792	A	8	110M
86387	1793	consensus	13	110M
86388	1794	consensus	6	110M
78183	1795	C	7	110M
86389	1796	consensus	6	110M
86390	1797	consensus	8	110M
86391	1798	consensus	4	110M
233	1799	CT	9	110M
11278	1800	consensus	7	110M12D
86392	1801	consensus	4	110M
86393	1802	consensus	8	110M
86394	1803	consensus	6	110M
86395	1804	consensus	17	110M
86396	1805	consensus	7	110M
86397	1806	consensus	6	110M
86398	1807	consensus	5	110M
86399	1808	consensus	7	110M
86400	1809	consensus	11	110M
86401	1810	consensus	10	110M
86402	1811	consensus	5	110M
86403	1812	consensus	10	110M
64114	1813	T	10	110M
960	1814	ATT	4	110M
86404	1815	consensus	12	110M
86405	1816	consensus	10	110M
6764	1817	G	6	110M
86406	1818	consensus	8	110M
86407	1819	consensus	5	110M
27266	1820	consensus	14	110M
86408	1821	consensus	20	110M
86409	1822	consensus	7	110M
30	1823	consensus	11	2M18D108M9D
# sstacks completed on 2026-03-06 12:15:13
