# sstacks version 2.68; generated on 2026-03-06 12:15:14
91177	1	consensus	16	118M
91178	2	consensus	13	117M
91179	3	consensus	15	117M
86236	4	A	7	3D110M
86236	4	G	5	3D110M
91180	5	consensus	24	114M
91181	6	consensus	13	118M
91182	7	consensus	12	118M
91183	8	consensus	13	118M
91184	9	consensus	20	114M
91185	10	consensus	23	113M
91186	11	consensus	12	116M
10042	12	consensus	10	1M3D120M
91187	13	consensus	8	120M
91188	14	consensus	15	121M
91189	50	consensus	10	110M
91190	51	consensus	6	110M
91191	52	consensus	4	110M
5590	53	T	5	3D110M4D
91192	54	consensus	5	110M
91193	55	consensus	8	110M
91194	56	consensus	9	110M
91195	57	consensus	7	110M
91196	58	consensus	4	110M
91197	59	consensus	4	110M
91198	60	consensus	6	110M
91199	61	consensus	4	110M
91200	62	consensus	8	110M
7405	63	CCG	11	47M4D63M2D
91201	64	consensus	4	110M
91202	65	consensus	6	110M
91203	66	consensus	11	110M
2387	67	consensus	10	110M3D
91204	68	consensus	4	110M
91205	69	consensus	5	110M
91206	70	consensus	10	110M
91207	71	consensus	5	110M
91208	72	consensus	13	110M
86267	73	consensus	9	110M
91209	74	consensus	4	110M
91210	75	consensus	5	117M
3966	76	A	10	14M1D96M
91211	77	consensus	11	110M
91212	78	consensus	5	118M
91213	79	consensus	6	110M
91214	80	consensus	12	110M
91215	81	consensus	4	110M
91216	82	consensus	14	110M
91217	83	consensus	21	110M
91218	84	consensus	4	110M
91219	85	consensus	16	110M
89087	86	A	6	110M
91220	87	consensus	8	110M
91221	88	consensus	4	110M
91222	89	consensus	4	110M
91223	90	consensus	9	110M
91224	91	consensus	11	110M
2537	92	GA	5	110M
91225	93	consensus	6	110M
91226	94	consensus	8	110M
91227	95	consensus	4	110M
91228	96	consensus	6	110M
91229	97	consensus	5	110M
91230	98	consensus	10	110M
91231	99	consensus	4	110M
91232	100	consensus	16	110M
91233	101	consensus	5	110M
91234	102	consensus	11	110M
91235	103	consensus	6	110M
91236	104	consensus	9	110M
91237	105	consensus	6	110M
91238	106	consensus	8	110M
22347	107	A	7	3D110M24D
3797	108	GG	11	110M
91239	109	consensus	5	110M
91240	110	consensus	8	110M
91241	111	consensus	9	110M
91242	112	consensus	15	110M
91243	113	consensus	7	110M
91244	114	consensus	11	110M
91245	115	consensus	4	110M
91246	116	consensus	7	110M
2948	117	AAC	8	110M
91247	118	consensus	8	110M
91248	119	consensus	7	110M
91249	120	consensus	11	110M
18808	121	consensus	7	7D110M2D
91250	122	consensus	6	110M
91251	123	consensus	4	110M
65762	124	consensus	4	110M
91252	125	consensus	8	110M
91253	126	consensus	8	110M
91254	127	consensus	4	110M
91255	128	consensus	24	110M
91256	129	consensus	11	110M
91257	130	consensus	8	110M
91258	131	consensus	4	110M
91259	132	consensus	16	110M
91260	133	consensus	12	110M
91261	134	consensus	25	110M
3917	135	consensus	4	110M
88192	136	C	7	110M
91262	137	consensus	14	110M
91263	138	consensus	7	110M
91264	139	consensus	9	110M
91265	140	consensus	4	110M
91266	141	consensus	18	110M
91267	142	consensus	4	110M
91268	143	consensus	7	110M
91269	144	consensus	5	110M
85264	145	consensus	12	110M
5775	146	T	7	110M
91270	147	consensus	9	110M
91271	148	consensus	4	110M
41871	149	consensus	10	2D109M2D1M
91272	150	consensus	4	110M
91273	151	A	9	110M
91273	151	C	11	110M
91274	152	consensus	12	110M
3990	153	consensus	6	110M
91275	154	consensus	5	110M
89299	155	CG	5	110M
4722	156	consensus	6	59M1D51M
91276	157	consensus	4	110M
91277	158	consensus	14	110M
16064	159	consensus	7	110M10D
91278	160	consensus	4	110M
24731	161	C	8	104M2D6M1D
91279	162	consensus	9	110M
91280	163	consensus	6	110M
91281	164	consensus	10	110M
91282	165	consensus	13	110M
2067	166	TTGA	6	110M
91283	167	consensus	12	110M
91284	168	consensus	5	110M
91285	169	consensus	8	110M
13882	170	TCAG	4	110M
91286	171	consensus	6	110M
62074	172	consensus	7	1M5D109M
6170	173	consensus	4	110M
1135	174	consensus	7	110M
91287	175	consensus	7	110M
91288	176	consensus	11	110M
5936	177	consensus	6	110M
91289	178	consensus	6	110M
91290	179	consensus	4	110M
1564	180	CT	4	110M
91291	181	consensus	5	110M
91292	182	consensus	4	110M
91293	183	consensus	4	110M
91294	184	consensus	7	110M
14368	185	AAG	5	110M
91295	186	consensus	7	110M
91296	187	consensus	10	110M
91297	188	consensus	4	110M
91298	189	consensus	5	110M
748	190	consensus	11	110M1D
91299	191	consensus	10	110M
91300	192	consensus	6	110M
9363	193	consensus	7	4D110M13D
91301	194	consensus	7	110M
91302	195	consensus	5	110M
85115	196	consensus	10	110M
91303	197	consensus	10	110M
91304	198	consensus	10	110M
91305	199	consensus	19	110M
91306	200	consensus	5	110M
91307	201	consensus	6	110M
5299	202	G	6	110M
91308	203	consensus	6	110M
91309	204	consensus	7	110M
91310	205	consensus	6	110M
91311	206	consensus	7	110M
91312	207	consensus	10	110M
91313	208	consensus	5	110M
91314	209	consensus	6	110M
91315	210	consensus	4	110M
91316	211	consensus	17	110M
91317	212	consensus	13	110M
91318	213	consensus	6	110M
91319	214	consensus	11	110M
91320	215	consensus	4	110M
91321	216	consensus	20	110M
91322	217	consensus	8	110M
91323	218	consensus	22	110M
47133	219	AAT	6	110M
91324	220	consensus	8	110M
91325	221	consensus	11	110M
91326	222	consensus	9	110M
91327	223	consensus	15	110M
91328	224	consensus	4	110M
1550	225	CT	15	110M
79449	226	consensus	7	110M
91329	227	consensus	5	110M
91330	228	consensus	7	110M
91331	229	consensus	5	110M
91332	230	consensus	4	110M
91333	231	consensus	4	110M
3969	232	CA	5	110M1D
91334	233	consensus	9	110M
91335	234	consensus	14	110M
91336	235	consensus	4	110M
91337	236	consensus	8	110M
1040	237	CTA	9	110M
91338	238	consensus	4	110M
91339	239	consensus	11	110M
91340	240	consensus	10	110M
91341	241	consensus	4	110M
38518	242	CAAC	14	110M
91342	243	consensus	4	110M
91343	244	consensus	7	110M
91344	245	consensus	20	110M
91345	246	consensus	19	110M
91346	247	consensus	13	110M
91347	248	consensus	6	110M
91348	249	consensus	7	110M
91349	250	consensus	14	110M
91350	251	consensus	6	110M
91351	252	consensus	16	110M
91352	253	consensus	18	111M
91353	254	consensus	9	110M
91354	255	consensus	5	110M
91355	256	consensus	8	110M
91356	257	consensus	6	110M
85606	258	consensus	7	110M
91357	259	consensus	7	110M
91358	260	consensus	13	110M
91359	261	consensus	13	110M
91360	262	consensus	20	110M
91361	263	consensus	10	111M
91362	264	consensus	6	110M
91363	265	consensus	9	110M
91364	266	consensus	5	110M
91365	267	consensus	6	110M
91366	268	consensus	6	110M
88440	269	consensus	8	10D110M
91367	270	consensus	4	110M
91368	271	consensus	7	110M
91369	272	consensus	7	110M
91370	273	consensus	4	110M
91371	274	consensus	4	110M
851	275	AA	11	110M
91372	276	consensus	13	110M
91373	277	consensus	12	110M
91374	278	consensus	17	110M
91375	279	consensus	9	110M
91376	280	consensus	7	110M
91377	281	consensus	4	110M
87848	282	consensus	14	110M
91378	283	consensus	4	110M
91379	284	consensus	23	110M
91380	285	consensus	8	110M
91381	286	consensus	14	110M
91382	287	consensus	24	110M
91383	288	consensus	10	110M
91384	289	consensus	9	110M
91385	290	consensus	6	110M
27074	291	consensus	4	110M
91386	292	consensus	7	110M
1305	293	T	5	110M
91387	294	consensus	15	110M
91388	295	consensus	5	110M
91389	296	consensus	7	110M
91390	297	consensus	5	110M
91391	298	consensus	4	110M
91392	299	consensus	5	110M
91393	300	consensus	7	110M
91394	301	consensus	5	110M
91395	302	consensus	4	110M
20346	303	TTAAGCC	5	110M
20346	303	TTAATGC	7	110M
91396	304	consensus	10	110M
91397	305	consensus	8	110M
91398	306	consensus	5	110M
91399	307	consensus	11	110M
91400	308	consensus	8	110M
91401	309	consensus	10	110M
91402	310	consensus	5	110M
1157	311	GT	4	110M
4418	312	GGG	5	110M
91403	313	consensus	6	110M
91404	314	consensus	5	110M
91405	315	consensus	5	110M
91406	316	A	3	110M
91406	316	C	8	110M
91407	317	consensus	7	110M
91408	318	consensus	17	110M
91409	319	consensus	4	110M
91410	320	consensus	12	110M
91411	321	consensus	20	110M
19160	322	G	8	27M1D83M
91412	323	consensus	7	117M
91413	324	consensus	11	110M
6526	325	ATAA	8	110M
23403	326	A	11	110M
91414	327	consensus	7	110M
91415	328	consensus	8	110M
91416	329	consensus	12	110M
91417	330	consensus	5	110M
41506	331	T	6	110M
91418	332	consensus	10	110M
91419	333	consensus	5	110M
91420	334	consensus	7	110M
91421	335	consensus	4	110M
91422	336	consensus	4	110M
91423	337	consensus	8	110M
91424	338	consensus	4	110M
91425	339	consensus	6	110M
3520	340	T	6	110M
91426	341	consensus	4	110M
20122	342	GGATCCC	6	110M
91427	343	consensus	4	110M
91428	344	consensus	9	110M
91429	345	consensus	4	110M
91430	346	consensus	4	110M
91431	347	consensus	12	110M
91432	348	consensus	5	110M
91433	349	consensus	19	110M
91434	350	consensus	14	110M
91435	351	consensus	13	110M
91436	352	consensus	5	110M
91437	353	consensus	7	110M
91438	354	consensus	5	110M
91439	355	consensus	11	110M
91440	356	consensus	4	110M
91441	357	consensus	13	110M
91442	358	consensus	5	110M
3006	359	AAGTC	11	110M
91443	360	consensus	5	110M
91444	361	consensus	6	110M
91445	362	consensus	5	110M
91446	363	consensus	5	110M
91447	364	consensus	16	110M
91448	365	consensus	7	110M
91449	366	consensus	10	110M
922	367	T	5	110M
91450	368	consensus	6	110M
31049	369	CA	17	109M3D1M
91451	370	consensus	4	110M
91452	371	consensus	28	110M
91453	372	consensus	13	110M
12841	373	CGG	4	1M8D109M13D
91454	374	consensus	15	110M
91455	375	consensus	5	110M
91456	376	consensus	7	110M
91457	377	consensus	8	110M
91458	378	consensus	10	110M
4815	379	consensus	10	110M
91459	380	consensus	9	110M
91460	381	consensus	7	110M
91461	382	consensus	8	110M
91462	383	consensus	6	110M
91463	384	consensus	4	110M
91464	385	consensus	11	110M
91465	386	consensus	6	110M
91466	387	consensus	4	110M
91467	388	consensus	8	110M
91468	389	consensus	5	110M
2381	390	AAACA	4	110M
91469	391	consensus	4	110M
52702	392	consensus	6	110M
91470	393	consensus	4	110M
91471	394	consensus	11	110M
91472	395	consensus	11	110M
91473	396	consensus	8	110M
91474	397	consensus	21	110M
91475	398	consensus	7	110M
91476	399	consensus	6	110M
91477	400	consensus	4	110M
29592	401	consensus	9	110M11D
91478	402	consensus	10	110M
91479	403	consensus	7	110M
3339	404	consensus	6	110M1D
91480	405	consensus	11	110M
173	406	TA	5	100M1D10M2D
91481	407	consensus	4	110M
12	408	G	4	6D110M17D
91482	409	consensus	14	110M
32818	410	consensus	18	7D110M
91483	411	consensus	8	110M
91484	412	consensus	8	110M
39384	413	GGCG	4	110M
91485	414	consensus	9	110M
91486	415	consensus	6	110M
91487	416	consensus	14	110M
91488	417	consensus	4	110M
91489	418	consensus	6	110M
91490	419	consensus	14	110M
5786	420	C	13	110M
91491	421	consensus	23	110M
91492	422	consensus	4	110M
91493	423	consensus	25	110M
91494	424	consensus	6	110M
91495	425	consensus	5	110M
91496	426	consensus	6	110M
91497	427	consensus	11	110M
91498	428	consensus	17	110M
91499	429	consensus	11	110M
91500	430	consensus	11	120M
91501	431	consensus	7	110M
91502	432	consensus	8	110M
91503	433	consensus	5	110M
91504	434	consensus	7	110M
91505	435	consensus	4	110M
91506	436	consensus	17	110M
91507	437	consensus	12	110M
91508	438	consensus	5	110M
91509	439	consensus	9	111M
91510	440	consensus	6	110M
91511	441	consensus	6	110M
91512	442	consensus	5	110M
91513	443	consensus	11	113M
91514	444	consensus	8	110M
91515	445	consensus	8	110M
91516	446	consensus	7	110M
91517	447	consensus	5	110M
91518	448	consensus	6	110M
91519	449	consensus	6	110M
91520	450	consensus	7	110M
91521	451	consensus	6	110M
91522	452	consensus	7	110M
91523	453	consensus	7	110M
91524	454	consensus	9	110M
91525	455	consensus	4	110M
59555	456	consensus	9	110M1D
91526	457	consensus	5	110M
38954	458	CGAAC	8	3D110M3D
91527	459	consensus	8	110M
91528	460	consensus	6	110M
91529	461	consensus	9	110M
59561	462	consensus	14	102M5D8M1D
91530	463	consensus	5	110M
91531	464	consensus	4	110M
91532	465	consensus	22	110M
91533	466	consensus	8	110M
91534	467	consensus	4	110M
91535	468	consensus	24	110M
89793	469	C	8	110M
91536	470	consensus	7	110M
91537	471	consensus	9	110M
91538	472	consensus	7	110M
91539	473	consensus	12	110M
91540	474	consensus	10	110M
13933	475	T	7	110M
91541	476	consensus	8	110M
91542	477	consensus	4	110M
91543	478	consensus	5	110M
91544	479	consensus	18	110M
91545	480	consensus	7	110M
91546	481	consensus	6	110M
91547	482	consensus	7	110M
91548	483	consensus	14	110M
91549	484	consensus	18	110M
91550	485	consensus	8	110M
91551	486	consensus	21	110M
91552	487	consensus	18	110M
91553	488	consensus	6	110M
91554	489	consensus	19	110M
91555	490	consensus	7	110M
91556	491	consensus	6	110M
91557	492	consensus	9	117M
91558	493	consensus	12	110M
91559	494	consensus	5	110M
91560	495	consensus	16	110M
91561	496	consensus	4	110M
91562	497	consensus	9	110M
91563	498	consensus	6	110M
91564	499	consensus	10	110M
91565	500	consensus	4	110M
91566	501	consensus	9	110M
91567	502	consensus	16	110M
24655	503	consensus	16	110M
91568	504	consensus	8	110M
91569	505	consensus	10	110M
91570	506	consensus	4	110M
91571	507	consensus	6	110M
91572	508	consensus	10	110M
19856	509	T	5	110M
91573	510	consensus	8	110M
91574	511	consensus	8	110M
91575	512	consensus	5	110M
91576	513	consensus	13	110M
88435	514	G	11	110M
10933	515	GGC	22	110M
91577	516	consensus	12	116M
91578	517	consensus	12	110M
91579	518	consensus	4	110M
91580	519	consensus	9	110M
91581	520	consensus	5	110M
91582	521	consensus	8	110M
91583	522	consensus	6	110M
65244	523	GC	4	110M
19609	524	CTGGCC	4	1M11D109M5D
91584	525	consensus	8	110M
91585	526	consensus	5	110M
91586	527	consensus	4	110M
91587	528	consensus	6	110M
91588	529	consensus	12	110M
91589	530	consensus	5	110M
91590	531	consensus	12	110M
91591	532	consensus	8	110M
91592	533	consensus	4	110M
91593	534	consensus	7	110M
91594	535	consensus	21	110M
91595	536	consensus	5	110M
91596	537	consensus	9	110M
91597	538	consensus	5	110M
91598	539	consensus	7	110M
91599	540	consensus	5	110M
91600	541	consensus	10	110M
91601	542	consensus	7	110M
91602	543	consensus	13	110M
7916	544	CC	4	110M
91603	545	consensus	5	110M
91604	546	consensus	8	110M
91605	547	consensus	5	110M
91606	548	consensus	25	111M
91607	549	consensus	8	110M
91608	550	consensus	15	110M
91609	551	consensus	4	110M
91610	552	consensus	8	110M
91611	553	consensus	5	110M
91612	554	consensus	4	110M
91613	555	consensus	7	119M
91614	556	consensus	5	110M
91615	557	consensus	6	110M
91616	558	consensus	7	119M
91617	559	consensus	4	110M
91618	560	consensus	7	110M
91619	561	consensus	13	110M
91620	562	consensus	8	110M
91621	563	consensus	7	110M
91622	564	consensus	8	110M
91623	565	consensus	6	110M
13544	566	NGAGAGCTC	13	103M8D7M
91624	567	consensus	7	110M
91625	568	consensus	5	110M
91626	569	consensus	7	110M
91627	570	consensus	4	110M
91628	571	consensus	26	110M
91629	572	consensus	4	110M
91630	573	consensus	15	110M
91631	574	consensus	14	110M
91632	575	consensus	6	110M
91633	576	consensus	7	110M
91634	577	consensus	11	110M
91635	578	consensus	8	110M
91636	579	consensus	7	110M
91637	580	consensus	12	111M
303	581	CT	4	110M
91638	582	consensus	12	110M
81701	583	consensus	7	110M
91639	584	consensus	4	110M
91640	585	consensus	8	110M
91641	586	consensus	25	110M
91642	587	consensus	4	110M
91643	588	consensus	5	110M
91644	589	consensus	14	110M
91645	590	consensus	4	110M
91646	591	consensus	5	110M
87495	592	GA	13	5D110M
91647	593	consensus	12	110M
91648	594	consensus	5	110M
91649	595	consensus	6	110M
91650	596	consensus	6	110M
8538	597	AC	6	110M17D
91651	598	consensus	9	110M
91652	599	consensus	8	110M
2024	600	AGC	7	110M
7465	601	AAGCG	6	110M
91653	602	consensus	4	110M
39602	603	CTTG	6	110M
91654	604	consensus	9	110M
91655	605	consensus	7	110M
163	606	AT	7	110M1D
91656	607	consensus	15	110M
91657	608	consensus	6	110M
91658	609	consensus	7	110M
91659	610	consensus	7	110M
91660	611	consensus	13	118M
91661	612	consensus	20	110M
91662	613	consensus	12	110M
4227	614	TATTCTAA	9	110M
7344	615	consensus	4	110M
71913	616	consensus	7	1M3D109M
91663	617	consensus	5	110M
91664	618	consensus	9	110M
91665	619	consensus	5	110M
91666	620	consensus	4	110M
91667	621	consensus	9	110M
91668	622	consensus	4	110M
91669	623	consensus	10	110M
91670	624	consensus	4	110M
91671	625	consensus	5	110M
91672	626	consensus	7	110M
91673	627	consensus	4	110M
91674	628	consensus	4	110M
3747	629	consensus	4	110M
91675	630	consensus	8	110M
91676	631	consensus	25	110M
91677	632	consensus	4	110M
31986	633	consensus	9	110M
91678	634	consensus	9	110M
91679	635	consensus	5	110M
91680	636	consensus	4	110M
91681	637	consensus	5	110M
91682	638	consensus	10	110M
91683	639	consensus	9	110M
91684	640	consensus	9	110M
91685	641	consensus	7	110M
91686	642	consensus	4	110M
33978	643	CGCAG	10	110M
91687	644	consensus	14	110M
91688	645	consensus	4	110M
91689	646	consensus	5	110M
91690	647	consensus	11	110M
91691	648	consensus	5	110M
91692	649	consensus	28	110M
91693	650	consensus	8	110M
91694	651	consensus	21	110M
91695	652	consensus	7	110M
91696	653	consensus	4	110M
91697	654	consensus	13	110M
91698	655	consensus	5	110M
9844	656	T	5	110M
91699	657	consensus	10	110M
91700	658	consensus	7	110M
91701	659	consensus	4	110M
91702	660	consensus	22	110M
91703	661	consensus	7	110M
91704	662	consensus	4	110M
91705	663	consensus	5	110M
91706	664	consensus	6	110M
91707	665	consensus	8	110M
91708	666	consensus	8	110M
91709	667	consensus	6	110M
91710	668	consensus	8	110M
1698	669	AA	5	110M
91711	670	consensus	11	110M
91712	671	consensus	4	110M
91713	672	consensus	5	110M
91714	673	consensus	7	110M
91715	674	consensus	5	110M
91716	675	consensus	4	110M
91717	676	consensus	4	110M
91718	677	consensus	8	110M
91719	678	consensus	6	110M
91720	679	consensus	11	110M
91721	680	consensus	4	110M
91722	681	consensus	4	110M
91723	682	consensus	6	110M
91724	683	consensus	12	110M
883	684	consensus	4	110M
91725	685	consensus	8	110M
91726	686	consensus	5	110M
91727	687	consensus	7	110M
91728	688	consensus	9	110M
91729	689	consensus	5	110M
91730	690	consensus	10	110M
91731	691	consensus	7	110M
91732	692	consensus	20	110M
91733	693	consensus	4	110M
91734	694	consensus	8	110M
91735	695	consensus	6	110M
91736	696	consensus	7	110M
91737	697	consensus	7	110M
91738	698	consensus	4	110M
91739	699	consensus	14	110M
91740	700	consensus	5	110M
91741	701	consensus	25	110M
91742	702	consensus	7	110M
91743	703	consensus	11	110M
91744	704	consensus	5	110M
91745	705	consensus	10	110M
2752	706	CA	13	35M16D75M2D
2333	707	CTAT	6	14D110M
91746	708	consensus	6	119M
91747	709	consensus	7	110M
91748	710	consensus	14	110M
91749	711	consensus	7	122M
91750	712	consensus	7	110M
91751	713	consensus	7	110M
4296	714	G	5	110M
91752	715	consensus	9	110M
91753	716	consensus	8	110M
91754	717	consensus	5	110M
271	718	GTA	4	110M1D
91755	719	consensus	9	110M
91756	720	consensus	10	110M
91757	721	consensus	10	110M
91758	722	C	3	110M
91758	722	T	4	110M
5148	723	AA	7	110M
91759	724	consensus	7	110M
91760	725	consensus	5	110M
91761	726	consensus	10	110M
91762	727	consensus	6	110M
91763	728	consensus	6	110M
189	729	G	8	110M1D
30629	730	A	4	2M6D108M6D
91764	731	consensus	5	110M
91765	732	consensus	5	110M
91766	733	consensus	12	110M
91767	734	consensus	11	110M
5270	735	A	7	110M1D
91768	736	consensus	8	110M
91769	737	consensus	12	110M
91770	738	consensus	4	110M
91771	739	consensus	5	110M
66168	740	GGAC	13	110M
91772	741	consensus	8	110M
91773	742	consensus	4	110M
91774	743	consensus	9	110M
2032	744	AA	8	110M
91775	745	consensus	10	110M
91776	746	consensus	4	110M
91777	747	consensus	5	110M
91778	748	consensus	5	110M
91779	749	consensus	7	110M
91780	750	consensus	5	110M
91781	751	consensus	5	110M
91782	752	consensus	9	110M
91783	753	consensus	8	110M
91784	754	consensus	15	110M
10449	755	consensus	4	110M15D
91785	756	consensus	7	110M
91786	757	consensus	4	110M
91787	758	consensus	13	118M
91788	759	consensus	5	110M
91789	760	consensus	5	110M
91790	761	consensus	14	110M
91791	762	consensus	5	110M
91792	763	consensus	6	110M
91793	764	consensus	6	110M
91794	765	consensus	5	110M
91795	766	consensus	8	110M
91796	767	consensus	5	110M
91797	768	consensus	6	110M
91798	769	consensus	8	110M
88096	770	C	10	110M
91799	771	consensus	6	110M
91800	772	consensus	7	110M
91801	773	consensus	14	110M
91802	774	consensus	5	110M
1636	775	TCCTGTGGG	4	110M
91803	776	consensus	4	110M
91804	777	consensus	5	110M
91805	778	consensus	9	110M
91806	779	consensus	6	110M
91807	780	consensus	19	110M
91808	781	consensus	11	110M
91809	782	consensus	4	110M
91810	783	consensus	4	110M
91811	784	consensus	10	110M
91812	785	consensus	10	110M
91813	786	consensus	4	110M
91814	787	consensus	4	110M
1171	788	ATTGA	21	110M
91815	789	consensus	4	110M
5215	790	AA	5	110M
1600	791	A	7	110M
91816	792	consensus	4	110M
91817	793	consensus	22	110M
91818	794	consensus	6	110M
91819	795	consensus	5	110M
90673	796	consensus	4	110M
91820	797	consensus	4	110M
91821	798	consensus	6	110M
91822	799	consensus	6	110M
91823	800	consensus	7	110M
91824	801	consensus	5	110M
91825	802	consensus	7	110M
91826	803	consensus	11	110M
91827	804	consensus	5	110M
91828	805	consensus	5	110M
91829	806	consensus	8	110M
91830	807	consensus	9	110M
91831	808	consensus	7	110M
91832	809	consensus	6	110M
91833	810	consensus	5	110M
91834	811	consensus	5	110M
91835	812	consensus	4	110M
91836	813	consensus	9	110M
91837	814	consensus	5	110M
91838	815	consensus	4	110M
8211	816	TG	16	106M2D4M
12328	817	G	9	110M
32647	818	GG	5	110M
91839	819	consensus	4	110M
91840	820	consensus	8	110M
91841	821	consensus	8	110M
91842	822	consensus	8	110M
91843	823	consensus	15	110M
91844	824	consensus	7	110M
91845	825	consensus	6	110M
91846	826	consensus	7	110M
91847	827	consensus	10	110M
91848	828	consensus	21	110M
91849	829	C	4	110M
91849	829	T	5	110M
91850	830	consensus	7	110M
25792	831	consensus	4	110M
91851	832	consensus	4	110M
2145	833	TTCT	11	44M1D66M2D
91852	834	consensus	10	110M
91853	835	consensus	10	110M
91854	836	consensus	13	110M
91855	837	consensus	13	110M
91856	838	consensus	4	110M
91857	839	consensus	10	119M
44692	840	consensus	11	110M
91858	841	consensus	7	110M
91859	842	consensus	4	110M
91860	843	consensus	11	110M
65220	844	CG	17	110M
91861	845	consensus	13	110M
91862	846	consensus	8	110M
91863	847	consensus	4	110M
91864	848	consensus	15	111M
91865	849	consensus	7	110M
91866	850	consensus	9	110M
7228	851	consensus	8	110M
91867	852	consensus	4	110M
91868	853	consensus	5	110M
5683	854	CCAACC	8	110M
91869	855	consensus	5	110M
91870	856	consensus	8	110M
91871	857	consensus	5	110M
1852	858	consensus	5	11D110M
91872	859	consensus	7	110M
91873	860	consensus	8	110M
91874	861	consensus	6	110M
91875	862	consensus	6	110M
13607	863	consensus	7	110M
91876	864	consensus	7	110M
2732	865	TAAC	7	102M1D8M
91877	866	consensus	7	110M
479	867	TATA	5	65M1D45M1D
91878	868	consensus	18	110M
68597	869	A	7	110M
91879	870	consensus	8	110M
91880	871	consensus	20	110M
91881	872	consensus	4	110M
91882	873	consensus	5	110M
91883	874	consensus	6	110M
91884	875	consensus	7	110M
91885	876	consensus	4	110M
91886	877	consensus	24	110M
91887	878	consensus	9	110M
91888	879	consensus	5	110M
91889	880	consensus	5	110M
495	881	consensus	4	110M
91890	882	consensus	4	110M
91891	883	consensus	8	110M
91892	884	consensus	8	110M
91893	885	consensus	11	110M
91894	886	consensus	12	110M
91895	887	consensus	5	110M
91896	888	consensus	6	110M
91897	889	consensus	4	110M
91898	890	consensus	15	110M
91899	891	consensus	9	110M
91900	892	consensus	5	110M
91901	893	consensus	4	110M
5628	894	C	9	110M
91902	895	consensus	15	110M
91903	896	consensus	4	110M
7683	897	consensus	9	110M
4867	898	consensus	12	110M1D
91904	899	consensus	12	110M
91905	900	consensus	11	110M
2230	901	A	6	110M
91906	902	consensus	6	110M
91907	903	consensus	11	110M
91908	904	consensus	12	110M
91909	905	consensus	5	110M
91910	906	consensus	8	110M
1877	907	CAGGTTT	9	110M
91911	908	consensus	4	110M
91912	909	consensus	18	110M
91913	910	consensus	4	110M
91914	911	consensus	7	110M
91915	912	consensus	11	110M
91916	913	consensus	15	110M
91917	914	consensus	11	110M
86394	915	consensus	18	110M
5954	916	consensus	4	110M
91918	917	consensus	6	110M
91919	918	consensus	7	110M
91920	919	consensus	5	110M
91921	920	consensus	20	110M
5389	921	G	5	110M
91922	922	consensus	5	110M
91923	923	consensus	6	110M
91924	924	consensus	4	110M
36090	925	consensus	13	110M
91925	926	consensus	6	110M
91926	927	consensus	9	110M
91927	928	consensus	6	110M
91928	929	consensus	7	110M
91929	930	consensus	5	110M
91930	931	consensus	9	110M
91931	932	consensus	17	110M
91932	933	consensus	4	110M
3676	934	T	7	110M
91933	935	consensus	14	111M
91934	936	consensus	4	110M
67426	937	consensus	20	110M
91935	938	consensus	5	110M
85398	939	consensus	10	2D110M
91936	940	consensus	8	110M
91937	941	consensus	8	110M
91938	942	consensus	6	110M
91939	943	consensus	5	110M
91940	944	consensus	7	110M
6470	945	consensus	4	110M
91941	946	consensus	14	110M
91942	947	consensus	13	110M
91943	948	consensus	6	113M
91944	949	consensus	4	110M
91945	950	consensus	14	110M
91946	951	consensus	5	110M
91947	952	consensus	8	110M
91948	953	consensus	4	110M
91949	954	consensus	6	110M
91950	955	consensus	9	110M
91951	956	consensus	4	110M
91952	957	consensus	13	110M
2190	958	consensus	11	20D110M
91953	959	consensus	4	110M
91954	960	consensus	7	110M
91955	961	C	4	110M
91955	961	T	8	110M
91956	962	consensus	17	110M
91957	963	consensus	8	110M
91958	964	consensus	6	110M
91959	965	consensus	5	110M
91960	966	consensus	4	110M
91961	967	consensus	9	110M
91962	968	consensus	4	110M
91963	969	consensus	22	110M
91964	970	consensus	4	110M
91965	971	consensus	7	110M
91966	972	consensus	5	110M
91967	973	consensus	4	110M
91968	974	consensus	7	110M
91969	975	consensus	8	110M
91970	976	consensus	19	110M
91971	977	consensus	6	110M
91972	978	consensus	14	110M
91973	979	consensus	4	110M
91974	980	consensus	4	110M
91975	981	consensus	4	110M
91976	982	consensus	5	110M
91977	983	consensus	5	110M
91978	984	consensus	4	110M
857	985	AA	6	11D110M11D
91979	986	consensus	6	111M
91980	987	consensus	4	110M
91981	988	consensus	6	110M
91982	989	consensus	4	110M
91983	990	consensus	10	110M
91984	991	consensus	5	110M
91985	992	consensus	17	110M
91986	993	consensus	6	110M
62065	994	consensus	15	4M4D106M8D
32054	995	CTA	4	110M
91987	996	consensus	6	110M
85313	997	consensus	21	110M
26166	998	CC	4	8D110M
91988	999	consensus	6	110M
91989	1000	consensus	5	110M
91990	1001	consensus	6	110M
91991	1002	consensus	6	110M
91992	1003	consensus	7	110M
91993	1004	consensus	8	110M
85490	1005	consensus	11	110M
91994	1006	consensus	4	110M
91995	1007	consensus	6	110M
91996	1008	consensus	8	110M
91997	1009	consensus	11	110M
91998	1010	consensus	5	110M
91999	1011	consensus	5	110M
92000	1012	consensus	4	110M
92001	1013	consensus	14	110M
92002	1014	consensus	9	110M
92003	1015	consensus	8	110M
92004	1016	consensus	8	110M
92005	1017	consensus	7	110M
423	1018	TAACC	5	110M3D
92006	1019	consensus	6	110M
92007	1020	consensus	7	110M
92008	1021	consensus	13	110M
92009	1022	consensus	4	110M
92010	1023	consensus	6	110M
92011	1024	consensus	7	110M
92012	1025	consensus	20	110M
92013	1026	consensus	5	110M
92014	1027	consensus	5	110M
54184	1028	CCCAGC	9	110M
92015	1029	consensus	4	110M
92016	1030	consensus	11	110M
92017	1031	consensus	5	110M
1778	1032	T	6	110M
92018	1033	consensus	11	110M
92019	1034	consensus	4	110M
92020	1035	consensus	4	110M
3535	1036	consensus	7	110M
92021	1037	consensus	9	110M
92022	1038	consensus	4	110M
92023	1039	consensus	12	110M
92024	1040	consensus	16	110M
92025	1041	consensus	12	110M
6979	1042	GATC	4	110M
92026	1043	consensus	17	110M
92027	1044	consensus	4	110M
85223	1045	consensus	9	110M
92028	1046	consensus	6	110M
92029	1047	consensus	5	110M
15033	1048	T	12	110M
92030	1049	consensus	9	110M
92031	1050	consensus	8	110M
92032	1051	consensus	4	110M
92033	1052	consensus	6	110M
6196	1053	CAA	19	110M
92034	1054	consensus	6	110M
92035	1055	consensus	4	110M
92036	1056	consensus	14	110M
92037	1057	consensus	5	110M
92038	1058	consensus	6	110M
7685	1059	consensus	6	110M
92039	1060	consensus	6	110M
92040	1061	consensus	12	110M
92041	1062	consensus	4	110M
92042	1063	consensus	28	110M
92043	1064	consensus	15	110M
92044	1065	consensus	8	110M
92045	1066	consensus	5	110M
1571	1067	AC	4	110M
92046	1068	consensus	6	110M
92047	1069	consensus	21	110M
92048	1070	consensus	5	110M
92049	1071	consensus	24	110M
2666	1072	A	6	110M
92050	1073	consensus	9	110M
92051	1074	consensus	10	110M
92052	1075	consensus	5	110M
92053	1076	consensus	14	110M
92054	1077	consensus	8	113M
92055	1078	consensus	4	110M
92056	1079	consensus	18	110M
92057	1080	consensus	8	110M
92058	1081	consensus	6	110M
92059	1082	consensus	26	110M
2804	1083	consensus	4	110M1D
92060	1084	consensus	11	110M
92061	1085	consensus	7	117M
92062	1086	consensus	12	110M
92063	1087	consensus	4	110M
24207	1088	CA	9	104M8D6M
92064	1089	consensus	7	110M
92065	1090	consensus	4	110M
92066	1091	consensus	9	110M
65510	1092	consensus	9	110M
92067	1093	consensus	6	110M
92068	1094	consensus	13	110M
474	1095	consensus	7	110M
92069	1096	consensus	7	110M
92070	1097	consensus	8	110M
92071	1098	consensus	7	110M
92072	1099	consensus	4	110M
92073	1100	consensus	5	110M
92074	1101	consensus	8	110M
92075	1102	consensus	22	110M
92076	1103	consensus	8	110M
92077	1104	consensus	9	110M
92078	1105	consensus	5	110M
92079	1106	consensus	21	110M
6573	1107	A	4	110M1D
92080	1108	consensus	11	110M
92081	1109	consensus	5	110M
92082	1110	consensus	4	110M
92083	1111	consensus	8	110M
92084	1112	consensus	5	110M
92085	1113	consensus	7	110M
92086	1114	consensus	7	110M
92087	1115	consensus	12	110M
92088	1116	consensus	7	110M
92089	1117	consensus	4	110M
92090	1118	consensus	4	110M
2377	1119	ACG	4	58M1D52M
92091	1120	consensus	4	110M
92092	1121	consensus	8	110M
92093	1122	consensus	4	110M
92094	1123	consensus	10	110M
92095	1124	consensus	7	110M
92096	1125	consensus	8	110M
92097	1126	consensus	9	110M
92098	1127	consensus	11	110M
92099	1128	consensus	8	110M
92100	1129	consensus	7	110M
92101	1130	consensus	5	110M
92102	1131	consensus	11	110M
92103	1132	consensus	8	110M
92104	1133	consensus	11	110M
92105	1134	consensus	7	110M
92106	1135	consensus	10	110M
92107	1136	consensus	9	110M
92108	1137	consensus	7	110M
92109	1138	consensus	6	110M
92110	1139	consensus	5	110M
92111	1140	consensus	21	110M
92112	1141	consensus	4	110M
92113	1142	consensus	14	110M
92114	1143	consensus	17	110M
92115	1144	consensus	10	110M
92116	1145	consensus	6	110M
92117	1146	consensus	12	110M
92118	1147	consensus	4	110M
92119	1148	consensus	15	110M
92120	1149	consensus	5	121M
5004	1150	consensus	5	110M
3501	1151	consensus	6	110M
1675	1152	A	5	43M1D67M
92121	1153	consensus	4	110M
63303	1154	consensus	7	110M
92122	1155	consensus	5	110M
92123	1156	consensus	7	110M
92124	1157	consensus	5	110M
92125	1158	consensus	9	110M
92126	1159	consensus	4	110M
92127	1160	consensus	4	110M
92128	1161	consensus	6	110M
92129	1162	consensus	8	110M
92130	1163	consensus	16	110M
8111	1164	consensus	4	110M
92131	1165	consensus	7	110M
92132	1166	consensus	5	110M
92133	1167	consensus	7	110M
7424	1168	A	6	110M16D
92134	1169	consensus	8	110M
92135	1170	consensus	6	110M
92136	1171	consensus	10	110M
92137	1172	consensus	7	110M
92138	1173	consensus	4	110M
92139	1174	consensus	12	110M
92140	1175	consensus	6	110M
92141	1176	consensus	12	110M
92142	1177	consensus	22	110M
92143	1178	consensus	4	110M
92144	1179	consensus	5	110M
92145	1180	consensus	8	110M
92146	1181	consensus	5	110M
92147	1182	consensus	7	121M
92148	1183	consensus	4	110M
92149	1184	consensus	6	110M
30354	1185	consensus	9	111M10D
92150	1186	consensus	8	110M
92151	1187	consensus	9	110M
92152	1188	consensus	4	110M
92153	1189	consensus	5	110M
92154	1190	consensus	4	110M
92155	1191	consensus	8	110M
92156	1192	consensus	9	110M
32641	1193	TG	8	8M1D89M2D13M1D
92157	1194	consensus	6	110M
92158	1195	consensus	6	110M
92159	1196	consensus	8	110M
92160	1197	consensus	14	6D110M
92161	1198	consensus	4	110M
92162	1199	consensus	4	110M
677	1200	GA	4	110M1D
92163	1201	consensus	9	110M
92164	1202	consensus	4	110M
92165	1203	consensus	4	110M
92166	1204	consensus	16	110M
92167	1205	consensus	5	110M
92168	1206	consensus	4	110M
92169	1207	consensus	7	110M
92170	1208	consensus	4	110M
92171	1209	consensus	4	110M
92172	1210	consensus	6	110M
92173	1211	consensus	4	110M
92174	1212	consensus	12	110M
92175	1213	consensus	14	110M
92176	1214	consensus	16	110M
92177	1215	consensus	5	110M
92178	1216	consensus	5	110M
92179	1217	consensus	5	110M
92180	1218	consensus	7	115M
1575	1219	AG	4	110M
92181	1220	consensus	18	110M
92182	1221	consensus	11	110M
26957	1222	consensus	7	110M11D
92183	1223	consensus	4	110M
92184	1224	consensus	5	110M
92185	1225	consensus	6	110M
92186	1226	consensus	5	110M
92187	1227	consensus	5	110M
92188	1228	consensus	6	110M
92189	1229	consensus	8	110M
92190	1230	consensus	6	110M
92191	1231	consensus	22	110M
92192	1232	consensus	4	110M
92193	1233	consensus	6	110M
92194	1234	consensus	9	110M
92195	1235	consensus	7	110M
92196	1236	consensus	24	110M
92197	1237	consensus	6	110M
92198	1238	consensus	14	110M
2994	1239	GT	8	110M
92199	1240	consensus	10	110M
92200	1241	consensus	9	110M
92201	1242	consensus	9	110M
92202	1243	consensus	4	110M
92203	1244	consensus	17	110M
92204	1245	consensus	6	110M
92205	1246	consensus	4	110M
92206	1247	consensus	11	110M
92207	1248	consensus	4	110M
92208	1249	consensus	4	110M
12755	1250	consensus	5	18D110M
92209	1251	consensus	4	110M
92210	1252	consensus	15	110M
92211	1253	consensus	5	110M
92212	1254	consensus	4	110M
92213	1255	consensus	23	110M
92214	1256	consensus	8	110M
92215	1257	consensus	8	110M
92216	1258	consensus	6	110M
92217	1259	consensus	4	110M
92218	1260	consensus	25	110M
92219	1261	consensus	8	110M
92220	1262	consensus	9	110M
92221	1263	consensus	4	110M
92222	1264	consensus	6	110M
92223	1265	consensus	13	110M
92224	1266	consensus	7	110M
92225	1267	consensus	5	110M
92226	1268	consensus	5	110M
92227	1269	consensus	11	110M
92228	1270	consensus	4	110M
92229	1271	consensus	11	110M
92230	1272	consensus	4	110M
92231	1273	consensus	11	110M
92232	1274	consensus	11	110M
92233	1275	consensus	5	110M
1670	1276	consensus	7	110M
2307	1277	consensus	6	110M
92234	1278	consensus	7	110M
92235	1279	consensus	14	110M
92236	1280	consensus	7	110M
79245	1281	GCCA	7	110M
92237	1282	consensus	6	110M
92238	1283	consensus	10	110M
92239	1284	consensus	13	110M
92240	1285	consensus	4	110M
92241	1286	consensus	5	110M
92242	1287	consensus	4	110M
620	1288	TCGGC	4	110M1D
92243	1289	consensus	4	110M
92244	1290	consensus	4	110M
92245	1291	consensus	4	110M
92246	1292	consensus	6	110M
92247	1293	consensus	5	110M
92248	1294	consensus	13	110M
1518	1295	consensus	9	110M
92249	1296	consensus	8	110M
92250	1297	consensus	10	110M
92251	1298	consensus	5	110M
92252	1299	consensus	7	110M
92253	1300	consensus	5	110M
372	1301	G	7	110M
92254	1302	consensus	15	110M
92255	1303	consensus	4	110M
92256	1304	consensus	10	110M
92257	1305	consensus	6	110M
92258	1306	consensus	4	110M
92259	1307	consensus	4	110M
92260	1308	consensus	23	110M
92261	1309	consensus	14	110M
92262	1310	consensus	14	110M
92263	1311	consensus	11	110M
92264	1312	consensus	7	110M
92265	1313	consensus	17	110M
92266	1314	consensus	7	110M
92267	1315	consensus	11	110M
92268	1316	consensus	10	110M
92269	1317	consensus	7	110M
92270	1318	consensus	10	110M
92271	1319	consensus	7	110M
92272	1320	consensus	11	110M
92273	1321	consensus	4	110M
92274	1322	consensus	14	110M
6597	1323	C	14	110M
92275	1324	consensus	8	110M
92276	1325	consensus	6	110M
92277	1326	consensus	9	110M
92278	1327	consensus	8	110M
92279	1328	consensus	16	110M
92280	1329	consensus	6	110M
92281	1330	consensus	14	110M
92282	1331	consensus	16	110M
62091	1332	consensus	11	10D110M
92283	1333	consensus	4	110M
92284	1334	consensus	6	110M
92285	1335	consensus	8	110M
92286	1336	consensus	11	110M
92287	1337	consensus	5	110M
92288	1338	consensus	5	110M
92289	1339	consensus	6	110M
56474	1340	consensus	8	110M3D
92290	1341	consensus	11	110M
92291	1342	consensus	6	110M
92292	1343	consensus	12	110M
92293	1344	consensus	5	110M
92294	1345	consensus	6	110M
92295	1346	consensus	18	110M
92296	1347	consensus	13	110M
92297	1348	consensus	20	110M
92298	1349	consensus	5	110M
92299	1350	consensus	6	110M
92300	1351	consensus	10	110M
92301	1352	consensus	7	110M
92302	1353	consensus	10	120M
92303	1354	consensus	5	110M
92304	1355	consensus	6	110M
92305	1356	consensus	5	110M
92306	1357	consensus	13	110M
92307	1358	consensus	4	110M
92308	1359	consensus	12	110M
92309	1360	consensus	5	110M
8730	1361	consensus	6	110M17D
92310	1362	consensus	5	110M
92311	1363	consensus	4	110M
92312	1364	consensus	4	110M
92313	1365	consensus	5	110M
92314	1366	consensus	4	110M
92315	1367	consensus	8	110M
92316	1368	consensus	5	110M
92317	1369	consensus	10	110M
92318	1370	consensus	6	119M
92319	1371	consensus	11	110M
92320	1372	consensus	5	110M
92321	1373	consensus	8	110M
92322	1374	consensus	4	110M
92323	1375	consensus	8	110M
92324	1376	consensus	13	110M
58147	1377	consensus	4	110M8D
92325	1378	consensus	4	110M
92326	1379	consensus	6	110M
92327	1380	consensus	6	110M
92328	1381	consensus	14	111M
92329	1382	consensus	6	110M
92330	1383	consensus	11	110M
92331	1384	consensus	10	110M
92332	1385	consensus	4	110M
92333	1386	consensus	5	110M
92334	1387	consensus	5	110M
92335	1388	consensus	5	111M
92336	1389	consensus	8	110M
92337	1390	consensus	9	110M
92338	1391	consensus	5	111M
92339	1392	consensus	5	110M
92340	1393	consensus	7	110M
92341	1394	consensus	14	110M
92342	1395	consensus	4	110M
92343	1396	consensus	4	110M
3562	1397	consensus	10	110M
92344	1398	consensus	6	110M
92345	1399	consensus	5	110M
92346	1400	consensus	6	110M
92347	1401	consensus	5	110M
41754	1402	consensus	5	110M
92348	1403	consensus	6	110M
92349	1404	consensus	8	110M
92350	1405	consensus	5	110M
92351	1406	consensus	9	110M
3509	1407	AACA	5	98M1D11M1D1M
92352	1408	consensus	11	110M
92353	1409	consensus	5	110M
92354	1410	consensus	9	110M
92355	1411	consensus	14	110M
92356	1412	consensus	4	110M
92357	1413	consensus	8	110M
48061	1414	consensus	6	110M
92358	1415	consensus	5	110M
92359	1416	consensus	7	110M
92360	1417	consensus	9	110M
92361	1418	consensus	10	110M
92362	1419	consensus	7	110M
92363	1420	consensus	11	110M
92364	1421	consensus	7	110M
87854	1422	consensus	7	110M
92365	1423	consensus	5	110M
92366	1424	consensus	5	110M
92367	1425	consensus	5	110M
92368	1426	consensus	4	110M
92369	1427	consensus	4	110M
92370	1428	consensus	6	110M
92371	1429	consensus	12	110M
92372	1430	consensus	6	110M
92373	1431	consensus	24	110M
92374	1432	consensus	4	110M
92375	1433	consensus	14	110M
92376	1434	consensus	8	110M
92377	1435	consensus	14	110M
92378	1436	consensus	8	110M
92379	1437	consensus	5	110M
92380	1438	consensus	11	110M
92381	1439	consensus	5	110M
92382	1440	consensus	5	110M
92383	1441	consensus	7	110M
92384	1442	consensus	4	110M
92385	1443	consensus	11	110M
92386	1444	consensus	12	110M
92387	1445	consensus	17	110M
92388	1446	consensus	13	110M
92389	1447	consensus	5	110M
92390	1448	consensus	15	119M
92391	1449	consensus	4	110M
92392	1450	consensus	4	110M
92393	1451	consensus	10	110M
92394	1452	consensus	12	110M
92395	1453	consensus	7	110M
92396	1454	consensus	6	110M
92397	1455	consensus	11	110M
92398	1456	consensus	4	110M
92399	1457	consensus	4	110M
92400	1458	consensus	5	110M
92401	1459	consensus	4	110M
92402	1460	consensus	5	110M
92403	1461	consensus	4	110M
92404	1462	consensus	5	110M
92405	1463	consensus	16	110M
92406	1464	consensus	7	110M
92407	1465	consensus	15	110M
92408	1466	consensus	4	110M
92409	1467	consensus	12	110M
92410	1468	consensus	4	110M
5364	1469	consensus	5	110M
92411	1470	consensus	9	110M
92412	1471	consensus	6	118M
92413	1472	consensus	6	110M
92414	1473	consensus	8	110M
92415	1475	AG	4	110M
92415	1475	GA	5	110M
2274	1476	consensus	7	110M
92416	1477	consensus	5	110M
87394	1478	consensus	5	110M
92417	1479	consensus	5	110M
92418	1480	consensus	4	110M
92419	1481	consensus	15	110M
92420	1482	consensus	4	110M
92421	1483	consensus	5	110M
19117	1484	TGTG	14	110M
92422	1485	consensus	5	110M
92423	1486	consensus	4	110M
92424	1487	consensus	4	110M
1762	1488	CGA	5	11M1D99M2D
92425	1489	consensus	6	110M
92426	1490	consensus	4	110M
92427	1491	consensus	5	110M
92428	1492	consensus	11	110M
2106	1493	TG	5	110M1D
92429	1494	consensus	7	110M
92430	1495	consensus	4	110M
88907	1496	consensus	5	110M
4872	1497	consensus	5	110M
92431	1498	consensus	5	110M
92432	1499	consensus	8	110M
92433	1500	consensus	7	110M
92434	1501	consensus	19	110M
92435	1502	consensus	9	110M
92436	1503	consensus	4	110M
92437	1504	consensus	4	110M
92438	1505	consensus	6	110M
73917	1506	consensus	6	101M3D8M1D1M
92439	1507	consensus	10	110M
92440	1508	consensus	7	110M
92441	1509	consensus	4	110M
92442	1510	consensus	6	110M
92443	1511	consensus	19	110M
92444	1512	consensus	15	110M
92445	1513	consensus	5	110M
92446	1514	consensus	6	110M
92447	1515	consensus	4	110M
92448	1516	consensus	14	110M
4001	1517	GC	4	110M
92449	1518	consensus	6	110M
1110	1519	GC	9	9D110M7D
15881	1520	A	14	110M
92450	1521	consensus	6	110M
92451	1522	consensus	8	110M
92452	1523	consensus	7	110M
92453	1524	consensus	4	110M
92454	1525	consensus	5	110M
92455	1526	consensus	8	110M
92456	1527	consensus	13	110M
92457	1528	consensus	8	110M
2728	1529	T	11	110M
92458	1530	consensus	4	110M
92459	1531	consensus	11	110M
92460	1532	consensus	12	110M
92461	1533	consensus	6	110M
92462	1534	consensus	5	110M
584	1535	consensus	10	66M4D44M
92463	1536	consensus	6	110M
92464	1537	consensus	6	110M
92465	1538	consensus	8	110M
92466	1539	consensus	7	110M
92467	1540	consensus	5	110M
92468	1541	consensus	8	110M
92469	1542	consensus	4	110M
92470	1543	consensus	6	110M
92471	1544	consensus	9	111M
45552	1545	consensus	4	110M3D
92472	1546	consensus	6	110M
92473	1547	consensus	12	110M
92474	1548	consensus	9	110M
92475	1549	consensus	6	110M
92476	1550	consensus	4	110M
92477	1551	consensus	6	110M
92478	1552	consensus	5	110M
92479	1553	consensus	6	110M
92480	1554	consensus	7	110M
92481	1555	consensus	4	110M
92482	1556	consensus	4	110M
92483	1557	consensus	6	110M
2143	1558	T	7	110M
92484	1559	consensus	4	110M
92485	1560	consensus	10	110M
92486	1561	consensus	9	110M
92487	1562	consensus	9	117M
92488	1563	consensus	5	110M
92489	1564	consensus	4	110M
92490	1565	consensus	6	110M
92491	1566	consensus	7	110M
92492	1567	consensus	8	110M
92493	1568	consensus	17	110M
92494	1569	consensus	7	110M
92495	1570	consensus	9	110M
92496	1571	consensus	9	110M
2970	1572	A	7	110M
92497	1573	consensus	5	110M
92498	1574	consensus	4	110M
92499	1575	consensus	4	110M
92500	1576	consensus	7	118M
92501	1577	consensus	4	110M
92502	1578	consensus	4	110M
92503	1579	consensus	7	110M
92504	1580	consensus	6	110M
480	1581	consensus	7	110M20D
92505	1582	consensus	5	110M
92506	1583	consensus	8	110M
92507	1584	consensus	12	110M
92508	1585	consensus	4	110M
92509	1586	consensus	22	110M
92510	1587	consensus	11	110M
92511	1588	consensus	5	110M
92512	1589	consensus	6	110M
92513	1590	consensus	16	110M
92514	1591	consensus	7	110M
92515	1592	consensus	4	110M
92516	1593	consensus	5	110M
92517	1594	consensus	6	110M
92518	1595	consensus	5	110M
92519	1596	consensus	4	110M
56138	1597	GG	8	110M
92520	1598	consensus	7	110M
92521	1599	consensus	5	110M
35316	1600	TT	7	3M17D107M
92522	1601	consensus	7	110M
92523	1602	consensus	5	110M
92524	1603	consensus	5	110M
92525	1604	consensus	8	110M
92526	1605	consensus	15	110M
92527	1606	consensus	9	110M
92528	1607	consensus	10	110M
92529	1608	consensus	6	110M
92530	1609	consensus	4	110M
92531	1610	consensus	14	115M
26466	1611	consensus	8	6D110M4D
92532	1612	consensus	4	110M
92533	1613	consensus	4	110M
92534	1614	consensus	7	110M
92535	1615	consensus	8	110M
92536	1616	consensus	13	110M
158	1617	consensus	9	112M1D
65729	1618	AAG	4	110M
92537	1619	consensus	5	110M
92538	1620	consensus	4	110M
92539	1621	consensus	14	110M
92540	1622	consensus	6	110M
92541	1623	consensus	4	110M
92542	1624	consensus	6	110M
92543	1625	consensus	11	110M
92544	1626	consensus	10	110M
21338	1627	AC	4	110M
92545	1628	consensus	4	110M
92546	1629	consensus	11	110M
92547	1630	consensus	4	110M
2916	1631	GA	8	110M
92548	1632	consensus	7	110M
92549	1633	consensus	5	110M
92550	1634	consensus	4	110M
33133	1635	consensus	5	110M17D
92551	1636	consensus	17	110M
92552	1637	consensus	4	110M
92553	1638	consensus	5	110M
92554	1639	consensus	4	110M
5830	1640	GG	10	110M
30321	1641	TCC	5	110M
86421	1642	CCCC	6	110M
92555	1643	consensus	5	110M
92556	1644	consensus	11	110M
4234	1645	consensus	6	5D110M12D
92557	1646	consensus	6	110M
92558	1647	consensus	8	110M
92559	1648	consensus	9	110M
92560	1649	consensus	4	110M
92561	1650	consensus	4	110M
92562	1651	consensus	11	110M
19175	1652	consensus	4	11D110M14D
92563	1653	consensus	6	110M
92564	1654	consensus	9	110M
92565	1655	consensus	4	110M
92566	1656	consensus	5	110M
92567	1657	consensus	4	110M
92568	1658	consensus	7	110M
92569	1659	consensus	6	110M
2935	1660	consensus	4	110M
2034	1661	CCAT	9	110M1D
92570	1662	consensus	6	110M
92571	1663	consensus	5	110M
92572	1664	consensus	4	110M
92573	1665	consensus	5	110M
92574	1666	consensus	8	110M
92575	1667	consensus	4	110M
92576	1668	consensus	5	110M
92577	1669	consensus	6	110M
92578	1670	consensus	6	110M
92579	1671	consensus	10	110M
92580	1672	consensus	6	110M
92581	1673	consensus	8	110M
3849	1674	consensus	6	110M
92582	1675	consensus	7	110M
92583	1676	consensus	6	110M
92584	1677	consensus	14	110M
92585	1678	consensus	14	110M
92586	1679	consensus	12	110M
92587	1680	consensus	4	110M
92588	1681	consensus	8	110M
92589	1682	consensus	6	110M
92590	1683	consensus	7	110M
92591	1684	consensus	4	110M
92592	1685	consensus	7	110M
92593	1686	consensus	4	110M
92594	1687	consensus	4	110M
92595	1688	consensus	6	110M
92596	1689	consensus	5	110M
92597	1690	consensus	7	110M
92598	1691	consensus	9	110M
92599	1692	consensus	7	110M
92600	1693	consensus	6	110M
92601	1694	consensus	21	110M
92602	1695	consensus	7	110M
92603	1696	consensus	4	110M
92604	1697	consensus	5	110M
92605	1698	consensus	5	110M
92606	1699	consensus	4	110M
92607	1700	consensus	7	110M
92608	1701	consensus	6	110M
8291	1702	CTCGT	8	101M3D7M2D2M
92609	1703	consensus	21	110M
92610	1704	consensus	5	110M
92611	1705	consensus	8	110M
92612	1706	consensus	10	110M
92613	1707	consensus	6	110M
92614	1708	consensus	5	110M
92615	1709	consensus	4	110M
92616	1710	consensus	6	110M
1710	1711	CC	5	110M
92617	1712	consensus	22	110M
92618	1713	consensus	4	110M
92619	1714	consensus	6	110M
92620	1715	A	10	110M
92620	1715	G	4	110M
92621	1716	consensus	4	110M
92622	1717	consensus	6	110M
92623	1718	consensus	4	110M
92624	1719	consensus	5	110M
92625	1720	consensus	5	110M
1052	1721	A	4	110M
92626	1722	consensus	6	110M
92627	1723	consensus	17	110M
92628	1724	consensus	6	110M
92629	1725	consensus	6	110M
92630	1726	consensus	18	110M
4729	1727	G	5	110M
92631	1728	consensus	4	110M
92632	1729	consensus	11	110M
92633	1730	consensus	4	110M
92634	1731	consensus	9	110M
87275	1732	consensus	11	110M
92635	1733	consensus	4	110M
77259	1734	consensus	4	110M4D
92636	1735	consensus	5	110M
92637	1736	consensus	13	110M
92638	1737	consensus	8	110M
92639	1738	consensus	7	110M
92640	1739	consensus	7	110M
92641	1740	consensus	5	110M
92642	1741	consensus	11	110M
88358	1742	AC	6	110M
92643	1743	consensus	7	110M
92644	1744	consensus	4	110M
92645	1745	consensus	4	110M
92646	1746	consensus	5	110M
285	1747	CG	6	110M1D
92647	1748	consensus	5	110M
92648	1749	consensus	8	110M
92649	1750	consensus	5	110M
92650	1751	consensus	12	110M
92651	1752	consensus	4	110M
92652	1753	consensus	6	110M
92653	1754	consensus	11	121M
2256	1755	consensus	9	110M
92654	1756	consensus	6	110M
92655	1757	consensus	4	110M
92656	1758	consensus	4	110M
92657	1759	consensus	5	110M
92658	1760	consensus	4	110M
92659	1761	consensus	4	110M
92660	1762	consensus	9	110M
92661	1763	consensus	14	110M
92662	1764	consensus	8	110M
92663	1765	consensus	9	110M
92664	1766	consensus	10	110M
92665	1767	consensus	14	110M
# sstacks completed on 2026-03-06 12:15:14
