# sstacks version 2.68; generated on 2026-03-06 12:15:11
1206	1	TC	11	1M16D118M10D
62468	2	G	50	1M3D119M
1	3	AGA	30	1M11D119M13D
541	5	C	13	1M6D114M21D
4229	6	A	13	3M4D117M24D
39097	7	CCTAAAT	16	111M
39097	7	CCTCGAT	10	111M
55870	8	consensus	37	111M
62270	9	consensus	32	114M
686	10	CT	34	11D114M11D
72712	12	consensus	19	119M
12	13	G	51	1M8D110M14D
846	14	CN	16	20D113M6D
36426	16	consensus	22	111M
46665	17	GG	43	83M8D31M
25640	18	T	15	111M
53	19	T	13	24D120M5D
48244	20	consensus	19	112M
43952	21	A	25	115M
150	22	TT	34	113M16D
3666	24	consensus	7	24M1D86M1D
35948	25	consensus	11	110M
9741	26	consensus	7	111M9D
72713	27	consensus	16	110M
24207	28	CA	74	104M8D6M
7769	29	C	33	9D110M17D
52568	30	consensus	39	40M1D70M
6719	31	consensus	6	1M4D109M
4864	32	A	12	110M
72714	33	consensus	8	110M
72715	34	consensus	6	110M
72716	35	consensus	4	110M
2132	37	C	16	94M2D16M1D
765	38	G	8	110M
48032	39	consensus	14	1M11D109M
15	40	AT	9	7D110M18D
3772	41	A	27	110M
1648	42	T	8	110M
17817	44	consensus	9	110M
7789	45	A	9	110M
35524	46	consensus	12	110M11D
4187	47	consensus	16	110M
162	48	consensus	18	110M
1711	49	TG	18	28M11D82M
2964	50	consensus	4	110M1D
828	51	consensus	17	110M
1378	52	consensus	11	3D110M12D
4635	53	A	25	31M1D79M
17728	54	consensus	31	110M4D
2868	55	consensus	14	110M
49989	56	consensus	10	110M11D
72717	57	consensus	4	110M
47794	58	consensus	7	110M5D
3130	59	TA	17	101M2D9M
5027	60	TC	7	110M1D
72718	61	consensus	15	110M
7269	62	AGCCA	25	106M4D4M2D
3774	63	AGCAT	8	110M
13930	64	consensus	12	7D110M
1142	65	TC	11	110M
1326	66	G	28	110M
26908	67	consensus	23	111M11D
1750	68	consensus	24	2M10D108M6D
8535	69	consensus	7	110M
72719	70	consensus	4	110M
45719	71	consensus	10	11D110M
1269	73	G	4	20D110M
38036	74	consensus	12	7D110M
2149	75	consensus	4	110M
72720	76	consensus	21	110M
72721	77	consensus	6	110M
1731	78	consensus	11	110M
5052	79	consensus	15	110M
7685	80	consensus	15	110M
67011	82	consensus	11	7D110M
2310	83	GCAA	21	110M1D
2583	84	consensus	8	10D110M5D
72722	85	consensus	8	110M6D
1563	86	T	5	110M1D
72723	87	consensus	8	110M
2437	88	AG	17	110M
72724	89	consensus	4	110M
2060	90	CCA	4	110M
51099	91	consensus	4	110M4D
61800	92	consensus	8	9D110M
72725	93	consensus	7	110M
17823	94	ATT	28	111M
7230	95	consensus	22	110M
1545	96	G	5	110M
18858	97	TGTT	11	110M14D
58099	98	consensus	11	110M
639	99	T	9	110M
7820	100	consensus	12	2D110M7D
72726	101	consensus	13	110M
8441	103	consensus	29	110M
1773	104	consensus	12	110M
17051	105	A	3	110M17D
17051	105	C	4	110M17D
1061	106	T	9	110M
33380	107	consensus	4	10D110M
33853	108	consensus	8	1D7M2D103M
58993	109	consensus	12	6D110M
13646	110	CGTGT	7	110M
72727	111	consensus	6	110M
3909	112	C	16	50M1D60M
4440	113	A	17	110M1D
1987	114	consensus	16	110M
72728	115	consensus	4	110M
7368	116	consensus	8	110M
845	117	T	4	110M
23235	118	consensus	4	1M4D109M8D
1939	119	T	5	110M
3351	120	C	8	81M1D29M1D
72729	121	consensus	10	110M
72730	122	consensus	6	110M
1668	123	GCGCG	9	110M10D
5954	124	consensus	24	110M
3589	125	consensus	4	110M
5386	126	TTT	25	110M1D
72731	127	consensus	16	110M
1455	128	C	12	110M
37660	129	consensus	18	3D110M
17379	130	T	8	110M6D
2045	131	consensus	10	6D110M
888	132	GCG	24	10M1D100M
72732	133	consensus	7	110M
11513	134	C	16	42M2D68M1D
6862	135	TTTT	28	110M2D
15262	136	consensus	17	9D78M7D32M6D
20714	137	consensus	5	14D110M
72733	138	consensus	6	110M
72734	139	consensus	10	110M
1761	140	consensus	10	110M
13182	141	consensus	15	110M
4147	142	T	4	24D109M3D1M
4840	143	consensus	31	110M
2574	144	GT	14	86M1D24M
72735	145	consensus	22	110M
72736	146	consensus	5	110M
72737	147	consensus	19	110M
2327	148	consensus	5	105M1D5M
4781	149	consensus	13	110M19D
72738	150	consensus	6	110M8D
68218	151	consensus	10	110M
7698	152	consensus	13	1M11D109M
2428	153	CCA	10	110M
12	154	G	23	110M23D
72739	155	consensus	4	110M
72740	156	consensus	5	110M
26876	157	C	19	15D110M
58403	158	A	23	7D110M6D
72741	159	consensus	19	110M
15923	160	A	17	110M4D
30299	161	consensus	27	9D109M1D1M
4953	162	CG	21	110M1D
72742	163	consensus	22	110M
3766	164	C	7	110M1D
28086	165	consensus	31	110M
5561	166	A	4	110M
5980	167	consensus	6	110M
805	168	consensus	4	110M1D
2206	169	CGTTTGC	16	110M
58570	170	consensus	13	110M4D
7465	171	AAGCG	6	110M
72743	172	consensus	16	110M
3185	173	consensus	8	110M
787	174	consensus	6	17D118M4D1M
72744	175	consensus	4	110M
72745	176	consensus	4	110M
3428	177	consensus	16	11D110M7D
29491	178	AGAG	6	110M1D
72746	179	consensus	4	110M
2812	180	consensus	5	110M
72075	181	consensus	21	110M1D
4351	182	consensus	17	110M
30965	183	consensus	7	12D110M
284	184	GACA	10	44M1D66M1D
45240	185	consensus	6	110M
1858	186	consensus	21	12D110M9D
72747	187	consensus	10	110M
2726	188	TGA	13	110M
27002	189	consensus	4	110M
1472	190	consensus	27	110M1D
2387	192	consensus	5	110M3D
1572	193	consensus	9	110M11D
3969	194	CA	7	110M1D
2811	195	GCTTA	4	110M
72748	196	consensus	4	110M
72749	197	consensus	5	110M
72750	198	consensus	4	110M
72751	199	consensus	4	110M
10905	200	consensus	16	110M11D
31431	201	AGT	6	110M
4528	202	CT	7	110M
935	203	A	5	110M
72752	204	consensus	4	110M
7138	205	GG	6	110M
13544	206	CAAGGCTCN	6	117M1D
8878	208	consensus	12	4D110M8D
72753	209	consensus	9	110M
9888	210	consensus	5	110M
5532	211	G	16	110M1D
7151	212	CA	34	110M
1259	213	consensus	6	110M
27867	214	consensus	7	110M2D
2739	215	C	8	91M1D19M
1318	216	TT	7	110M
56663	217	consensus	10	1M9D109M
60779	218	consensus	5	110M
8248	219	consensus	4	110M
72754	220	consensus	10	110M
45764	221	consensus	12	110M8D
1721	222	consensus	5	110M
72755	223	consensus	24	110M
72756	224	consensus	9	110M
72757	225	consensus	5	110M
5893	226	consensus	17	110M
34736	227	A	12	4D110M
30285	228	consensus	5	8D110M
72758	229	consensus	7	110M
72759	230	consensus	29	110M
6880	231	CA	11	110M
8548	232	CGG	15	110M
23321	233	consensus	7	111M
1569	234	G	5	110M
1569	234	T	3	110M
72760	235	consensus	4	7D110M
22945	236	G	16	10D110M6D
72761	237	consensus	4	110M
3747	238	consensus	8	110M
1272	239	consensus	4	13D110M6D
72762	240	consensus	4	110M
15008	241	consensus	11	7D110M
1768	242	G	11	22M1D88M
13554	243	AG	7	29M2D91M5D
811	244	A	30	110M
72763	245	consensus	14	110M
35116	247	TA	42	3D110M
2377	248	ACC	25	110M1D
72764	249	consensus	4	110M
12	250	G	23	11D110M12D
41943	251	consensus	61	110M1D
18342	252	consensus	19	110M
853	253	AT	14	110M
289	254	CGTC	13	110M
1057	255	GACT	10	110M
5496	256	T	16	110M
668	257	consensus	40	60M1D50M
161	258	TGTGG	20	110M
2763	259	consensus	20	110M
72765	260	consensus	25	110M
72766	261	consensus	15	110M
712	262	G	6	110M
2714	263	consensus	19	110M
8843	264	T	20	120M16D
36568	265	consensus	13	1D110M11D
4099	266	CCT	8	105M2D5M
72767	267	consensus	14	110M
7708	268	TT	9	110M
8082	269	CC	12	110M1D
1636	270	TCCTGTGGG	6	110M
3509	271	AACG	8	98M1D11M1D1M
2034	272	CCAT	49	110M1D
72768	273	consensus	31	110M
4001	274	GG	44	110M
876	275	AT	24	110M1D
7274	276	GA	9	110M
2026	277	consensus	9	110M
30616	278	consensus	31	110M
636	279	CAAACATGGGTA	5	110M5D
26898	280	consensus	7	88M4D22M
1403	281	consensus	11	110M1D
29491	282	AAGC	36	110M1D
26365	283	consensus	20	110M
72769	284	G	6	110M
72769	284	T	3	110M
966	285	consensus	7	110M
4192	286	CC	6	84M1D26M1D
56928	287	G	19	110M
2969	288	T	14	110M
72770	289	consensus	27	110M8D
31726	290	consensus	5	8D110M4D
589	291	AA	13	110M
60964	292	consensus	24	110M
4025	293	CG	7	110M1D
72771	294	consensus	11	110M
32371	295	TAA	29	23M1D87M1D
1000	296	consensus	10	110M
72772	297	consensus	4	110M
9844	298	T	18	110M
72773	299	consensus	6	110M
3984	300	CCCTTGTGN	4	110M5D
2381	301	AAATA	18	110M
3685	302	consensus	15	110M
28590	303	A	9	3D110M12D
72774	304	consensus	12	110M
72775	305	consensus	24	110M
1134	306	ATGT	8	4D110M2D
2875	307	C	14	110M
72776	308	consensus	10	110M
2238	309	consensus	8	6D110M
5288	310	consensus	15	110M
72777	311	consensus	26	110M
20831	312	consensus	31	110M1D
1856	313	T	48	110M1D
9601	314	consensus	14	13D110M7D
1035	315	CCAT	10	110M
56658	316	AAAC	13	110M
2748	317	T	20	110M1D
21226	318	consensus	5	15D110M
4059	319	G	15	110M1D
72778	320	consensus	21	110M13D
30133	321	consensus	25	16D110M9D
548	322	T	22	66M1D44M1D
10769	323	consensus	12	110M8D
7047	324	C	21	110M4D
106	325	TTTTAATATGTAGAC	34	110M1D
7555	326	consensus	43	10M1D100M
20720	327	consensus	16	2M18D108M
2213	328	consensus	14	110M
5234	329	consensus	13	110M
734	331	consensus	12	110M
6687	332	AA	11	17D110M8D
1651	333	CG	15	110M
5082	334	AT	25	1M5D109M20D
8754	335	C	15	2M18D108M
3545	336	C	29	50M1D60M
1705	337	consensus	15	110M1D
452	338	GC	46	110M
9849	339	consensus	11	1M7D109M13D
1169	340	consensus	15	110M
2628	341	consensus	35	110M
4219	342	TTC	8	110M
3288	343	C	13	110M
4652	344	consensus	18	110M
72779	345	consensus	11	110M
72780	346	consensus	6	110M
27905	347	consensus	24	110M13D
4097	348	T	16	110M
27293	349	A	17	2D110M7D
72781	350	consensus	21	110M
2443	351	C	19	20M1D90M
1992	352	G	75	110M
1993	353	G	28	110M
680	354	G	12	110M2D
4872	355	consensus	13	110M
5350	356	GTC	49	110M
556	357	TGTCT	13	110M
3581	358	A	10	110M
8007	359	consensus	4	110M
8493	360	T	32	9D110M9D
72782	361	consensus	16	110M
1052	362	A	14	110M
72783	363	consensus	5	110M
100	364	consensus	6	110M
1691	365	G	8	110M
1311	366	ATA	10	110M1D
5154	367	TG	19	15D116M4D
40241	368	AA	12	66M1D44M
35	369	GG	24	2M3D108M11D
72784	370	consensus	22	110M
850	371	T	21	110M
72785	372	consensus	33	110M
15260	373	TC	8	110M
15260	373	TT	5	110M
16483	374	consensus	13	14D110M1D
5035	375	CG	14	2D110M19D
1759	376	TTTGGCAAGAAAG	14	110M
72786	377	consensus	17	110M
42	378	G	21	3M5D107M20D
3693	379	CC	16	110M1D
1801	380	AC	21	110M
4291	381	GGC	27	110M
176	382	consensus	29	110M
10603	383	GGCTC	17	110M
470	384	AA	12	2M3D108M19D
3538	385	consensus	17	110M
4309	386	consensus	26	7D110M5D
5446	387	T	13	110M
32862	388	consensus	11	1M16D109M1D
60543	389	consensus	7	110M
30493	390	consensus	17	12D110M
16676	391	consensus	11	110M3D
7742	392	AC	23	74M1D36M
330	393	G	14	110M
277	394	consensus	18	110M
35628	395	consensus	13	1M2D109M
2199	396	AGAC	9	110M
4016	397	GATAC	32	7M1D103M
3646	398	consensus	26	12D110M6D
4354	399	consensus	34	110M
2349	400	consensus	33	110M
72787	401	consensus	12	110M
9172	402	G	14	110M1D
3990	403	consensus	16	110M
3562	404	consensus	14	110M
1629	405	consensus	20	110M
8195	406	AT	13	110M
56060	407	consensus	41	5D110M
72788	408	consensus	32	110M
2092	409	consensus	10	110M
3281	410	consensus	10	68M2D42M1D
72789	411	consensus	7	110M
322	412	ATG	9	7D110M12D
4	413	consensus	18	10D110M
72790	414	consensus	27	3D110M
9360	415	GG	34	2M3D108M4D
7176	416	consensus	7	110M
5426	417	T	10	110M
72791	418	consensus	5	110M
6196	419	CAA	18	110M
6224	420	CT	11	110M
15487	421	consensus	14	1D110M14D
56241	422	consensus	11	110M
12979	423	CA	22	103M1D7M
41863	424	consensus	10	1M8D109M7D
1115	425	GC	14	110M
23163	426	G	8	110M
23163	426	T	8	110M
633	427	AACCTCTCTTC	27	98M2D12M
17234	428	C	17	110M11D
17234	428	G	9	110M11D
51170	429	consensus	19	1M3D109M
5448	430	T	6	110M2D
5313	431	GAT	38	110M
29940	432	consensus	5	6D110M
12841	433	CGG	11	12D110M9D
506	434	T	5	18D110M
136	435	A	13	110M
4678	436	TA	14	110M
1481	437	CTGCCGCCCT	7	110M
9143	438	consensus	6	5D110M
3166	439	GC	36	79M1D31M
72792	440	consensus	5	110M
1159	441	TCA	42	110M2D
72793	442	consensus	12	110M
3298	443	GTTC	14	110M
72794	444	consensus	8	110M
72795	445	consensus	16	110M
28579	446	G	5	110M7D
5424	447	AA	41	111M
5188	448	consensus	33	110M
2539	450	AT	5	110M
15917	451	consensus	34	110M1D
1736	452	GGGGGTAGGCTACA	11	110M
7187	453	C	23	110M
1353	454	ATTAT	7	40M12D18M1D54M3D
1179	455	CT	21	110M
72796	456	consensus	13	110M
72797	457	consensus	11	110M
72798	458	consensus	10	110M
3234	459	GT	5	110M1D
7576	460	consensus	24	110M
1066	461	ATCT	10	111M
471	462	consensus	6	67M1D43M1D
1411	463	consensus	18	110M
2784	464	consensus	11	110M
72799	465	consensus	6	110M
1401	466	C	10	110M
1019	467	consensus	18	110M
3867	468	consensus	13	110M
3776	469	C	10	110M
1703	470	CCATATACG	9	60M2D50M
2106	471	TG	12	110M1D
1362	472	consensus	30	9D110M17D
1924	473	AT	23	110M1D
1087	474	G	13	110M
3076	489	consensus	8	4D110M10D
72800	490	consensus	4	110M
72801	491	consensus	6	110M
2609	493	consensus	12	64M2D47M
4922	494	consensus	5	12D110M1D
5397	495	TC	5	93M1D17M
3790	496	T	4	110M
72802	497	consensus	9	110M
72803	498	consensus	4	110M
72804	499	consensus	7	110M
72805	500	consensus	5	110M
121	501	CAC	20	110M
1480	502	consensus	15	110M
3494	503	C	43	110M
72806	504	consensus	29	112M
4342	505	consensus	19	110M
21745	506	consensus	13	11D110M4D
72807	507	consensus	20	110M
2481	508	consensus	28	110M1D
22098	509	consensus	24	1D110M
14058	510	consensus	6	1M14D109M
72808	511	A	7	110M
72808	511	T	4	110M
1677	512	consensus	16	110M1D
5018	513	ATT	16	110M
14167	514	consensus	5	110M
3008	515	consensus	22	110M
34190	516	consensus	17	1D110M10D
1774	517	AG	33	110M
2872	518	TT	33	111M
21126	519	C	11	13D110M
13436	520	consensus	4	110M1D
3580	521	TC	17	110M
8147	522	consensus	13	1M10D109M
6781	523	AA	13	110M6D
6052	524	AC	8	110M
9038	525	consensus	17	110M
72809	526	consensus	16	110M
2150	527	T	14	110M1D
1334	528	C	7	100M1D10M1D
636	529	CAGTCATGACTA	14	110M5D
72810	530	consensus	7	110M
72811	531	consensus	18	110M
72812	532	consensus	24	110M
72813	533	consensus	10	110M
5516	534	consensus	12	110M7D
37780	535	T	8	8D105M1D5M
18496	536	G	32	110M
594	537	C	15	110M1D
72814	538	consensus	13	110M
732	539	GTGG	16	110M
72815	540	consensus	10	110M
3413	541	AC	8	110M6D
8361	542	consensus	14	110M
72816	543	consensus	27	110M
2143	544	T	24	110M
4447	545	consensus	18	2D99M1D11M16D
1203	546	AAAC	9	110M
2284	547	G	16	110M
146	548	CGCAG	30	110M
1784	549	T	20	4M14D106M4D
72817	550	consensus	7	110M
173	552	TA	105	100M1D10M2D
878	553	GTTTT	14	110M
3215	554	TG	4	110M2D
7653	555	CAT	9	110M
818	556	TCTGATTAGGTG	14	110M
9472	557	consensus	9	110M
72818	558	consensus	8	110M
7438	559	A	5	110M
7438	559	T	12	110M
8027	560	consensus	12	96M1D15M1D
3912	561	GACT	22	110M
72819	562	consensus	8	110M
531	563	consensus	40	2D110M
72820	564	consensus	16	110M
72821	565	consensus	14	7D110M
286	566	A	21	110M
286	566	C	16	110M
31026	567	consensus	8	110M
233	568	CT	8	110M
543	569	GC	25	110M
7839	570	CA	9	110M4D
1837	571	consensus	35	110M1D
1838	572	consensus	9	110M
72822	573	consensus	33	110M
72823	574	consensus	11	110M
592	575	G	10	110M1D
3100	577	C	9	110M1D
72824	578	consensus	23	110M
4321	579	GC	20	110M
630	580	consensus	17	1M14D117M4D
525	581	consensus	6	1M2D109M14D
2884	582	TCG	7	110M
23135	583	consensus	13	8D110M4D
8732	584	consensus	26	12D110M
72825	585	consensus	5	110M
1476	586	GATA	20	110M
23463	587	GGNCNNTGGTTGTG	5	14M12D51M1D45M
615	588	TTCGGACGG	7	100M1D10M1D
38940	589	consensus	21	1M5D109M7D
48061	590	consensus	4	110M
72826	591	C	8	110M
72826	591	T	15	110M
29281	592	consensus	17	110M23D
16076	593	consensus	15	110M10D
1869	594	GT	16	110M1D
72827	595	consensus	20	110M
29158	596	consensus	10	9D110M
27908	597	consensus	13	1M7D109M
72828	598	consensus	6	110M
4640	599	consensus	46	110M
29272	600	consensus	8	111M
165	601	CTT	12	111M
5304	602	T	10	110M6D
1206	603	TC	15	1D118M26D
3381	604	TTT	21	110M
2718	605	A	14	110M1D
7782	606	consensus	24	12D110M7D
334	607	C	14	99M1D11M
7303	608	AAG	25	110M
1800	609	A	31	110M
17867	610	A	9	110M
20552	611	consensus	16	110M
72829	612	consensus	5	110M
2904	613	C	37	110M
2385	614	GT	11	110M
72830	615	consensus	4	110M
4568	616	consensus	23	110M
72831	617	consensus	40	110M
40756	618	consensus	4	8D110M8D
7568	619	C	24	2D110M12D
56709	620	consensus	6	4D109M2D1M
3547	621	C	6	110M
59587	622	consensus	14	97M2D13M3D
2201	623	TGTAC	7	102M1D8M
1098	624	consensus	30	110M
28811	625	consensus	27	8D110M
7357	626	GCATATTAC	9	110M
14018	627	consensus	10	17D110M
509	628	ACTATT	25	110M
120	629	A	8	110M
730	630	TTATC	9	8M1D102M3D
72832	631	consensus	28	111M
42232	632	consensus	9	19D110M
23333	633	consensus	50	18D110M
19462	634	A	21	110M
718	635	consensus	5	110M1D
5381	636	AA	5	110M
9428	637	A	29	110M1D
72833	638	consensus	8	110M
102	639	TTAA	16	110M
30049	640	T	29	110M5D
4865	641	CGAAT	8	110M
295	642	T	20	110M
9236	643	C	17	110M
72834	644	consensus	36	110M
72835	645	consensus	17	110M
7234	646	CT	11	110M
72836	647	consensus	18	110M
2613	648	ACTGC	12	110M
5305	649	consensus	32	110M
23641	650	consensus	42	1M18D109M
79314	651	consensus	9	110M
3148	652	A	30	110M
72837	653	consensus	6	110M
19463	654	consensus	5	110M
1640	655	consensus	32	110M
2455	656	G	6	110M
56487	657	TAT	39	44M1D66M
72838	658	consensus	5	110M
31	659	TGTAAAA	9	13M8D97M
72839	660	consensus	20	110M
3754	661	T	27	110M
55616	662	consensus	20	8D110M
780	663	C	25	110M
41963	664	consensus	6	110M5D
72840	665	consensus	5	110M
170	666	consensus	14	110M
2844	667	A	25	53M1D57M1D
321	668	consensus	12	95M1D15M1D
748	669	consensus	45	111M
72841	670	consensus	29	110M9D
72842	671	consensus	11	1M5D109M
62548	672	consensus	22	1M1D109M
2537	673	GA	19	110M
2068	674	GA	27	110M
305	675	AGTC	30	110M1D
29888	676	consensus	24	1M8D109M
1979	677	AG	7	110M1D
3901	678	TTG	9	110M
30883	679	consensus	19	12D110M3D
1805	680	TG	6	8M1D102M
72843	681	C	9	110M
72843	681	G	8	110M
1527	682	A	20	110M1D
1118	683	A	8	110M
753	684	A	8	110M9D
359	685	TA	16	110M
37433	686	consensus	23	110M3D
2322	687	G	36	110M1D
1515	688	GG	28	110M
3366	689	AG	14	110M
56264	690	consensus	10	110M1D
72844	691	consensus	7	110M
424	692	C	28	110M
40761	693	consensus	13	1M1D109M11D
623	694	consensus	17	110M8D
1574	695	consensus	10	15D110M
1673	696	T	13	110M
4217	697	C	17	110M2D
8012	698	CT	19	110M
55	699	GGTAG	7	11D110M9D
4877	700	A	20	110M
417	701	CACGTGT	30	110M
4205	702	consensus	34	57M3D53M
861	703	A	11	110M
3849	704	consensus	24	110M
9751	705	consensus	12	7D110M5D
72845	706	consensus	16	110M
45752	707	consensus	15	6D110M
6927	708	GA	19	2D110M
30862	709	consensus	10	3D110M7D
3459	710	GAAT	10	110M
4218	711	C	26	110M
1148	712	consensus	10	110M1D
8257	713	consensus	15	110M
13704	714	consensus	9	3D110M
7219	715	consensus	15	110M
72846	716	consensus	17	110M
19981	717	consensus	8	15D110M
5346	718	consensus	6	110M
72847	719	consensus	8	110M
251	720	AGGGG	17	110M3D
37864	721	consensus	35	110M
72848	722	consensus	4	110M
4541	723	A	6	110M
10871	724	A	14	110M
14486	725	TCC	18	110M
1056	726	consensus	29	110M
72849	727	consensus	7	110M
72850	728	consensus	6	110M
32681	729	consensus	28	110M
1781	730	consensus	14	110M
130	731	consensus	33	110M
7148	732	A	7	110M
72851	733	consensus	26	110M
7130	734	A	10	110M
3321	735	T	13	110M
37385	736	consensus	41	110M
72852	737	consensus	10	110M
72853	738	consensus	29	110M
2256	739	consensus	20	110M
507	740	consensus	14	1M10D109M9D
72854	741	consensus	10	110M
3484	742	TCACCGT	21	110M1D
72855	743	consensus	5	110M
10454	744	consensus	13	1M2D109M5D
1916	745	consensus	25	110M
142	746	G	9	110M1D
16165	748	GAAACCA	22	58M3D55M10D
19566	749	consensus	24	110M21D
72856	750	consensus	12	110M
72857	751	consensus	11	110M
7084	752	consensus	16	110M
3169	753	consensus	35	2D110M10D
12287	754	consensus	13	110M
814	755	T	23	67M1D43M2D
72858	756	consensus	19	110M
638	757	GT	53	110M1D
1352	758	TT	14	110M
12423	759	CA	9	110M
8593	760	consensus	12	1M17D109M
72859	761	consensus	8	110M
72860	762	consensus	15	110M
5186	763	CC	11	110M
72861	764	consensus	11	110M
72862	765	TCTCGC	31	110M
2078	766	consensus	19	110M
4071	767	TATTGG	27	108M1D2M2D
37697	768	consensus	9	110M8D
61700	769	A	18	110M10D
9047	770	consensus	21	110M1D
2905	771	AA	36	110M
31964	772	GG	21	23D110M
3882	773	TC	47	75M11D35M
998	774	CC	25	110M
997	775	consensus	6	110M1D
1901	776	consensus	21	37M1D73M
10528	777	consensus	19	8D110M11D
403	778	consensus	17	110M
2508	779	CTT	23	110M1D
72863	780	consensus	25	110M
72864	781	consensus	9	110M
29203	782	ACAC	7	2D110M17D
72865	783	C	25	110M
72865	783	G	8	110M
72866	784	consensus	6	110M
4425	785	TGT	28	110M
69316	786	consensus	19	2D110M
8573	787	consensus	11	3D110M4D
684	788	consensus	21	110M
21010	789	consensus	10	14D110M
3435	790	consensus	7	1M3D109M14D
72867	791	consensus	4	110M
9211	792	CA	25	110M
59482	793	consensus	29	11D110M
1412	794	GG	45	111M
72868	795	consensus	16	110M
497	796	consensus	10	110M
72869	797	consensus	15	110M
7233	798	G	31	110M
23141	799	consensus	8	11D110M
1964	800	CCTAA	8	110M
13697	801	consensus	7	2M4D108M5D
5615	802	GAT	18	110M1D
715	803	consensus	19	1M18D109M5D
61723	804	consensus	32	110M
3727	805	consensus	21	110M
72870	806	consensus	13	110M
20666	807	CT	22	59M1D51M1D
677	808	GA	22	110M1D
1299	810	consensus	13	110M2D
67683	811	consensus	22	110M
3112	812	GGGGGG	21	110M
1724	813	consensus	32	110M
3708	814	GT	18	110M
9298	815	T	14	110M
58031	816	consensus	22	110M13D
72871	817	consensus	21	110M
407	818	G	10	110M
4258	819	TG	15	110M
2870	820	consensus	46	110M
4108	821	TGT	20	110M
59517	822	consensus	29	110M
3165	823	GCC	9	110M
72872	824	consensus	17	110M
60263	825	consensus	29	110M6D
71802	826	consensus	4	110M
2145	827	TTCT	13	44M1D66M2D
72873	828	consensus	20	110M
14462	829	A	13	110M
32496	831	consensus	21	110M
3618	832	AGCG	34	110M
9438	833	consensus	26	110M
884	834	A	29	110M
62384	835	consensus	25	110M
2469	836	ATA	24	110M
72874	837	consensus	30	110M
4990	838	A	35	110M1D
4371	840	consensus	20	110M1D
72875	841	consensus	25	110M
476	842	consensus	10	110M
72876	843	consensus	15	110M
1187	845	AACG	12	110M
312	846	ACG	4	16D110M10D
3617	847	A	22	110M
47703	848	consensus	11	110M13D
72877	849	consensus	23	110M
33310	850	consensus	13	110M
10186	851	TCCTC	24	110M
72878	852	consensus	38	110M
477	853	GACTC	23	110M
4687	854	G	45	110M
298	855	TCA	19	17M1D93M
138	856	consensus	18	110M1D
2549	857	A	7	110M1D
3107	858	consensus	20	110M
3635	859	consensus	16	110M
4915	860	GC	13	110M
9308	861	AT	15	110M
364	862	consensus	9	1M14D109M
5628	863	C	10	110M
72879	864	consensus	22	110M
17032	865	C	10	110M9D
5215	866	AA	13	110M
12420	867	ATT	10	110M
72880	868	consensus	5	110M
2406	869	GT	19	110M1D
25187	870	consensus	6	110M3D
8111	871	consensus	39	110M
1861	872	CG	18	111M
2804	873	consensus	5	110M1D
670	874	C	35	110M1D
2364	875	TTC	27	110M
3171	876	A	37	110M
72881	877	consensus	32	110M
72882	878	consensus	21	110M
72883	879	consensus	17	110M
902	880	A	12	110M
62703	881	consensus	13	110M4D
72884	883	consensus	45	110M
7864	884	consensus	15	8D110M2D
5425	885	CA	15	110M
72885	886	consensus	6	110M
5718	887	ACG	22	110M
8802	888	C	13	7D110M9D
7284	889	consensus	28	1M2D109M12D
45004	890	consensus	5	110M
3174	891	GGAG	27	111M
72886	893	consensus	5	110M
42165	894	consensus	12	1M3D109M
1634	895	consensus	25	110M
72887	896	consensus	4	110M
12418	897	consensus	30	110M
2603	898	consensus	15	110M
56983	899	consensus	11	2M13D108M
1041	900	ATT	6	110M
46159	901	consensus	17	110M
17979	902	A	19	4D110M1D
2160	903	consensus	24	110M
90	904	G	8	111M
3851	905	C	21	1D110M
23504	906	consensus	10	21D110M
7302	907	T	22	110M
72888	908	consensus	28	110M
3475	909	G	17	110M
16137	910	consensus	13	110M
3030	911	C	11	110M
72889	912	consensus	22	110M
13994	913	consensus	7	5D110M
6385	914	A	12	110M
196	915	AA	7	110M
19156	916	consensus	29	112M10D
72890	917	C	19	1M4D109M
68049	918	consensus	17	110M
72891	919	consensus	10	110M
69305	920	consensus	38	110M
699	921	consensus	48	110M
28732	922	consensus	10	2D110M
30241	923	consensus	24	18D110M
1246	924	T	4	110M
4318	925	AGT	25	110M1D
3641	926	T	11	68M1D42M1D
3110	927	C	17	110M
55711	928	consensus	14	110M3D
2798	929	consensus	21	110M1D
52559	930	consensus	20	110M3D
13559	931	A	12	110M
# sstacks completed on 2026-03-06 12:15:11
