# Six_Rivers_NF	CGTACG_GGAAACATCGTGCAGG,CGTACG_GGAACAACCATGCAGG,CGTACG_GGAACCGAGATGCAGG,CGTACG_GGAACGCTTATGCAGG,CGTACG_GGAAGACGGATGCAGG,CGTACG_GGAAGGTACATGCAGG,CGTACG_GGACAAGCTATGCAGG,CGTACG_GGACACAGAATGCAGG,CGTACG_GGACAGCAGATGCAGG,CGTACG_GGACATTGGCTGCAGG,CGTACG_GGACCACTGTTGCAGG,CGTACG_GGACCTCCAATGCAGG,CGTACG_GGACGCTCGATGCAGG,CGTACG_GGACGTATCATGCAGG,CGTACG_GGACTATGCATGCAGG,CGTACG_GGAGAGTCAATGCAGG,CGTACG_GGAGATCGCATGCAGG,CGTACG_GGAGCAGGAATGCAGG,CGTACG_GGAGTACAAGTGCAGG,CGTACG_GGAGTCACTATGCAGG,CGTACG_GGAGTGGTCATGCAGG,CGTACG_GGATGCCTAATGCAGG,CGTACG_GGATTGAGGATGCAGG,CGTACG_GGCAACCACATGCAGG,CGTACG_GGCAATGGAATGCAGG,CGTACG_GGCAGATCTGTGCAGG,CGTACG_GGCAGCGTTATGCAGG,CGTACG_GGCATACCAATGCAGG,CGTACG_GGCATCAAGTTGCAGG,CGTACG_GGCCAGTTCATGCAGG,CGTACG_GGCCGAAGTATGCAGG,CGTACG_GGCCGTGAGATGCAGG,CGTACG_GGCCTCCTGATGCAGG,CGTACG_GGCGAACTTATGCAGG,CGTACG_GGCGCATACATGCAGG,CGTACG_GGCTCAATGATGCAGG,CGTACG_GGCTGAGCCATGCAGG,GAGTGG_GGAATCCGTCTGCAGG,GAGTGG_GGAATGTTGCTGCAGG,GAGTGG_GGACACGAGATGCAGG,GAGTGG_GGACAGATTCTGCAGG,GAGTGG_GGAGCACCTCTGCAGG,GAGTGG_GGATTGGCTCTGCAGG,GAGTGG_GGCAAGGAGCTGCAGG,GAGTGG_GGCGACTGGATGCAGG,GAGTGG_GGCGCATACATGCAGG,GAGTGG_GGCGGATTGCTGCAGG,GAGTGG_GGCTAAGGTCTGCAGG,GAGTGG_GGCTCAATGATGCAGG,GAGTGG_GGCTGAGCCATGCAGG,GAGTGG_GGCTGGCATATGCAGG,GAGTGG_GGGAACAGGCTGCAGG,GAGTGG_GGGAATCTGATGCAGG,GAGTGG_GGGAGCTGAATGCAGG,GAGTGG_GGGATAGACATGCAGG,GAGTGG_GGGCCACATATGCAGG,GAGTGG_GGGCGAGTAATGCAGG,GAGTGG_GGGCTAACGATGCAGG,GAGTGG_GGGCTCGGTATGCAGG,GAGTGG_GGGGAGAACATGCAGG,GAGTGG_GGGGTGCGAATGCAGG,GAGTGG_GGGTACGCAATGCAGG,GAGTGG_GGGTCGTAGATGCAGG,GAGTGG_GGGTGTTCTATGCAGG,GAGTGG_GGTAGGATGATGCAGG,GAGTGG_GGTATCAGCATGCAGG,GAGTGG_GGTCCGTCTATGCAGG,GAGTGG_GGTCTTCACATGCAGG,GAGTGG_GGTGAAGAGATGCAGG,GAGTGG_GGTGGAACAATGCAGG,GAGTGG_GGTGGCTTCATGCAGG,GAGTGG_GGTGGTGGTATGCAGG,GAGTGG_GGTTCACGCATGCAGG
# Plumas_NF	CGTACG_GGAATGTTGCTGCAGG,CGTACG_GGACACGAGATGCAGG,CGTACG_GGACAGATTCTGCAGG,CGTACG_GGAGTCAAGCTGCAGG,CGTACG_GGATAGCGACTGCAGG,CGTACG_GGCTGGCATATGCAGG,CGTACG_GGGAACAGGCTGCAGG,CGTACG_GGGAATCTGATGCAGG,CGTACG_GGGAGCTGAATGCAGG,CGTACG_GGGCCAAGACTGCAGG,CGTACG_GGGCCACATATGCAGG,CGTACG_GGGCGAGTAATGCAGG,CGTACG_GGGGTGCGAATGCAGG,CGTACG_GGTATCAGCATGCAGG,CGTACG_GGTCCGTCTATGCAGG,CGTACG_GGTCTTCACATGCAGG,CGTACG_GGTGGAACAATGCAGG,CGTACG_GGTGGCTTCATGCAGG,CGTACG_GGTGGTGGTATGCAGG,CGTACG_GGTTCACGCATGCAGG
# Shasta_Trinity_NF	GAGTGG_GGAAACATCGTGCAGG,GAGTGG_GGAACAACCATGCAGG,GAGTGG_GGAACCGAGATGCAGG,GAGTGG_GGAACGAACGTGCAGG,GAGTGG_GGAACGCTTATGCAGG,GAGTGG_GGAACGTGATTGCAGG,GAGTGG_GGAAGACGGATGCAGG,GAGTGG_GGACAAGCTATGCAGG,GAGTGG_GGACACAGAATGCAGG,GAGTGG_GGACAGCAGATGCAGG,GAGTGG_GGACATTGGCTGCAGG,GAGTGG_GGACCACTGTTGCAGG,GAGTGG_GGACCTCCAATGCAGG,GAGTGG_GGACGCTCGATGCAGG,GAGTGG_GGACGTATCATGCAGG,GAGTGG_GGACTATGCATGCAGG,GAGTGG_GGAGAGTCAATGCAGG,GAGTGG_GGAGATCGCATGCAGG,GAGTGG_GGAGCAGGAATGCAGG,GAGTGG_GGAGTACAAGTGCAGG,GAGTGG_GGAGTCACTATGCAGG,GAGTGG_GGAGTGGTCATGCAGG,GAGTGG_GGATCCTGTATGCAGG,GAGTGG_GGATGCCTAATGCAGG,GAGTGG_GGATTGAGGATGCAGG,GAGTGG_GGCAACCACATGCAGG,GAGTGG_GGCAATGGAATGCAGG,GAGTGG_GGCACTTCGATGCAGG,GAGTGG_GGCAGATCTGTGCAGG,GAGTGG_GGCAGCGTTATGCAGG,GAGTGG_GGCATACCAATGCAGG,GAGTGG_GGCATCAAGTTGCAGG,GAGTGG_GGCCAGTTCATGCAGG,GAGTGG_GGCCGAAGTATGCAGG,GAGTGG_GGCCGTGAGATGCAGG,GAGTGG_GGCCTCCTGATGCAGG,GAGTGG_GGCGAACTTATGCAGG,GTTTCG_GGAAACATCGTGCAGG,GTTTCG_GGAACAACCATGCAGG,GTTTCG_GGAACGAACGTGCAGG,GTTTCG_GGAACGCTTATGCAGG,GTTTCG_GGAACGTGATTGCAGG,GTTTCG_GGAAGACGGATGCAGG,GTTTCG_GGAAGGTACATGCAGG,GTTTCG_GGACAAGCTATGCAGG,GTTTCG_GGACATTGGCTGCAGG,GTTTCG_GGACCACTGTTGCAGG,GTTTCG_GGACCTCCAATGCAGG,GTTTCG_GGAGAGTCAATGCAGG,GTTTCG_GGAGATCGCATGCAGG,GTTTCG_GGAGCAGGAATGCAGG,GTTTCG_GGAGTACAAGTGCAGG,GTTTCG_GGAGTCACTATGCAGG,GTTTCG_GGAGTGGTCATGCAGG,GTTTCG_GGATCCTGTATGCAGG,GTTTCG_GGATGCCTAATGCAGG,GTTTCG_GGATTGAGGATGCAGG,GTTTCG_GGCAACCACATGCAGG,GTTTCG_GGCAGATCTGTGCAGG,GTTTCG_GGCATCAAGTTGCAGG,GTTTCG_GGCCAGTTCATGCAGG,GTTTCG_GGCCGTGAGATGCAGG,GTTTCG_GGCGAACTTATGCAGG,GTTTCG_GGCGACTGGATGCAGG,GTTTCG_GGCGCATACATGCAGG,GTTTCG_GGCGCTGATCTGCAGG,GTTTCG_GGCTCAATGATGCAGG,GTTTCG_GGCTGAGCCATGCAGG,GTTTCG_GGCTGGCATATGCAGG,GTTTCG_GGGAATCTGATGCAGG,GTTTCG_GGGAGCTGAATGCAGG,GTTTCG_GGGATAGACATGCAGG,GTTTCG_GGGCCACATATGCAGG,GTTTCG_GGGCGAGTAATGCAGG,GTTTCG_GGGCTAACGATGCAGG,GTTTCG_GGGGAGAACATGCAGG,GTTTCG_GGGTCGTAGATGCAGG,GTTTCG_GGGTCTGTCATGCAGG,GTTTCG_GGGTGTTCTATGCAGG,GTTTCG_GGTAGGATGATGCAGG
# Mendocino_County	GTTTCG_GGACACGAGATGCAGG,GTTTCG_GGTATCAGCATGCAGG,GTTTCG_GGTCCGTCTATGCAGG,GTTTCG_GGTCTTCACATGCAGG,GTTTCG_GGTGAAGAGATGCAGG,GTTTCG_GGTGGCTTCATGCAGG,GTTTCG_GGTGGTGGTATGCAGG,GTTTCG_GGTTCACGCATGCAGG
# Locus ID	Chr	BP	Col	Pop ID	P Nuc	Q Nuc	N	P	Obs Het	Obs Hom	Exp Het	Exp Hom	Pi	Smoothed Pi	Smoothed Pi P-value	Fis	Smoothed Fis	Smoothed Fis P-value	HWE P-value	Private
15	un	23	22	Six_Rivers_NF	T	C	47	0.98936170	0.02128	0.97872	0.02105	0.97895	0.02128	-1.00000	-1.00000	0.00000	-1.00000	-1.00000	1.00000	1
15	un	23	22	Shasta_Trinity_NF	T	-	40	1.00000000	0.00000	1.00000	0.00000	1.00000	0.00000	-1.00000	-1.00000	0.00000	-1.00000	-1.00000	1.00000	0
15	un	60	59	Six_Rivers_NF	T	C	47	0.98936170	0.02128	0.97872	0.02105	0.97895	0.02128	-1.00000	-1.00000	0.00000	-1.00000	-1.00000	1.00000	1
15	un	60	59	Shasta_Trinity_NF	T	-	40	1.00000000	0.00000	1.00000	0.00000	1.00000	0.00000	-1.00000	-1.00000	0.00000	-1.00000	-1.00000	1.00000	0
17	un	165	29	Six_Rivers_NF	C	-	37	1.00000000	0.00000	1.00000	0.00000	1.00000	0.00000	-1.00000	-1.00000	0.00000	-1.00000	-1.00000	1.00000	0
17	un	165	29	Shasta_Trinity_NF	C	A	43	0.98837209	0.02326	0.97674	0.02299	0.97701	0.02326	-1.00000	-1.00000	0.00000	-1.00000	-1.00000	1.00000	1
17	un	244	108	Six_Rivers_NF	A	-	37	1.00000000	0.00000	1.00000	0.00000	1.00000	0.00000	-1.00000	-1.00000	0.00000	-1.00000	-1.00000	1.00000	0
17	un	244	108	Shasta_Trinity_NF	A	G	43	0.98837209	0.02326	0.97674	0.02299	0.97701	0.02326	-1.00000	-1.00000	0.00000	-1.00000	-1.00000	1.00000	1
21	un	318	40	Shasta_Trinity_NF	A	G	42	0.98809524	0.02381	0.97619	0.02353	0.97647	0.02381	-1.00000	-1.00000	0.00000	-1.00000	-1.00000	1.00000	0
21	un	322	44	Shasta_Trinity_NF	G	T	42	0.98809524	0.02381	0.97619	0.02353	0.97647	0.02381	-1.00000	-1.00000	0.00000	-1.00000	-1.00000	1.00000	0
21	un	354	76	Shasta_Trinity_NF	C	A	42	0.98809524	0.02381	0.97619	0.02353	0.97647	0.02381	-1.00000	-1.00000	0.00000	-1.00000	-1.00000	1.00000	0
23	un	497	78	Six_Rivers_NF	T	C	45	0.98888889	0.02222	0.97778	0.02198	0.97802	0.02222	-1.00000	-1.00000	0.00000	-1.00000	-1.00000	1.00000	1
23	un	497	78	Shasta_Trinity_NF	T	-	52	1.00000000	0.00000	1.00000	0.00000	1.00000	0.00000	-1.00000	-1.00000	0.00000	-1.00000	-1.00000	1.00000	0
23	un	527	108	Six_Rivers_NF	T	-	45	1.00000000	0.00000	1.00000	0.00000	1.00000	0.00000	-1.00000	-1.00000	0.00000	-1.00000	-1.00000	1.00000	0
23	un	527	108	Shasta_Trinity_NF	T	A	52	0.99038462	0.01923	0.98077	0.01905	0.98095	0.01923	-1.00000	-1.00000	0.00000	-1.00000	-1.00000	1.00000	1
23	un	542	123	Six_Rivers_NF	A	G	45	0.98888889	0.02222	0.97778	0.02198	0.97802	0.02222	-1.00000	-1.00000	0.00000	-1.00000	-1.00000	1.00000	1
23	un	542	123	Shasta_Trinity_NF	A	-	52	1.00000000	0.00000	1.00000	0.00000	1.00000	0.00000	-1.00000	-1.00000	0.00000	-1.00000	-1.00000	1.00000	0
31	un	577	21	Six_Rivers_NF	C	-	50	1.00000000	0.00000	1.00000	0.00000	1.00000	0.00000	-1.00000	-1.00000	0.00000	-1.00000	-1.00000	1.00000	0
31	un	577	21	Plumas_NF	C	A	15	0.96666667	0.06667	0.93333	0.06444	0.93556	0.06667	-1.00000	-1.00000	-0.00000	-1.00000	-1.00000	1.00000	1
31	un	577	21	Shasta_Trinity_NF	C	-	49	1.00000000	0.00000	1.00000	0.00000	1.00000	0.00000	-1.00000	-1.00000	0.00000	-1.00000	-1.00000	1.00000	0
31	un	600	44	Plumas_NF	G	A	14	0.96428571	0.07143	0.92857	0.06888	0.93112	0.07143	-1.00000	-1.00000	-0.00000	-1.00000	-1.00000	1.00000	0
31	un	600	44	Shasta_Trinity_NF	G	A	40	0.78750000	0.42500	0.57500	0.33469	0.66531	0.33892	-1.00000	-1.00000	-0.25397	-1.00000	-1.00000	1.00000	0
31	un	605	49	Plumas_NF	T	C	12	0.91666667	0.16667	0.83333	0.15278	0.84722	0.15942	-1.00000	-1.00000	-0.04545	-1.00000	-1.00000	1.00000	0
31	un	640	84	Six_Rivers_NF	A	G	47	0.90425532	0.10638	0.89362	0.17316	0.82684	0.17502	-1.00000	-1.00000	0.39216	-1.00000	-1.00000	1.00000	0
31	un	640	84	Plumas_NF	A	G	13	0.38461538	0.30769	0.69231	0.47337	0.52663	0.49231	-1.00000	-1.00000	0.37500	-1.00000	-1.00000	1.00000	0
31	un	640	84	Shasta_Trinity_NF	A	-	49	1.00000000	0.00000	1.00000	0.00000	1.00000	0.00000	-1.00000	-1.00000	0.00000	-1.00000	-1.00000	1.00000	0
31	un	652	96	Six_Rivers_NF	A	G	42	0.85714286	0.19048	0.80952	0.24490	0.75510	0.24785	-1.00000	-1.00000	0.23148	-1.00000	-1.00000	1.00000	0
31	un	652	96	Plumas_NF	A	G	13	0.96153846	0.07692	0.92308	0.07396	0.92604	0.07692	-1.00000	-1.00000	-0.00000	-1.00000	-1.00000	1.00000	0
31	un	652	96	Shasta_Trinity_NF	A	G	40	0.80000000	0.20000	0.80000	0.32000	0.68000	0.32405	-1.00000	-1.00000	0.38281	-1.00000	-1.00000	1.00000	0
31	un	664	108	Six_Rivers_NF	A	T	47	0.90425532	0.10638	0.89362	0.17316	0.82684	0.17502	-1.00000	-1.00000	0.39216	-1.00000	-1.00000	1.00000	0
31	un	664	108	Plumas_NF	A	T	12	0.33333333	0.33333	0.66667	0.44444	0.55556	0.46377	-1.00000	-1.00000	0.28125	-1.00000	-1.00000	1.00000	0
31	un	664	108	Shasta_Trinity_NF	A	-	49	1.00000000	0.00000	1.00000	0.00000	1.00000	0.00000	-1.00000	-1.00000	0.00000	-1.00000	-1.00000	1.00000	0
39	un	747	73	Six_Rivers_NF	C	-	44	1.00000000	0.00000	1.00000	0.00000	1.00000	0.00000	-1.00000	-1.00000	0.00000	-1.00000	-1.00000	1.00000	0
39	un	747	73	Shasta_Trinity_NF	C	T	44	0.98863636	0.02273	0.97727	0.02247	0.97753	0.02273	-1.00000	-1.00000	-0.00000	-1.00000	-1.00000	1.00000	1
39	un	768	94	Six_Rivers_NF	A	-	44	1.00000000	0.00000	1.00000	0.00000	1.00000	0.00000	-1.00000	-1.00000	0.00000	-1.00000	-1.00000	1.00000	0
39	un	768	94	Shasta_Trinity_NF	A	G	44	0.98863636	0.02273	0.97727	0.02247	0.97753	0.02273	-1.00000	-1.00000	-0.00000	-1.00000	-1.00000	1.00000	1
50	un	825	15	Six_Rivers_NF	G	C	50	0.99000000	0.02000	0.98000	0.01980	0.98020	0.02000	-1.00000	-1.00000	0.00000	-1.00000	-1.00000	1.00000	1
50	un	825	15	Shasta_Trinity_NF	G	-	53	1.00000000	0.00000	1.00000	0.00000	1.00000	0.00000	-1.00000	-1.00000	0.00000	-1.00000	-1.00000	1.00000	0
50	un	835	25	Six_Rivers_NF	T	-	51	1.00000000	0.00000	1.00000	0.00000	1.00000	0.00000	-1.00000	-1.00000	0.00000	-1.00000	-1.00000	1.00000	0
50	un	835	25	Shasta_Trinity_NF	T	C	55	0.99090909	0.01818	0.98182	0.01802	0.98198	0.01818	-1.00000	-1.00000	0.00000	-1.00000	-1.00000	1.00000	1
50	un	891	81	Six_Rivers_NF	T	C	51	0.99019608	0.01961	0.98039	0.01942	0.98058	0.01961	-1.00000	-1.00000	0.00000	-1.00000	-1.00000	1.00000	1
50	un	891	81	Shasta_Trinity_NF	T	-	55	1.00000000	0.00000	1.00000	0.00000	1.00000	0.00000	-1.00000	-1.00000	0.00000	-1.00000	-1.00000	1.00000	0
59	un	979	31	Six_Rivers_NF	T	C	42	0.98809524	0.02381	0.97619	0.02353	0.97647	0.02381	-1.00000	-1.00000	0.00000	-1.00000	-1.00000	1.00000	1
59	un	979	31	Shasta_Trinity_NF	T	-	48	1.00000000	0.00000	1.00000	0.00000	1.00000	0.00000	-1.00000	-1.00000	0.00000	-1.00000	-1.00000	1.00000	0
59	un	1032	84	Six_Rivers_NF	G	T	42	0.98809524	0.02381	0.97619	0.02353	0.97647	0.02381	-1.00000	-1.00000	0.00000	-1.00000	-1.00000	1.00000	1
59	un	1032	84	Shasta_Trinity_NF	G	-	48	1.00000000	0.00000	1.00000	0.00000	1.00000	0.00000	-1.00000	-1.00000	0.00000	-1.00000	-1.00000	1.00000	0
59	un	1065	117	Six_Rivers_NF	T	-	40	1.00000000	0.00000	1.00000	0.00000	1.00000	0.00000	-1.00000	-1.00000	0.00000	-1.00000	-1.00000	1.00000	0
59	un	1065	117	Shasta_Trinity_NF	T	G	41	0.98780488	0.02439	0.97561	0.02409	0.97591	0.02439	-1.00000	-1.00000	0.00000	-1.00000	-1.00000	1.00000	1
106	un	1096	9	Six_Rivers_NF	T	A	60	0.99166667	0.01667	0.98333	0.01653	0.98347	0.01667	-1.00000	-1.00000	0.00000	-1.00000	-1.00000	1.00000	1
106	un	1096	9	Plumas_NF	T	-	12	1.00000000	0.00000	1.00000	0.00000	1.00000	0.00000	-1.00000	-1.00000	0.00000	-1.00000	-1.00000	1.00000	0
106	un	1096	9	Shasta_Trinity_NF	T	-	65	1.00000000	0.00000	1.00000	0.00000	1.00000	0.00000	-1.00000	-1.00000	0.00000	-1.00000	-1.00000	1.00000	0
106	un	1106	19	Six_Rivers_NF	T	G	39	0.75641026	0.38462	0.61538	0.36851	0.63149	0.37329	-1.00000	-1.00000	-0.03033	-1.00000	-1.00000	1.00000	0
106	un	1106	19	Plumas_NF	T	G	10	0.90000000	0.00000	1.00000	0.18000	0.82000	0.18947	-1.00000	-1.00000	1.00000	-1.00000	-1.00000	1.00000	0
106	un	1106	19	Shasta_Trinity_NF	T	G	44	0.78409091	0.20455	0.79545	0.33858	0.66142	0.34248	-1.00000	-1.00000	0.40275	-1.00000	-1.00000	1.00000	0
106	un	1112	25	Six_Rivers_NF	G	C	60	0.99166667	0.01667	0.98333	0.01653	0.98347	0.01667	-1.00000	-1.00000	0.00000	-1.00000	-1.00000	1.00000	1
106	un	1112	25	Plumas_NF	G	-	12	1.00000000	0.00000	1.00000	0.00000	1.00000	0.00000	-1.00000	-1.00000	0.00000	-1.00000	-1.00000	1.00000	0
106	un	1112	25	Shasta_Trinity_NF	G	-	65	1.00000000	0.00000	1.00000	0.00000	1.00000	0.00000	-1.00000	-1.00000	0.00000	-1.00000	-1.00000	1.00000	0
106	un	1120	33	Six_Rivers_NF	T	C	51	0.86274510	0.19608	0.80392	0.23683	0.76317	0.23918	-1.00000	-1.00000	0.18019	-1.00000	-1.00000	1.00000	0
106	un	1120	33	Plumas_NF	T	C	10	0.75000000	0.30000	0.70000	0.37500	0.62500	0.39474	-1.00000	-1.00000	0.24000	-1.00000	-1.00000	1.00000	0
106	un	1120	33	Shasta_Trinity_NF	T	C	46	0.86956522	0.17391	0.82609	0.22684	0.77316	0.22934	-1.00000	-1.00000	0.24167	-1.00000	-1.00000	1.00000	0
106	un	1122	35	Six_Rivers_NF	A	T	41	0.82926829	0.24390	0.75610	0.28316	0.71684	0.28666	-1.00000	-1.00000	0.14916	-1.00000	-1.00000	1.00000	0
106	un	1122	35	Plumas_NF	A	T	11	0.86363636	0.09091	0.90909	0.23554	0.76446	0.24675	-1.00000	-1.00000	0.63158	-1.00000	-1.00000	1.00000	0
106	un	1122	35	Shasta_Trinity_NF	A	T	48	0.81250000	0.16667	0.83333	0.30469	0.69531	0.30789	-1.00000	-1.00000	0.45869	-1.00000	-1.00000	1.00000	0
106	un	1143	56	Six_Rivers_NF	T	A	58	0.95689655	0.05172	0.94828	0.08249	0.91751	0.08321	-1.00000	-1.00000	0.37838	-1.00000	-1.00000	1.00000	1
106	un	1143	56	Plumas_NF	T	-	12	1.00000000	0.00000	1.00000	0.00000	1.00000	0.00000	-1.00000	-1.00000	0.00000	-1.00000	-1.00000	1.00000	0
106	un	1143	56	Shasta_Trinity_NF	T	-	65	1.00000000	0.00000	1.00000	0.00000	1.00000	0.00000	-1.00000	-1.00000	0.00000	-1.00000	-1.00000	1.00000	0
106	un	1145	58	Six_Rivers_NF	A	C	58	0.99137931	0.01724	0.98276	0.01709	0.98291	0.01724	-1.00000	-1.00000	0.00000	-1.00000	-1.00000	1.00000	0
106	un	1145	58	Plumas_NF	A	-	12	1.00000000	0.00000	1.00000	0.00000	1.00000	0.00000	-1.00000	-1.00000	0.00000	-1.00000	-1.00000	1.00000	0
106	un	1145	58	Shasta_Trinity_NF	A	C	56	0.97321429	0.05357	0.94643	0.05214	0.94786	0.05261	-1.00000	-1.00000	-0.01835	-1.00000	-1.00000	1.00000	0
106	un	1146	59	Plumas_NF	T	C	10	0.60000000	0.20000	0.80000	0.48000	0.52000	0.50526	-1.00000	-1.00000	0.60417	-1.00000	-1.00000	1.00000	0
106	un	1157	70	Six_Rivers_NF	G	-	60	1.00000000	0.00000	1.00000	0.00000	1.00000	0.00000	-1.00000	-1.00000	0.00000	-1.00000	-1.00000	1.00000	0
106	un	1157	70	Plumas_NF	G	A	10	0.75000000	0.10000	0.90000	0.37500	0.62500	0.39474	-1.00000	-1.00000	0.74667	-1.00000	-1.00000	1.00000	0
106	un	1157	70	Shasta_Trinity_NF	G	A	49	0.93877551	0.08163	0.91837	0.11495	0.88505	0.11614	-1.00000	-1.00000	0.29710	-1.00000	-1.00000	1.00000	0
106	un	1168	81	Six_Rivers_NF	T	C	60	0.99166667	0.01667	0.98333	0.01653	0.98347	0.01667	-1.00000	-1.00000	0.00000	-1.00000	-1.00000	1.00000	1
106	un	1168	81	Plumas_NF	T	-	12	1.00000000	0.00000	1.00000	0.00000	1.00000	0.00000	-1.00000	-1.00000	0.00000	-1.00000	-1.00000	1.00000	0
106	un	1168	81	Shasta_Trinity_NF	T	-	65	1.00000000	0.00000	1.00000	0.00000	1.00000	0.00000	-1.00000	-1.00000	0.00000	-1.00000	-1.00000	1.00000	0
106	un	1186	99	Six_Rivers_NF	G	C	46	0.88043478	0.10870	0.89130	0.21054	0.78946	0.21285	-1.00000	-1.00000	0.48934	-1.00000	-1.00000	1.00000	0
106	un	1186	99	Shasta_Trinity_NF	G	C	45	0.85555556	0.02222	0.97778	0.24716	0.75284	0.24994	-1.00000	-1.00000	0.91109	-1.00000	-1.00000	1.00000	0
106	un	1190	103	Six_Rivers_NF	A	G	41	0.82926829	0.24390	0.75610	0.28316	0.71684	0.28666	-1.00000	-1.00000	0.14916	-1.00000	-1.00000	1.00000	0
106	un	1190	103	Plumas_NF	A	G	11	0.86363636	0.09091	0.90909	0.23554	0.76446	0.24675	-1.00000	-1.00000	0.63158	-1.00000	-1.00000	1.00000	0
106	un	1190	103	Shasta_Trinity_NF	A	G	47	0.81914894	0.19149	0.80851	0.29629	0.70371	0.29947	-1.00000	-1.00000	0.36058	-1.00000	-1.00000	1.00000	0
106	un	1193	106	Six_Rivers_NF	C	T	47	0.88297872	0.19149	0.80851	0.20665	0.79335	0.20888	-1.00000	-1.00000	0.08324	-1.00000	-1.00000	1.00000	1
106	un	1193	106	Plumas_NF	C	-	12	1.00000000	0.00000	1.00000	0.00000	1.00000	0.00000	-1.00000	-1.00000	0.00000	-1.00000	-1.00000	1.00000	0
106	un	1193	106	Shasta_Trinity_NF	C	-	58	1.00000000	0.00000	1.00000	0.00000	1.00000	0.00000	-1.00000	-1.00000	0.00000	-1.00000	-1.00000	1.00000	0
173	un	1292	95	Plumas_NF	T	C	15	0.96666667	0.06667	0.93333	0.06444	0.93556	0.06667	-1.00000	-1.00000	-0.00000	-1.00000	-1.00000	1.00000	1
173	un	1292	95	Mendocino_County	T	-	7	1.00000000	0.00000	1.00000	0.00000	1.00000	0.00000	-1.00000	-1.00000	0.00000	-1.00000	-1.00000	1.00000	0
259	un	1506	69	Shasta_Trinity_NF	A	G	42	0.98809524	0.02381	0.97619	0.02353	0.97647	0.02381	-1.00000	-1.00000	0.00000	-1.00000	-1.00000	1.00000	0
259	un	1517	80	Shasta_Trinity_NF	A	C	42	0.96428571	0.02381	0.97619	0.06888	0.93112	0.06971	-1.00000	-1.00000	0.65844	-1.00000	-1.00000	1.00000	0
271	un	1551	4	Six_Rivers_NF	G	A	37	0.98648649	0.02703	0.97297	0.02666	0.97334	0.02703	-1.00000	-1.00000	-0.00000	-1.00000	-1.00000	1.00000	0
271	un	1554	7	Six_Rivers_NF	T	C	37	0.98648649	0.02703	0.97297	0.02666	0.97334	0.02703	-1.00000	-1.00000	-0.00000	-1.00000	-1.00000	1.00000	0
271	un	1598	51	Six_Rivers_NF	T	C	37	0.98648649	0.02703	0.97297	0.02666	0.97334	0.02703	-1.00000	-1.00000	-0.00000	-1.00000	-1.00000	1.00000	0
271	un	1631	84	Six_Rivers_NF	A	G	37	0.98648649	0.02703	0.97297	0.02666	0.97334	0.02703	-1.00000	-1.00000	-0.00000	-1.00000	-1.00000	1.00000	0
284	un	1665	8	Six_Rivers_NF	G	-	51	1.00000000	0.00000	1.00000	0.00000	1.00000	0.00000	-1.00000	-1.00000	0.00000	-1.00000	-1.00000	1.00000	0
284	un	1665	8	Plumas_NF	G	-	10	1.00000000	0.00000	1.00000	0.00000	1.00000	0.00000	-1.00000	-1.00000	0.00000	-1.00000	-1.00000	1.00000	0
284	un	1665	8	Shasta_Trinity_NF	G	A	43	0.93023256	0.04651	0.95349	0.12980	0.87020	0.13133	-1.00000	-1.00000	0.64583	-1.00000	-1.00000	1.00000	1
284	un	1691	34	Six_Rivers_NF	A	G	49	0.50000000	0.71429	0.28571	0.50000	0.50000	0.50515	-1.00000	-1.00000	-0.41399	-1.00000	-1.00000	1.00000	0
284	un	1765	108	Six_Rivers_NF	G	A	51	0.95098039	0.05882	0.94118	0.09323	0.90677	0.09416	-1.00000	-1.00000	0.37526	-1.00000	-1.00000	1.00000	0
284	un	1765	108	Plumas_NF	G	-	10	1.00000000	0.00000	1.00000	0.00000	1.00000	0.00000	-1.00000	-1.00000	0.00000	-1.00000	-1.00000	1.00000	0
284	un	1765	108	Shasta_Trinity_NF	G	A	40	0.70000000	0.35000	0.65000	0.42000	0.58000	0.42532	-1.00000	-1.00000	0.17708	-1.00000	-1.00000	1.00000	0
299	un	1769	2	Six_Rivers_NF	G	A	38	0.63157895	0.10526	0.89474	0.46537	0.53463	0.47158	-1.00000	-1.00000	0.77679	-1.00000	-1.00000	1.00000	0
299	un	1770	3	Six_Rivers_NF	G	A	40	0.90000000	0.15000	0.85000	0.18000	0.82000	0.18228	-1.00000	-1.00000	0.17708	-1.00000	-1.00000	1.00000	0
299	un	1777	10	Six_Rivers_NF	C	A	43	0.91860465	0.02326	0.97674	0.14954	0.85046	0.15130	-1.00000	-1.00000	0.84629	-1.00000	-1.00000	1.00000	0
299	un	1790	23	Six_Rivers_NF	C	T	43	0.94186047	0.06977	0.93023	0.10952	0.89048	0.11081	-1.00000	-1.00000	0.37037	-1.00000	-1.00000	1.00000	0
299	un	1820	53	Six_Rivers_NF	C	T	38	0.80263158	0.23684	0.76316	0.31683	0.68317	0.32105	-1.00000	-1.00000	0.26230	-1.00000	-1.00000	1.00000	0
299	un	1826	59	Six_Rivers_NF	C	A	40	0.90000000	0.15000	0.85000	0.18000	0.82000	0.18228	-1.00000	-1.00000	0.17708	-1.00000	-1.00000	1.00000	0
299	un	1840	73	Six_Rivers_NF	A	T	40	0.90000000	0.15000	0.85000	0.18000	0.82000	0.18228	-1.00000	-1.00000	0.17708	-1.00000	-1.00000	1.00000	0
322	un	1985	108	Shasta_Trinity_NF	T	C	44	0.98863636	0.02273	0.97727	0.02247	0.97753	0.02273	-1.00000	-1.00000	-0.00000	-1.00000	-1.00000	1.00000	0
361	un	2183	37	Six_Rivers_NF	T	A	42	0.98809524	0.02381	0.97619	0.02353	0.97647	0.02381	-1.00000	-1.00000	0.00000	-1.00000	-1.00000	1.00000	1
361	un	2183	37	Plumas_NF	T	-	12	1.00000000	0.00000	1.00000	0.00000	1.00000	0.00000	-1.00000	-1.00000	0.00000	-1.00000	-1.00000	1.00000	0
361	un	2227	81	Six_Rivers_NF	C	A	42	0.98809524	0.02381	0.97619	0.02353	0.97647	0.02381	-1.00000	-1.00000	0.00000	-1.00000	-1.00000	1.00000	1
361	un	2227	81	Plumas_NF	C	-	12	1.00000000	0.00000	1.00000	0.00000	1.00000	0.00000	-1.00000	-1.00000	0.00000	-1.00000	-1.00000	1.00000	0
423	un	2264	8	Six_Rivers_NF	T	G	37	0.52702703	0.18919	0.81081	0.49854	0.50146	0.50537	-1.00000	-1.00000	0.62564	-1.00000	-1.00000	1.00000	0
423	un	2276	20	Six_Rivers_NF	A	G	37	0.52702703	0.18919	0.81081	0.49854	0.50146	0.50537	-1.00000	-1.00000	0.62564	-1.00000	-1.00000	1.00000	0
423	un	2319	63	Six_Rivers_NF	A	G	37	0.52702703	0.18919	0.81081	0.49854	0.50146	0.50537	-1.00000	-1.00000	0.62564	-1.00000	-1.00000	1.00000	0
423	un	2351	95	Six_Rivers_NF	C	T	37	0.52702703	0.18919	0.81081	0.49854	0.50146	0.50537	-1.00000	-1.00000	0.62564	-1.00000	-1.00000	1.00000	0
423	un	2360	104	Six_Rivers_NF	C	A	37	0.93243243	0.02703	0.97297	0.12600	0.87400	0.12773	-1.00000	-1.00000	0.78841	-1.00000	-1.00000	1.00000	0
443	un	2421	55	Shasta_Trinity_NF	T	C	40	0.98750000	0.02500	0.97500	0.02469	0.97531	0.02500	-1.00000	-1.00000	0.00000	-1.00000	-1.00000	1.00000	0
443	un	2461	95	Shasta_Trinity_NF	C	A	40	0.98750000	0.02500	0.97500	0.02469	0.97531	0.02500	-1.00000	-1.00000	0.00000	-1.00000	-1.00000	1.00000	0
447	un	2539	35	Six_Rivers_NF	C	A	38	0.98684211	0.02632	0.97368	0.02597	0.97403	0.02632	-1.00000	-1.00000	-0.00000	-1.00000	-1.00000	1.00000	0
447	un	2555	51	Six_Rivers_NF	T	G	39	0.98717949	0.02564	0.97436	0.02531	0.97469	0.02564	-1.00000	-1.00000	0.00000	-1.00000	-1.00000	1.00000	0
470	un	2649	35	Six_Rivers_NF	T	-	47	1.00000000	0.00000	1.00000	0.00000	1.00000	0.00000	-1.00000	-1.00000	0.00000	-1.00000	-1.00000	1.00000	0
470	un	2649	35	Plumas_NF	T	-	13	1.00000000	0.00000	1.00000	0.00000	1.00000	0.00000	-1.00000	-1.00000	0.00000	-1.00000	-1.00000	1.00000	0
470	un	2649	35	Shasta_Trinity_NF	T	C	46	0.98913043	0.02174	0.97826	0.02150	0.97850	0.02174	-1.00000	-1.00000	-0.00000	-1.00000	-1.00000	1.00000	1
470	un	2662	48	Six_Rivers_NF	T	-	47	1.00000000	0.00000	1.00000	0.00000	1.00000	0.00000	-1.00000	-1.00000	0.00000	-1.00000	-1.00000	1.00000	0
470	un	2662	48	Plumas_NF	T	-	13	1.00000000	0.00000	1.00000	0.00000	1.00000	0.00000	-1.00000	-1.00000	0.00000	-1.00000	-1.00000	1.00000	0
470	un	2662	48	Shasta_Trinity_NF	T	C	46	0.98913043	0.02174	0.97826	0.02150	0.97850	0.02174	-1.00000	-1.00000	-0.00000	-1.00000	-1.00000	1.00000	1
470	un	2685	71	Six_Rivers_NF	A	-	47	1.00000000	0.00000	1.00000	0.00000	1.00000	0.00000	-1.00000	-1.00000	0.00000	-1.00000	-1.00000	1.00000	0
470	un	2685	71	Plumas_NF	A	-	13	1.00000000	0.00000	1.00000	0.00000	1.00000	0.00000	-1.00000	-1.00000	0.00000	-1.00000	-1.00000	1.00000	0
470	un	2685	71	Shasta_Trinity_NF	A	G	46	0.98913043	0.02174	0.97826	0.02150	0.97850	0.02174	-1.00000	-1.00000	-0.00000	-1.00000	-1.00000	1.00000	1
470	un	2707	93	Six_Rivers_NF	C	G	47	0.98936170	0.02128	0.97872	0.02105	0.97895	0.02128	-1.00000	-1.00000	0.00000	-1.00000	-1.00000	1.00000	1
470	un	2707	93	Plumas_NF	C	-	13	1.00000000	0.00000	1.00000	0.00000	1.00000	0.00000	-1.00000	-1.00000	0.00000	-1.00000	-1.00000	1.00000	0
470	un	2707	93	Shasta_Trinity_NF	C	-	46	1.00000000	0.00000	1.00000	0.00000	1.00000	0.00000	-1.00000	-1.00000	0.00000	-1.00000	-1.00000	1.00000	0
470	un	2709	95	Six_Rivers_NF	A	G	47	0.98936170	0.02128	0.97872	0.02105	0.97895	0.02128	-1.00000	-1.00000	0.00000	-1.00000	-1.00000	1.00000	1
470	un	2709	95	Plumas_NF	A	-	13	1.00000000	0.00000	1.00000	0.00000	1.00000	0.00000	-1.00000	-1.00000	0.00000	-1.00000	-1.00000	1.00000	0
470	un	2709	95	Shasta_Trinity_NF	A	-	46	1.00000000	0.00000	1.00000	0.00000	1.00000	0.00000	-1.00000	-1.00000	0.00000	-1.00000	-1.00000	1.00000	0
497	un	2822	76	Six_Rivers_NF	C	T	42	0.98809524	0.02381	0.97619	0.02353	0.97647	0.02381	-1.00000	-1.00000	0.00000	-1.00000	-1.00000	1.00000	0
519	un	2932	76	Six_Rivers_NF	G	A	49	0.47959184	0.46939	0.53061	0.49917	0.50083	0.50431	-1.00000	-1.00000	0.06925	-1.00000	-1.00000	1.00000	0
519	un	2932	76	Shasta_Trinity_NF	G	A	45	0.62222222	0.48889	0.51111	0.47012	0.52988	0.47541	-1.00000	-1.00000	-0.02836	-1.00000	-1.00000	1.00000	0
556	un	2991	25	Six_Rivers_NF	G	-	49	1.00000000	0.00000	1.00000	0.00000	1.00000	0.00000	-1.00000	-1.00000	0.00000	-1.00000	-1.00000	1.00000	0
556	un	2991	25	Shasta_Trinity_NF	G	A	40	0.96250000	0.07500	0.92500	0.07219	0.92781	0.07310	-1.00000	-1.00000	-0.02597	-1.00000	-1.00000	1.00000	1
556	un	3045	79	Six_Rivers_NF	C	T	46	0.63043478	0.39130	0.60870	0.46597	0.53403	0.47109	-1.00000	-1.00000	0.16937	-1.00000	-1.00000	1.00000	0
556	un	3056	90	Six_Rivers_NF	T	A	49	0.98979592	0.02041	0.97959	0.02020	0.97980	0.02041	-1.00000	-1.00000	0.00000	-1.00000	-1.00000	1.00000	1
556	un	3056	90	Shasta_Trinity_NF	T	-	40	1.00000000	0.00000	1.00000	0.00000	1.00000	0.00000	-1.00000	-1.00000	0.00000	-1.00000	-1.00000	1.00000	0
629	un	3231	44	Six_Rivers_NF	C	T	38	0.98684211	0.02632	0.97368	0.02597	0.97403	0.02632	-1.00000	-1.00000	-0.00000	-1.00000	-1.00000	1.00000	1
629	un	3231	44	Shasta_Trinity_NF	C	-	46	1.00000000	0.00000	1.00000	0.00000	1.00000	0.00000	-1.00000	-1.00000	0.00000	-1.00000	-1.00000	1.00000	0
629	un	3273	86	Six_Rivers_NF	T	-	38	1.00000000	0.00000	1.00000	0.00000	1.00000	0.00000	-1.00000	-1.00000	0.00000	-1.00000	-1.00000	1.00000	0
629	un	3273	86	Shasta_Trinity_NF	T	G	46	0.98913043	0.02174	0.97826	0.02150	0.97850	0.02174	-1.00000	-1.00000	-0.00000	-1.00000	-1.00000	1.00000	1
636	un	3299	2	Six_Rivers_NF	C	T	58	0.98275862	0.00000	1.00000	0.03389	0.96611	0.03418	-1.00000	-1.00000	1.00000	-1.00000	-1.00000	1.00000	1
636	un	3299	2	Shasta_Trinity_NF	C	-	60	1.00000000	0.00000	1.00000	0.00000	1.00000	0.00000	-1.00000	-1.00000	0.00000	-1.00000	-1.00000	1.00000	0
636	un	3312	15	Six_Rivers_NF	A	G	58	0.91379310	0.00000	1.00000	0.15755	0.84245	0.15892	-1.00000	-1.00000	1.00000	-1.00000	-1.00000	1.00000	0
636	un	3312	15	Shasta_Trinity_NF	A	G	56	0.93750000	0.01786	0.98214	0.11719	0.88281	0.11824	-1.00000	-1.00000	0.84898	-1.00000	-1.00000	1.00000	0
636	un	3323	26	Six_Rivers_NF	G	A	47	0.69148936	0.57447	0.42553	0.42666	0.57334	0.43125	-1.00000	-1.00000	-0.33210	-1.00000	-1.00000	1.00000	0
636	un	3323	26	Shasta_Trinity_NF	G	A	48	0.70833333	0.41667	0.58333	0.41319	0.58681	0.41754	-1.00000	-1.00000	0.00210	-1.00000	-1.00000	1.00000	0
636	un	3324	27	Six_Rivers_NF	T	A	46	0.69565217	0.56522	0.43478	0.42344	0.57656	0.42809	-1.00000	-1.00000	-0.32031	-1.00000	-1.00000	1.00000	0
636	un	3324	27	Shasta_Trinity_NF	T	A	47	0.71276596	0.40426	0.59574	0.40946	0.59054	0.41386	-1.00000	-1.00000	0.02322	-1.00000	-1.00000	1.00000	0
636	un	3344	47	Six_Rivers_NF	C	T	57	0.99122807	0.01754	0.98246	0.01739	0.98261	0.01754	-1.00000	-1.00000	0.00000	-1.00000	-1.00000	1.00000	1
636	un	3344	47	Shasta_Trinity_NF	C	-	60	1.00000000	0.00000	1.00000	0.00000	1.00000	0.00000	-1.00000	-1.00000	0.00000	-1.00000	-1.00000	1.00000	0
636	un	3359	62	Six_Rivers_NF	A	-	59	1.00000000	0.00000	1.00000	0.00000	1.00000	0.00000	-1.00000	-1.00000	0.00000	-1.00000	-1.00000	1.00000	0
636	un	3359	62	Shasta_Trinity_NF	A	G	58	0.99137931	0.01724	0.98276	0.01709	0.98291	0.01724	-1.00000	-1.00000	0.00000	-1.00000	-1.00000	1.00000	1
636	un	3365	68	Six_Rivers_NF	T	C	58	0.91379310	0.00000	1.00000	0.15755	0.84245	0.15892	-1.00000	-1.00000	1.00000	-1.00000	-1.00000	1.00000	0
636	un	3365	68	Shasta_Trinity_NF	T	C	57	0.93859649	0.01754	0.98246	0.11527	0.88473	0.11629	-1.00000	-1.00000	0.84913	-1.00000	-1.00000	1.00000	0
636	un	3367	70	Six_Rivers_NF	G	A	59	0.99152542	0.01695	0.98305	0.01681	0.98319	0.01695	-1.00000	-1.00000	-0.00000	-1.00000	-1.00000	1.00000	0
636	un	3367	70	Shasta_Trinity_NF	G	A	52	0.95192308	0.05769	0.94231	0.09153	0.90847	0.09242	-1.00000	-1.00000	0.37576	-1.00000	-1.00000	1.00000	0
636	un	3374	77	Six_Rivers_NF	A	G	55	0.61818182	0.54545	0.45455	0.47207	0.52793	0.47640	-1.00000	-1.00000	-0.14496	-1.00000	-1.00000	1.00000	0
636	un	3374	77	Shasta_Trinity_NF	A	G	50	0.63000000	0.42000	0.58000	0.46620	0.53380	0.47091	-1.00000	-1.00000	0.10811	-1.00000	-1.00000	1.00000	0
636	un	3382	85	Six_Rivers_NF	C	G	43	0.80232558	0.20930	0.79070	0.31720	0.68280	0.32093	-1.00000	-1.00000	0.34783	-1.00000	-1.00000	1.00000	0
636	un	3382	85	Shasta_Trinity_NF	C	G	40	0.76250000	0.17500	0.82500	0.36219	0.63781	0.36677	-1.00000	-1.00000	0.52286	-1.00000	-1.00000	1.00000	0
636	un	3388	91	Six_Rivers_NF	T	C	58	0.91379310	0.00000	1.00000	0.15755	0.84245	0.15892	-1.00000	-1.00000	1.00000	-1.00000	-1.00000	1.00000	0
636	un	3388	91	Shasta_Trinity_NF	T	C	57	0.93859649	0.01754	0.98246	0.11527	0.88473	0.11629	-1.00000	-1.00000	0.84913	-1.00000	-1.00000	1.00000	0
657	un	3531	14	Six_Rivers_NF	C	-	45	1.00000000	0.00000	1.00000	0.00000	1.00000	0.00000	-1.00000	-1.00000	0.00000	-1.00000	-1.00000	1.00000	0
657	un	3531	14	Plumas_NF	C	-	11	1.00000000	0.00000	1.00000	0.00000	1.00000	0.00000	-1.00000	-1.00000	0.00000	-1.00000	-1.00000	1.00000	0
657	un	3531	14	Shasta_Trinity_NF	C	G	42	0.79761905	0.30952	0.69048	0.32285	0.67715	0.32674	-1.00000	-1.00000	0.05268	-1.00000	-1.00000	1.00000	1
657	un	3537	20	Plumas_NF	C	T	11	0.86363636	0.09091	0.90909	0.23554	0.76446	0.24675	-1.00000	-1.00000	0.63158	-1.00000	-1.00000	1.00000	0
657	un	3537	20	Shasta_Trinity_NF	C	T	40	0.80000000	0.25000	0.75000	0.32000	0.68000	0.32405	-1.00000	-1.00000	0.22852	-1.00000	-1.00000	1.00000	0
657	un	3564	47	Six_Rivers_NF	A	-	48	1.00000000	0.00000	1.00000	0.00000	1.00000	0.00000	-1.00000	-1.00000	0.00000	-1.00000	-1.00000	1.00000	0
657	un	3564	47	Plumas_NF	A	-	11	1.00000000	0.00000	1.00000	0.00000	1.00000	0.00000	-1.00000	-1.00000	0.00000	-1.00000	-1.00000	1.00000	0
657	un	3564	47	Shasta_Trinity_NF	A	T	42	0.82142857	0.26190	0.73810	0.29337	0.70663	0.29690	-1.00000	-1.00000	0.11787	-1.00000	-1.00000	1.00000	1
657	un	3565	48	Six_Rivers_NF	G	-	47	1.00000000	0.00000	1.00000	0.00000	1.00000	0.00000	-1.00000	-1.00000	0.00000	-1.00000	-1.00000	1.00000	0
657	un	3565	48	Plumas_NF	G	A	11	0.72727273	0.18182	0.81818	0.39669	0.60331	0.41558	-1.00000	-1.00000	0.56250	-1.00000	-1.00000	1.00000	0
657	un	3565	48	Shasta_Trinity_NF	G	A	50	0.93000000	0.02000	0.98000	0.13020	0.86980	0.13152	-1.00000	-1.00000	0.84793	-1.00000	-1.00000	1.00000	0
657	un	3581	64	Six_Rivers_NF	G	T	39	0.65384615	0.23077	0.76923	0.45266	0.54734	0.45854	-1.00000	-1.00000	0.49673	-1.00000	-1.00000	1.00000	0
657	un	3581	64	Plumas_NF	G	T	11	0.36363636	0.36364	0.63636	0.46281	0.53719	0.48485	-1.00000	-1.00000	0.25000	-1.00000	-1.00000	1.00000	0
657	un	3587	70	Six_Rivers_NF	G	C	44	0.92045455	0.02273	0.97727	0.14644	0.85356	0.14812	-1.00000	-1.00000	0.84656	-1.00000	-1.00000	1.00000	0
657	un	3587	70	Plumas_NF	G	C	10	0.75000000	0.30000	0.70000	0.37500	0.62500	0.39474	-1.00000	-1.00000	0.24000	-1.00000	-1.00000	1.00000	0
657	un	3587	70	Shasta_Trinity_NF	G	C	42	0.69047619	0.33333	0.66667	0.42744	0.57256	0.43259	-1.00000	-1.00000	0.22944	-1.00000	-1.00000	1.00000	0
657	un	3613	96	Six_Rivers_NF	C	A	44	0.96590909	0.02273	0.97727	0.06586	0.93414	0.06661	-1.00000	-1.00000	0.65882	-1.00000	-1.00000	1.00000	1
657	un	3613	96	Plumas_NF	C	-	11	1.00000000	0.00000	1.00000	0.00000	1.00000	0.00000	-1.00000	-1.00000	0.00000	-1.00000	-1.00000	1.00000	0
657	un	3613	96	Shasta_Trinity_NF	C	-	50	1.00000000	0.00000	1.00000	0.00000	1.00000	0.00000	-1.00000	-1.00000	0.00000	-1.00000	-1.00000	1.00000	0
657	un	3624	107	Six_Rivers_NF	C	T	48	0.98958333	0.02083	0.97917	0.02062	0.97938	0.02083	-1.00000	-1.00000	0.00000	-1.00000	-1.00000	1.00000	1
657	un	3624	107	Plumas_NF	C	-	11	1.00000000	0.00000	1.00000	0.00000	1.00000	0.00000	-1.00000	-1.00000	0.00000	-1.00000	-1.00000	1.00000	0
657	un	3624	107	Shasta_Trinity_NF	C	-	50	1.00000000	0.00000	1.00000	0.00000	1.00000	0.00000	-1.00000	-1.00000	0.00000	-1.00000	-1.00000	1.00000	0
677	un	3654	23	Six_Rivers_NF	G	-	44	1.00000000	0.00000	1.00000	0.00000	1.00000	0.00000	-1.00000	-1.00000	0.00000	-1.00000	-1.00000	1.00000	0
677	un	3654	23	Plumas_NF	G	-	10	1.00000000	0.00000	1.00000	0.00000	1.00000	0.00000	-1.00000	-1.00000	0.00000	-1.00000	-1.00000	1.00000	0
677	un	3654	23	Shasta_Trinity_NF	G	C	51	0.99019608	0.01961	0.98039	0.01942	0.98058	0.01961	-1.00000	-1.00000	0.00000	-1.00000	-1.00000	1.00000	1
677	un	3702	71	Six_Rivers_NF	T	-	44	1.00000000	0.00000	1.00000	0.00000	1.00000	0.00000	-1.00000	-1.00000	0.00000	-1.00000	-1.00000	1.00000	0
677	un	3702	71	Plumas_NF	T	-	10	1.00000000	0.00000	1.00000	0.00000	1.00000	0.00000	-1.00000	-1.00000	0.00000	-1.00000	-1.00000	1.00000	0
677	un	3702	71	Shasta_Trinity_NF	T	G	51	0.99019608	0.01961	0.98039	0.01942	0.98058	0.01961	-1.00000	-1.00000	0.00000	-1.00000	-1.00000	1.00000	1
677	un	3710	79	Six_Rivers_NF	A	T	44	0.98863636	0.02273	0.97727	0.02247	0.97753	0.02273	-1.00000	-1.00000	-0.00000	-1.00000	-1.00000	1.00000	1
677	un	3710	79	Plumas_NF	A	-	10	1.00000000	0.00000	1.00000	0.00000	1.00000	0.00000	-1.00000	-1.00000	0.00000	-1.00000	-1.00000	1.00000	0
677	un	3710	79	Shasta_Trinity_NF	A	-	51	1.00000000	0.00000	1.00000	0.00000	1.00000	0.00000	-1.00000	-1.00000	0.00000	-1.00000	-1.00000	1.00000	0
679	un	3749	8	Six_Rivers_NF	T	G	46	0.97826087	0.04348	0.95652	0.04253	0.95747	0.04300	-1.00000	-1.00000	-0.01111	-1.00000	-1.00000	1.00000	0
679	un	3749	8	Plumas_NF	T	G	14	0.57142857	0.42857	0.57143	0.48980	0.51020	0.50794	-1.00000	-1.00000	0.15625	-1.00000	-1.00000	1.00000	0
679	un	3749	8	Shasta_Trinity_NF	T	-	55	1.00000000	0.00000	1.00000	0.00000	1.00000	0.00000	-1.00000	-1.00000	0.00000	-1.00000	-1.00000	1.00000	0
679	un	3764	23	Plumas_NF	C	A	18	0.83333333	0.22222	0.77778	0.27778	0.72222	0.28571	-1.00000	-1.00000	0.22222	-1.00000	-1.00000	1.00000	0
679	un	3764	23	Shasta_Trinity_NF	C	A	42	0.84523810	0.11905	0.88095	0.26162	0.73838	0.26477	-1.00000	-1.00000	0.55038	-1.00000	-1.00000	1.00000	0
679	un	3765	24	Six_Rivers_NF	G	A	47	0.98936170	0.02128	0.97872	0.02105	0.97895	0.02128	-1.00000	-1.00000	0.00000	-1.00000	-1.00000	1.00000	0
679	un	3765	24	Plumas_NF	G	A	14	0.57142857	0.42857	0.57143	0.48980	0.51020	0.50794	-1.00000	-1.00000	0.15625	-1.00000	-1.00000	1.00000	0
679	un	3765	24	Shasta_Trinity_NF	G	-	55	1.00000000	0.00000	1.00000	0.00000	1.00000	0.00000	-1.00000	-1.00000	0.00000	-1.00000	-1.00000	1.00000	0
679	un	3773	32	Plumas_NF	T	C	16	0.34375000	0.18750	0.81250	0.45117	0.54883	0.46573	-1.00000	-1.00000	0.59740	-1.00000	-1.00000	1.00000	0
679	un	3773	32	Shasta_Trinity_NF	T	C	42	0.80952381	0.19048	0.80952	0.30839	0.69161	0.31211	-1.00000	-1.00000	0.38971	-1.00000	-1.00000	1.00000	0
679	un	3774	33	Six_Rivers_NF	G	A	43	0.90697674	0.09302	0.90698	0.16874	0.83126	0.17073	-1.00000	-1.00000	0.45513	-1.00000	-1.00000	1.00000	0
679	un	3774	33	Plumas_NF	G	-	18	1.00000000	0.00000	1.00000	0.00000	1.00000	0.00000	-1.00000	-1.00000	0.00000	-1.00000	-1.00000	1.00000	0
679	un	3774	33	Shasta_Trinity_NF	G	A	47	0.90425532	0.10638	0.89362	0.17316	0.82684	0.17502	-1.00000	-1.00000	0.39216	-1.00000	-1.00000	1.00000	0
679	un	3781	40	Plumas_NF	G	A	18	0.91666667	0.05556	0.94444	0.15278	0.84722	0.15714	-1.00000	-1.00000	0.64646	-1.00000	-1.00000	1.00000	0
679	un	3781	40	Shasta_Trinity_NF	G	A	44	0.79545455	0.22727	0.77273	0.32541	0.67459	0.32915	-1.00000	-1.00000	0.30952	-1.00000	-1.00000	1.00000	0
679	un	3788	47	Plumas_NF	A	G	18	0.75000000	0.27778	0.72222	0.37500	0.62500	0.38571	-1.00000	-1.00000	0.27984	-1.00000	-1.00000	1.00000	0
679	un	3807	66	Six_Rivers_NF	G	-	53	1.00000000	0.00000	1.00000	0.00000	1.00000	0.00000	-1.00000	-1.00000	0.00000	-1.00000	-1.00000	1.00000	0
679	un	3807	66	Plumas_NF	G	-	20	1.00000000	0.00000	1.00000	0.00000	1.00000	0.00000	-1.00000	-1.00000	0.00000	-1.00000	-1.00000	1.00000	0
679	un	3807	66	Shasta_Trinity_NF	G	A	56	0.99107143	0.01786	0.98214	0.01770	0.98230	0.01786	-1.00000	-1.00000	0.00000	-1.00000	-1.00000	1.00000	1
679	un	3809	68	Plumas_NF	G	A	17	0.73529412	0.29412	0.70588	0.38927	0.61073	0.40107	-1.00000	-1.00000	0.26667	-1.00000	-1.00000	1.00000	0
679	un	3848	107	Six_Rivers_NF	T	G	52	0.99038462	0.01923	0.98077	0.01905	0.98095	0.01923	-1.00000	-1.00000	0.00000	-1.00000	-1.00000	1.00000	1
679	un	3848	107	Plumas_NF	T	-	20	1.00000000	0.00000	1.00000	0.00000	1.00000	0.00000	-1.00000	-1.00000	0.00000	-1.00000	-1.00000	1.00000	0
679	un	3848	107	Shasta_Trinity_NF	T	-	56	1.00000000	0.00000	1.00000	0.00000	1.00000	0.00000	-1.00000	-1.00000	0.00000	-1.00000	-1.00000	1.00000	0
686	un	3875	24	Six_Rivers_NF	T	-	45	1.00000000	0.00000	1.00000	0.00000	1.00000	0.00000	-1.00000	-1.00000	0.00000	-1.00000	-1.00000	1.00000	0
686	un	3875	24	Plumas_NF	T	A	10	0.90000000	0.00000	1.00000	0.18000	0.82000	0.18947	-1.00000	-1.00000	1.00000	-1.00000	-1.00000	1.00000	1
686	un	3875	24	Shasta_Trinity_NF	T	-	41	1.00000000	0.00000	1.00000	0.00000	1.00000	0.00000	-1.00000	-1.00000	0.00000	-1.00000	-1.00000	1.00000	0
686	un	3958	107	Six_Rivers_NF	C	-	45	1.00000000	0.00000	1.00000	0.00000	1.00000	0.00000	-1.00000	-1.00000	0.00000	-1.00000	-1.00000	1.00000	0
686	un	3958	107	Plumas_NF	C	-	10	1.00000000	0.00000	1.00000	0.00000	1.00000	0.00000	-1.00000	-1.00000	0.00000	-1.00000	-1.00000	1.00000	0
686	un	3958	107	Shasta_Trinity_NF	C	A	41	0.98780488	0.02439	0.97561	0.02409	0.97591	0.02439	-1.00000	-1.00000	0.00000	-1.00000	-1.00000	1.00000	1
690	un	3987	7	Six_Rivers_NF	C	T	45	0.93333333	0.08889	0.91111	0.12444	0.87556	0.12584	-1.00000	-1.00000	0.29365	-1.00000	-1.00000	1.00000	1
690	un	3987	7	Plumas_NF	C	-	13	1.00000000	0.00000	1.00000	0.00000	1.00000	0.00000	-1.00000	-1.00000	0.00000	-1.00000	-1.00000	1.00000	0
690	un	3990	10	Six_Rivers_NF	C	T	44	0.51136364	0.38636	0.61364	0.49974	0.50026	0.50549	-1.00000	-1.00000	0.23566	-1.00000	-1.00000	1.00000	0
690	un	3990	10	Plumas_NF	C	T	12	0.58333333	0.16667	0.83333	0.48611	0.51389	0.50725	-1.00000	-1.00000	0.67143	-1.00000	-1.00000	1.00000	0
690	un	4011	31	Six_Rivers_NF	C	T	43	0.50000000	0.34884	0.65116	0.50000	0.50000	0.50588	-1.00000	-1.00000	0.31044	-1.00000	-1.00000	1.00000	0
690	un	4011	31	Plumas_NF	C	T	12	0.58333333	0.16667	0.83333	0.48611	0.51389	0.50725	-1.00000	-1.00000	0.67143	-1.00000	-1.00000	1.00000	0
690	un	4016	36	Six_Rivers_NF	T	A	42	0.53571429	0.16667	0.83333	0.49745	0.50255	0.50344	-1.00000	-1.00000	0.66895	-1.00000	-1.00000	1.00000	0
690	un	4016	36	Plumas_NF	T	A	13	0.46153846	0.15385	0.84615	0.49704	0.50296	0.51692	-1.00000	-1.00000	0.70238	-1.00000	-1.00000	1.00000	0
690	un	4029	49	Six_Rivers_NF	A	T	46	0.97826087	0.00000	1.00000	0.04253	0.95747	0.04300	-1.00000	-1.00000	1.00000	-1.00000	-1.00000	1.00000	1
690	un	4029	49	Plumas_NF	A	-	13	1.00000000	0.00000	1.00000	0.00000	1.00000	0.00000	-1.00000	-1.00000	0.00000	-1.00000	-1.00000	1.00000	0
690	un	4037	57	Six_Rivers_NF	T	C	47	0.93617021	0.04255	0.95745	0.11951	0.88049	0.12080	-1.00000	-1.00000	0.64773	-1.00000	-1.00000	1.00000	1
690	un	4037	57	Plumas_NF	T	-	13	1.00000000	0.00000	1.00000	0.00000	1.00000	0.00000	-1.00000	-1.00000	0.00000	-1.00000	-1.00000	1.00000	0
690	un	4038	58	Six_Rivers_NF	C	T	47	0.93617021	0.04255	0.95745	0.11951	0.88049	0.12080	-1.00000	-1.00000	0.64773	-1.00000	-1.00000	1.00000	1
690	un	4038	58	Plumas_NF	C	-	13	1.00000000	0.00000	1.00000	0.00000	1.00000	0.00000	-1.00000	-1.00000	0.00000	-1.00000	-1.00000	1.00000	0
690	un	4075	95	Six_Rivers_NF	A	G	45	0.55555556	0.40000	0.60000	0.49383	0.50617	0.49938	-1.00000	-1.00000	0.19900	-1.00000	-1.00000	1.00000	0
690	un	4075	95	Plumas_NF	A	G	12	0.41666667	0.16667	0.83333	0.48611	0.51389	0.50725	-1.00000	-1.00000	0.67143	-1.00000	-1.00000	1.00000	0
794	un	4362	28	Six_Rivers_NF	T	C	38	0.98684211	0.02632	0.97368	0.02597	0.97403	0.02632	-1.00000	-1.00000	-0.00000	-1.00000	-1.00000	1.00000	0
812	un	4522	78	Shasta_Trinity_NF	A	G	40	0.98750000	0.02500	0.97500	0.02469	0.97531	0.02500	-1.00000	-1.00000	0.00000	-1.00000	-1.00000	1.00000	0
818	un	4583	8	Six_Rivers_NF	G	T	40	0.46250000	0.27500	0.72500	0.49719	0.50281	0.50348	-1.00000	-1.00000	0.45380	-1.00000	-1.00000	1.00000	0
818	un	4583	8	Plumas_NF	G	T	10	0.50000000	0.40000	0.60000	0.50000	0.50000	0.52632	-1.00000	-1.00000	0.24000	-1.00000	-1.00000	1.00000	0
818	un	4583	8	Shasta_Trinity_NF	G	T	41	0.58536585	0.19512	0.80488	0.48543	0.51457	0.49142	-1.00000	-1.00000	0.60294	-1.00000	-1.00000	1.00000	0
818	un	4592	17	Six_Rivers_NF	G	C	40	0.52500000	0.25000	0.75000	0.49875	0.50125	0.50506	-1.00000	-1.00000	0.50501	-1.00000	-1.00000	1.00000	0
818	un	4592	17	Plumas_NF	G	C	10	0.60000000	0.40000	0.60000	0.48000	0.52000	0.50526	-1.00000	-1.00000	0.20833	-1.00000	-1.00000	1.00000	0
818	un	4592	17	Shasta_Trinity_NF	G	C	40	0.60000000	0.20000	0.80000	0.48000	0.52000	0.48608	-1.00000	-1.00000	0.58854	-1.00000	-1.00000	1.00000	0
818	un	4596	21	Six_Rivers_NF	C	T	39	0.53846154	0.25641	0.74359	0.49704	0.50296	0.50350	-1.00000	-1.00000	0.49074	-1.00000	-1.00000	1.00000	0
818	un	4596	21	Plumas_NF	C	T	10	0.60000000	0.40000	0.60000	0.48000	0.52000	0.50526	-1.00000	-1.00000	0.20833	-1.00000	-1.00000	1.00000	0
818	un	4596	21	Shasta_Trinity_NF	C	T	41	0.58536585	0.19512	0.80488	0.48543	0.51457	0.49142	-1.00000	-1.00000	0.60294	-1.00000	-1.00000	1.00000	0
818	un	4597	22	Six_Rivers_NF	A	G	40	0.46250000	0.27500	0.72500	0.49719	0.50281	0.50348	-1.00000	-1.00000	0.45380	-1.00000	-1.00000	1.00000	0
818	un	4597	22	Plumas_NF	A	G	10	0.50000000	0.40000	0.60000	0.50000	0.50000	0.52632	-1.00000	-1.00000	0.24000	-1.00000	-1.00000	1.00000	0
818	un	4597	22	Shasta_Trinity_NF	A	G	40	0.60000000	0.20000	0.80000	0.48000	0.52000	0.48608	-1.00000	-1.00000	0.58854	-1.00000	-1.00000	1.00000	0
818	un	4599	24	Six_Rivers_NF	A	-	44	1.00000000	0.00000	1.00000	0.00000	1.00000	0.00000	-1.00000	-1.00000	0.00000	-1.00000	-1.00000	1.00000	0
818	un	4599	24	Plumas_NF	A	G	10	0.85000000	0.30000	0.70000	0.25500	0.74500	0.26842	-1.00000	-1.00000	-0.11765	-1.00000	-1.00000	1.00000	0
818	un	4599	24	Shasta_Trinity_NF	A	G	40	0.85000000	0.15000	0.85000	0.25500	0.74500	0.25823	-1.00000	-1.00000	0.41912	-1.00000	-1.00000	1.00000	0
818	un	4600	25	Six_Rivers_NF	T	A	40	0.57500000	0.30000	0.70000	0.48875	0.51125	0.49494	-1.00000	-1.00000	0.39386	-1.00000	-1.00000	1.00000	0
818	un	4600	25	Plumas_NF	T	A	10	0.45000000	0.50000	0.50000	0.49500	0.50500	0.52105	-1.00000	-1.00000	0.04040	-1.00000	-1.00000	1.00000	0
818	un	4660	85	Six_Rivers_NF	G	A	40	0.52500000	0.25000	0.75000	0.49875	0.50125	0.50506	-1.00000	-1.00000	0.50501	-1.00000	-1.00000	1.00000	0
818	un	4660	85	Plumas_NF	G	A	10	0.60000000	0.40000	0.60000	0.48000	0.52000	0.50526	-1.00000	-1.00000	0.20833	-1.00000	-1.00000	1.00000	0
818	un	4660	85	Shasta_Trinity_NF	G	A	41	0.58536585	0.19512	0.80488	0.48543	0.51457	0.49142	-1.00000	-1.00000	0.60294	-1.00000	-1.00000	1.00000	0
818	un	4663	88	Six_Rivers_NF	G	T	39	0.70512821	0.23077	0.76923	0.41584	0.58416	0.42125	-1.00000	-1.00000	0.45217	-1.00000	-1.00000	1.00000	0
818	un	4663	88	Plumas_NF	G	-	10	1.00000000	0.00000	1.00000	0.00000	1.00000	0.00000	-1.00000	-1.00000	0.00000	-1.00000	-1.00000	1.00000	0
818	un	4663	88	Shasta_Trinity_NF	G	T	41	0.67073171	0.17073	0.82927	0.44170	0.55830	0.44715	-1.00000	-1.00000	0.61818	-1.00000	-1.00000	1.00000	0
818	un	4666	91	Six_Rivers_NF	A	G	40	0.52500000	0.25000	0.75000	0.49875	0.50125	0.50506	-1.00000	-1.00000	0.50501	-1.00000	-1.00000	1.00000	0
818	un	4666	91	Plumas_NF	A	G	10	0.60000000	0.40000	0.60000	0.48000	0.52000	0.50526	-1.00000	-1.00000	0.20833	-1.00000	-1.00000	1.00000	0
818	un	4666	91	Shasta_Trinity_NF	A	G	41	0.58536585	0.19512	0.80488	0.48543	0.51457	0.49142	-1.00000	-1.00000	0.60294	-1.00000	-1.00000	1.00000	0
818	un	4668	93	Six_Rivers_NF	C	T	44	0.96590909	0.02273	0.97727	0.06586	0.93414	0.06661	-1.00000	-1.00000	0.65882	-1.00000	-1.00000	1.00000	0
818	un	4668	93	Plumas_NF	C	T	10	0.60000000	0.40000	0.60000	0.48000	0.52000	0.50526	-1.00000	-1.00000	0.20833	-1.00000	-1.00000	1.00000	0
818	un	4668	93	Shasta_Trinity_NF	C	T	44	0.92045455	0.02273	0.97727	0.14644	0.85356	0.14812	-1.00000	-1.00000	0.84656	-1.00000	-1.00000	1.00000	0
846	un	4893	98	Six_Rivers_NF	G	-	45	1.00000000	0.00000	1.00000	0.00000	1.00000	0.00000	-1.00000	-1.00000	0.00000	-1.00000	-1.00000	1.00000	0
846	un	4893	98	Shasta_Trinity_NF	G	A	57	0.99122807	0.01754	0.98246	0.01739	0.98261	0.01754	-1.00000	-1.00000	0.00000	-1.00000	-1.00000	1.00000	1
857	un	4965	31	Shasta_Trinity_NF	A	G	43	0.98837209	0.02326	0.97674	0.02299	0.97701	0.02326	-1.00000	-1.00000	0.00000	-1.00000	-1.00000	1.00000	0
857	un	5013	79	Shasta_Trinity_NF	A	G	43	0.98837209	0.02326	0.97674	0.02299	0.97701	0.02326	-1.00000	-1.00000	0.00000	-1.00000	-1.00000	1.00000	0
894	un	5148	85	Six_Rivers_NF	T	G	39	0.98717949	0.02564	0.97436	0.02531	0.97469	0.02564	-1.00000	-1.00000	0.00000	-1.00000	-1.00000	1.00000	0
894	un	5153	90	Six_Rivers_NF	G	T	38	0.98684211	0.02632	0.97368	0.02597	0.97403	0.02632	-1.00000	-1.00000	-0.00000	-1.00000	-1.00000	1.00000	0
894	un	5165	102	Six_Rivers_NF	C	T	39	0.96153846	0.02564	0.97436	0.07396	0.92604	0.07493	-1.00000	-1.00000	0.65778	-1.00000	-1.00000	1.00000	0
894	un	5167	104	Six_Rivers_NF	G	A	37	0.70270270	0.21622	0.78378	0.41782	0.58218	0.42355	-1.00000	-1.00000	0.48951	-1.00000	-1.00000	1.00000	0
1000	un	5306	23	Six_Rivers_NF	T	A	38	0.98684211	0.02632	0.97368	0.02597	0.97403	0.02632	-1.00000	-1.00000	-0.00000	-1.00000	-1.00000	1.00000	0
1000	un	5374	91	Six_Rivers_NF	G	A	38	0.98684211	0.02632	0.97368	0.02597	0.97403	0.02632	-1.00000	-1.00000	-0.00000	-1.00000	-1.00000	1.00000	0
1132	un	5567	39	Six_Rivers_NF	G	-	45	1.00000000	0.00000	1.00000	0.00000	1.00000	0.00000	-1.00000	-1.00000	0.00000	-1.00000	-1.00000	1.00000	0
1132	un	5567	39	Shasta_Trinity_NF	G	A	42	0.98809524	0.02381	0.97619	0.02353	0.97647	0.02381	-1.00000	-1.00000	0.00000	-1.00000	-1.00000	1.00000	1
1187	un	5769	107	Shasta_Trinity_NF	G	T	45	0.98888889	0.02222	0.97778	0.02198	0.97802	0.02222	-1.00000	-1.00000	0.00000	-1.00000	-1.00000	1.00000	0
1203	un	5775	3	Six_Rivers_NF	A	G	51	0.41176471	0.54902	0.45098	0.48443	0.51557	0.48923	-1.00000	-1.00000	-0.12222	-1.00000	-1.00000	1.00000	0
1203	un	5775	3	Plumas_NF	A	G	10	0.55000000	0.50000	0.50000	0.49500	0.50500	0.52105	-1.00000	-1.00000	0.04040	-1.00000	-1.00000	1.00000	0
1203	un	5775	3	Shasta_Trinity_NF	A	G	42	0.61904762	0.33333	0.66667	0.47166	0.52834	0.47734	-1.00000	-1.00000	0.30168	-1.00000	-1.00000	1.00000	0
1203	un	5795	23	Six_Rivers_NF	G	A	51	0.89215686	0.13725	0.86275	0.19243	0.80757	0.19433	-1.00000	-1.00000	0.29371	-1.00000	-1.00000	1.00000	0
1203	un	5795	23	Plumas_NF	G	-	10	1.00000000	0.00000	1.00000	0.00000	1.00000	0.00000	-1.00000	-1.00000	0.00000	-1.00000	-1.00000	1.00000	0
1203	un	5795	23	Shasta_Trinity_NF	G	A	42	0.38095238	0.33333	0.66667	0.47166	0.52834	0.47734	-1.00000	-1.00000	0.30168	-1.00000	-1.00000	1.00000	0
1203	un	5803	31	Six_Rivers_NF	A	G	51	0.41176471	0.54902	0.45098	0.48443	0.51557	0.48923	-1.00000	-1.00000	-0.12222	-1.00000	-1.00000	1.00000	0
1203	un	5803	31	Plumas_NF	A	G	10	0.55000000	0.50000	0.50000	0.49500	0.50500	0.52105	-1.00000	-1.00000	0.04040	-1.00000	-1.00000	1.00000	0
1203	un	5803	31	Shasta_Trinity_NF	A	G	41	0.60975610	0.34146	0.65854	0.47591	0.52409	0.48178	-1.00000	-1.00000	0.29125	-1.00000	-1.00000	1.00000	0
1203	un	5809	37	Six_Rivers_NF	G	-	51	1.00000000	0.00000	1.00000	0.00000	1.00000	0.00000	-1.00000	-1.00000	0.00000	-1.00000	-1.00000	1.00000	0
1203	un	5809	37	Plumas_NF	G	-	10	1.00000000	0.00000	1.00000	0.00000	1.00000	0.00000	-1.00000	-1.00000	0.00000	-1.00000	-1.00000	1.00000	0
1203	un	5809	37	Shasta_Trinity_NF	G	T	46	0.98913043	0.02174	0.97826	0.02150	0.97850	0.02174	-1.00000	-1.00000	-0.00000	-1.00000	-1.00000	1.00000	1
1203	un	5849	77	Six_Rivers_NF	C	-	51	1.00000000	0.00000	1.00000	0.00000	1.00000	0.00000	-1.00000	-1.00000	0.00000	-1.00000	-1.00000	1.00000	0
1203	un	5849	77	Plumas_NF	C	-	10	1.00000000	0.00000	1.00000	0.00000	1.00000	0.00000	-1.00000	-1.00000	0.00000	-1.00000	-1.00000	1.00000	0
1203	un	5849	77	Shasta_Trinity_NF	C	G	42	0.94047619	0.07143	0.92857	0.11196	0.88804	0.11331	-1.00000	-1.00000	0.36962	-1.00000	-1.00000	1.00000	1
1311	un	5886	4	Plumas_NF	A	G	11	0.95454545	0.09091	0.90909	0.08678	0.91322	0.09091	-1.00000	-1.00000	0.00000	-1.00000	-1.00000	1.00000	0
1396	un	5998	6	Six_Rivers_NF	G	-	54	1.00000000	0.00000	1.00000	0.00000	1.00000	0.00000	-1.00000	-1.00000	0.00000	-1.00000	-1.00000	1.00000	0
1396	un	5998	6	Plumas_NF	G	C	14	0.78571429	0.28571	0.71429	0.33673	0.66327	0.34921	-1.00000	-1.00000	0.18182	-1.00000	-1.00000	1.00000	0
1396	un	5998	6	Shasta_Trinity_NF	G	C	53	0.88679245	0.15094	0.84906	0.20078	0.79922	0.20270	-1.00000	-1.00000	0.25532	-1.00000	-1.00000	1.00000	0
1396	un	6004	12	Six_Rivers_NF	T	A	53	0.80188679	0.20755	0.79245	0.31773	0.68227	0.32075	-1.00000	-1.00000	0.35294	-1.00000	-1.00000	1.00000	0
1396	un	6004	12	Plumas_NF	T	A	14	0.57142857	0.14286	0.85714	0.48980	0.51020	0.50794	-1.00000	-1.00000	0.71875	-1.00000	-1.00000	1.00000	0
1396	un	6004	12	Shasta_Trinity_NF	T	A	53	0.63207547	0.28302	0.71698	0.46511	0.53489	0.46954	-1.00000	-1.00000	0.39724	-1.00000	-1.00000	1.00000	0
1396	un	6007	15	Six_Rivers_NF	T	G	53	0.90566038	0.15094	0.84906	0.17088	0.82912	0.17251	-1.00000	-1.00000	0.12500	-1.00000	-1.00000	1.00000	1
1396	un	6007	15	Plumas_NF	T	-	14	1.00000000	0.00000	1.00000	0.00000	1.00000	0.00000	-1.00000	-1.00000	0.00000	-1.00000	-1.00000	1.00000	0
1396	un	6007	15	Shasta_Trinity_NF	T	-	56	1.00000000	0.00000	1.00000	0.00000	1.00000	0.00000	-1.00000	-1.00000	0.00000	-1.00000	-1.00000	1.00000	0
1396	un	6035	43	Six_Rivers_NF	A	-	54	1.00000000	0.00000	1.00000	0.00000	1.00000	0.00000	-1.00000	-1.00000	0.00000	-1.00000	-1.00000	1.00000	0
1396	un	6035	43	Plumas_NF	A	G	14	0.96428571	0.07143	0.92857	0.06888	0.93112	0.07143	-1.00000	-1.00000	-0.00000	-1.00000	-1.00000	1.00000	1
1396	un	6035	43	Shasta_Trinity_NF	A	-	55	1.00000000	0.00000	1.00000	0.00000	1.00000	0.00000	-1.00000	-1.00000	0.00000	-1.00000	-1.00000	1.00000	0
1396	un	6046	54	Six_Rivers_NF	G	A	52	0.79807692	0.21154	0.78846	0.32230	0.67770	0.32543	-1.00000	-1.00000	0.34997	-1.00000	-1.00000	1.00000	0
1396	un	6046	54	Plumas_NF	G	A	14	0.57142857	0.14286	0.85714	0.48980	0.51020	0.50794	-1.00000	-1.00000	0.71875	-1.00000	-1.00000	1.00000	0
1396	un	6046	54	Shasta_Trinity_NF	G	A	52	0.64423077	0.28846	0.71154	0.45839	0.54161	0.46285	-1.00000	-1.00000	0.37676	-1.00000	-1.00000	1.00000	0
1396	un	6048	56	Six_Rivers_NF	C	T	53	0.81132075	0.22642	0.77358	0.30616	0.69384	0.30907	-1.00000	-1.00000	0.26744	-1.00000	-1.00000	1.00000	0
1396	un	6048	56	Plumas_NF	C	T	14	0.78571429	0.28571	0.71429	0.33673	0.66327	0.34921	-1.00000	-1.00000	0.18182	-1.00000	-1.00000	1.00000	0
1396	un	6048	56	Shasta_Trinity_NF	C	T	51	0.77450980	0.29412	0.70588	0.34929	0.65071	0.35275	-1.00000	-1.00000	0.16621	-1.00000	-1.00000	1.00000	0
1396	un	6049	57	Six_Rivers_NF	G	A	52	0.79807692	0.21154	0.78846	0.32230	0.67770	0.32543	-1.00000	-1.00000	0.34997	-1.00000	-1.00000	1.00000	0
1396	un	6049	57	Plumas_NF	G	A	14	0.57142857	0.14286	0.85714	0.48980	0.51020	0.50794	-1.00000	-1.00000	0.71875	-1.00000	-1.00000	1.00000	0
1396	un	6049	57	Shasta_Trinity_NF	G	A	53	0.63207547	0.28302	0.71698	0.46511	0.53489	0.46954	-1.00000	-1.00000	0.39724	-1.00000	-1.00000	1.00000	0
1396	un	6050	58	Six_Rivers_NF	G	A	54	0.99074074	0.01852	0.98148	0.01835	0.98165	0.01852	-1.00000	-1.00000	-0.00000	-1.00000	-1.00000	1.00000	0
1396	un	6050	58	Plumas_NF	G	A	14	0.78571429	0.28571	0.71429	0.33673	0.66327	0.34921	-1.00000	-1.00000	0.18182	-1.00000	-1.00000	1.00000	0
1396	un	6050	58	Shasta_Trinity_NF	G	A	53	0.88679245	0.15094	0.84906	0.20078	0.79922	0.20270	-1.00000	-1.00000	0.25532	-1.00000	-1.00000	1.00000	0
1396	un	6089	97	Six_Rivers_NF	C	-	54	1.00000000	0.00000	1.00000	0.00000	1.00000	0.00000	-1.00000	-1.00000	0.00000	-1.00000	-1.00000	1.00000	0
1396	un	6089	97	Plumas_NF	C	-	14	1.00000000	0.00000	1.00000	0.00000	1.00000	0.00000	-1.00000	-1.00000	0.00000	-1.00000	-1.00000	1.00000	0
1396	un	6089	97	Shasta_Trinity_NF	C	A	56	0.99107143	0.01786	0.98214	0.01770	0.98230	0.01786	-1.00000	-1.00000	0.00000	-1.00000	-1.00000	1.00000	1
1396	un	6094	102	Six_Rivers_NF	C	A	53	0.81132075	0.22642	0.77358	0.30616	0.69384	0.30907	-1.00000	-1.00000	0.26744	-1.00000	-1.00000	1.00000	0
1396	un	6094	102	Plumas_NF	C	A	14	0.78571429	0.28571	0.71429	0.33673	0.66327	0.34921	-1.00000	-1.00000	0.18182	-1.00000	-1.00000	1.00000	0
1396	un	6094	102	Shasta_Trinity_NF	C	A	50	0.77000000	0.30000	0.70000	0.35420	0.64580	0.35778	-1.00000	-1.00000	0.16149	-1.00000	-1.00000	1.00000	0
1431	un	6114	12	Six_Rivers_NF	T	-	38	1.00000000	0.00000	1.00000	0.00000	1.00000	0.00000	-1.00000	-1.00000	0.00000	-1.00000	-1.00000	1.00000	0
1431	un	6114	12	Plumas_NF	T	-	15	1.00000000	0.00000	1.00000	0.00000	1.00000	0.00000	-1.00000	-1.00000	0.00000	-1.00000	-1.00000	1.00000	0
1431	un	6114	12	Shasta_Trinity_NF	T	A	51	0.83333333	0.09804	0.90196	0.27778	0.72222	0.28053	-1.00000	-1.00000	0.65052	-1.00000	-1.00000	1.00000	1
1431	un	6119	17	Six_Rivers_NF	T	C	38	0.98684211	0.02632	0.97368	0.02597	0.97403	0.02632	-1.00000	-1.00000	-0.00000	-1.00000	-1.00000	1.00000	1
1431	un	6119	17	Plumas_NF	T	-	15	1.00000000	0.00000	1.00000	0.00000	1.00000	0.00000	-1.00000	-1.00000	0.00000	-1.00000	-1.00000	1.00000	0
1431	un	6119	17	Shasta_Trinity_NF	T	-	51	1.00000000	0.00000	1.00000	0.00000	1.00000	0.00000	-1.00000	-1.00000	0.00000	-1.00000	-1.00000	1.00000	0
1431	un	6179	77	Six_Rivers_NF	A	-	38	1.00000000	0.00000	1.00000	0.00000	1.00000	0.00000	-1.00000	-1.00000	0.00000	-1.00000	-1.00000	1.00000	0
1431	un	6179	77	Plumas_NF	A	G	15	0.96666667	0.06667	0.93333	0.06444	0.93556	0.06667	-1.00000	-1.00000	-0.00000	-1.00000	-1.00000	1.00000	1
1431	un	6179	77	Shasta_Trinity_NF	A	-	51	1.00000000	0.00000	1.00000	0.00000	1.00000	0.00000	-1.00000	-1.00000	0.00000	-1.00000	-1.00000	1.00000	0
1431	un	6190	88	Six_Rivers_NF	A	-	38	1.00000000	0.00000	1.00000	0.00000	1.00000	0.00000	-1.00000	-1.00000	0.00000	-1.00000	-1.00000	1.00000	0
1431	un	6190	88	Plumas_NF	A	-	15	1.00000000	0.00000	1.00000	0.00000	1.00000	0.00000	-1.00000	-1.00000	0.00000	-1.00000	-1.00000	1.00000	0
1431	un	6190	88	Shasta_Trinity_NF	A	G	51	0.99019608	0.01961	0.98039	0.01942	0.98058	0.01961	-1.00000	-1.00000	0.00000	-1.00000	-1.00000	1.00000	1
1431	un	6206	104	Six_Rivers_NF	C	-	38	1.00000000	0.00000	1.00000	0.00000	1.00000	0.00000	-1.00000	-1.00000	0.00000	-1.00000	-1.00000	1.00000	0
1431	un	6206	104	Plumas_NF	C	A	15	0.96666667	0.06667	0.93333	0.06444	0.93556	0.06667	-1.00000	-1.00000	-0.00000	-1.00000	-1.00000	1.00000	1
1431	un	6206	104	Shasta_Trinity_NF	C	-	51	1.00000000	0.00000	1.00000	0.00000	1.00000	0.00000	-1.00000	-1.00000	0.00000	-1.00000	-1.00000	1.00000	0
1431	un	6210	108	Six_Rivers_NF	G	-	38	1.00000000	0.00000	1.00000	0.00000	1.00000	0.00000	-1.00000	-1.00000	0.00000	-1.00000	-1.00000	1.00000	0
1431	un	6210	108	Plumas_NF	G	A	15	0.96666667	0.06667	0.93333	0.06444	0.93556	0.06667	-1.00000	-1.00000	-0.00000	-1.00000	-1.00000	1.00000	1
1431	un	6210	108	Shasta_Trinity_NF	G	-	51	1.00000000	0.00000	1.00000	0.00000	1.00000	0.00000	-1.00000	-1.00000	0.00000	-1.00000	-1.00000	1.00000	0
1441	un	6227	14	Six_Rivers_NF	G	A	41	0.53658537	0.24390	0.75610	0.49732	0.50268	0.50346	-1.00000	-1.00000	0.51555	-1.00000	-1.00000	1.00000	0
1441	un	6227	14	Shasta_Trinity_NF	G	A	43	0.61627907	0.11628	0.88372	0.47296	0.52704	0.47852	-1.00000	-1.00000	0.75700	-1.00000	-1.00000	1.00000	0
1441	un	6234	21	Six_Rivers_NF	A	-	41	1.00000000	0.00000	1.00000	0.00000	1.00000	0.00000	-1.00000	-1.00000	0.00000	-1.00000	-1.00000	1.00000	0
1441	un	6234	21	Shasta_Trinity_NF	A	C	43	0.82558140	0.02326	0.97674	0.28799	0.71201	0.29138	-1.00000	-1.00000	0.92019	-1.00000	-1.00000	1.00000	1
1441	un	6236	23	Six_Rivers_NF	G	A	41	0.53658537	0.24390	0.75610	0.49732	0.50268	0.50346	-1.00000	-1.00000	0.51555	-1.00000	-1.00000	1.00000	0
1441	un	6236	23	Shasta_Trinity_NF	G	A	43	0.60465116	0.13953	0.86047	0.47810	0.52190	0.48372	-1.00000	-1.00000	0.71154	-1.00000	-1.00000	1.00000	0
1441	un	6252	39	Six_Rivers_NF	C	T	41	0.78048780	0.14634	0.85366	0.34265	0.65735	0.34688	-1.00000	-1.00000	0.57812	-1.00000	-1.00000	1.00000	0
1441	un	6252	39	Shasta_Trinity_NF	C	T	42	0.97619048	0.04762	0.95238	0.04649	0.95351	0.04705	-1.00000	-1.00000	-0.01220	-1.00000	-1.00000	1.00000	0
1441	un	6257	44	Six_Rivers_NF	G	-	41	1.00000000	0.00000	1.00000	0.00000	1.00000	0.00000	-1.00000	-1.00000	0.00000	-1.00000	-1.00000	1.00000	0
1441	un	6257	44	Shasta_Trinity_NF	G	T	43	0.97674419	0.00000	1.00000	0.04543	0.95457	0.04596	-1.00000	-1.00000	1.00000	-1.00000	-1.00000	1.00000	1
1441	un	6269	56	Six_Rivers_NF	T	G	41	0.53658537	0.24390	0.75610	0.49732	0.50268	0.50346	-1.00000	-1.00000	0.51555	-1.00000	-1.00000	1.00000	0
1441	un	6269	56	Shasta_Trinity_NF	T	G	43	0.61627907	0.11628	0.88372	0.47296	0.52704	0.47852	-1.00000	-1.00000	0.75700	-1.00000	-1.00000	1.00000	0
1441	un	6290	77	Six_Rivers_NF	G	A	41	0.98780488	0.02439	0.97561	0.02409	0.97591	0.02439	-1.00000	-1.00000	0.00000	-1.00000	-1.00000	1.00000	1
1441	un	6290	77	Shasta_Trinity_NF	G	-	43	1.00000000	0.00000	1.00000	0.00000	1.00000	0.00000	-1.00000	-1.00000	0.00000	-1.00000	-1.00000	1.00000	0
1441	un	6304	91	Six_Rivers_NF	A	G	41	0.53658537	0.24390	0.75610	0.49732	0.50268	0.50346	-1.00000	-1.00000	0.51555	-1.00000	-1.00000	1.00000	0
1441	un	6304	91	Shasta_Trinity_NF	A	G	43	0.61627907	0.11628	0.88372	0.47296	0.52704	0.47852	-1.00000	-1.00000	0.75700	-1.00000	-1.00000	1.00000	0
1441	un	6310	97	Six_Rivers_NF	C	-	41	1.00000000	0.00000	1.00000	0.00000	1.00000	0.00000	-1.00000	-1.00000	0.00000	-1.00000	-1.00000	1.00000	0
1441	un	6310	97	Shasta_Trinity_NF	C	A	43	0.98837209	0.02326	0.97674	0.02299	0.97701	0.02326	-1.00000	-1.00000	0.00000	-1.00000	-1.00000	1.00000	1
1476	un	6347	24	Six_Rivers_NF	G	T	43	0.97674419	0.04651	0.95349	0.04543	0.95457	0.04596	-1.00000	-1.00000	-0.01190	-1.00000	-1.00000	1.00000	1
1476	un	6347	24	Plumas_NF	G	-	11	1.00000000	0.00000	1.00000	0.00000	1.00000	0.00000	-1.00000	-1.00000	0.00000	-1.00000	-1.00000	1.00000	0
1476	un	6347	24	Shasta_Trinity_NF	G	-	47	1.00000000	0.00000	1.00000	0.00000	1.00000	0.00000	-1.00000	-1.00000	0.00000	-1.00000	-1.00000	1.00000	0
1476	un	6378	55	Six_Rivers_NF	A	T	43	0.96511628	0.06977	0.93023	0.06733	0.93267	0.06813	-1.00000	-1.00000	-0.02410	-1.00000	-1.00000	1.00000	1
1476	un	6378	55	Plumas_NF	A	-	11	1.00000000	0.00000	1.00000	0.00000	1.00000	0.00000	-1.00000	-1.00000	0.00000	-1.00000	-1.00000	1.00000	0
1476	un	6378	55	Shasta_Trinity_NF	A	-	46	1.00000000	0.00000	1.00000	0.00000	1.00000	0.00000	-1.00000	-1.00000	0.00000	-1.00000	-1.00000	1.00000	0
1476	un	6379	56	Six_Rivers_NF	T	A	43	0.96511628	0.06977	0.93023	0.06733	0.93267	0.06813	-1.00000	-1.00000	-0.02410	-1.00000	-1.00000	1.00000	1
1476	un	6379	56	Plumas_NF	T	-	11	1.00000000	0.00000	1.00000	0.00000	1.00000	0.00000	-1.00000	-1.00000	0.00000	-1.00000	-1.00000	1.00000	0
1476	un	6379	56	Shasta_Trinity_NF	T	-	47	1.00000000	0.00000	1.00000	0.00000	1.00000	0.00000	-1.00000	-1.00000	0.00000	-1.00000	-1.00000	1.00000	0
1476	un	6397	74	Six_Rivers_NF	A	G	41	0.67073171	0.31707	0.68293	0.44170	0.55830	0.44715	-1.00000	-1.00000	0.29091	-1.00000	-1.00000	1.00000	0
1476	un	6397	74	Plumas_NF	A	G	11	0.63636364	0.18182	0.81818	0.46281	0.53719	0.48485	-1.00000	-1.00000	0.62500	-1.00000	-1.00000	1.00000	0
1476	un	6397	74	Shasta_Trinity_NF	A	G	40	0.35000000	0.40000	0.60000	0.45500	0.54500	0.46076	-1.00000	-1.00000	0.13187	-1.00000	-1.00000	1.00000	0
1533	un	6511	78	Six_Rivers_NF	G	A	43	0.86046512	0.13953	0.86047	0.24013	0.75987	0.24295	-1.00000	-1.00000	0.42568	-1.00000	-1.00000	1.00000	0
1636	un	6545	2	Six_Rivers_NF	T	C	43	0.51162791	0.27907	0.72093	0.49973	0.50027	0.50561	-1.00000	-1.00000	0.44805	-1.00000	-1.00000	1.00000	0
1636	un	6545	2	Plumas_NF	T	C	10	0.60000000	0.20000	0.80000	0.48000	0.52000	0.50526	-1.00000	-1.00000	0.60417	-1.00000	-1.00000	1.00000	0
1636	un	6568	25	Six_Rivers_NF	C	T	43	0.91860465	0.11628	0.88372	0.14954	0.85046	0.15130	-1.00000	-1.00000	0.23146	-1.00000	-1.00000	1.00000	0
1636	un	6568	25	Plumas_NF	C	T	10	0.95000000	0.10000	0.90000	0.09500	0.90500	0.10000	-1.00000	-1.00000	-0.00000	-1.00000	-1.00000	1.00000	0
1636	un	6571	28	Six_Rivers_NF	C	T	43	0.59302326	0.16279	0.83721	0.48269	0.51731	0.48837	-1.00000	-1.00000	0.66667	-1.00000	-1.00000	1.00000	0
1636	un	6571	28	Plumas_NF	C	T	10	0.65000000	0.10000	0.90000	0.45500	0.54500	0.47895	-1.00000	-1.00000	0.79121	-1.00000	-1.00000	1.00000	0
1636	un	6577	34	Six_Rivers_NF	T	C	43	0.51162791	0.27907	0.72093	0.49973	0.50027	0.50561	-1.00000	-1.00000	0.44805	-1.00000	-1.00000	1.00000	0
1636	un	6577	34	Plumas_NF	T	C	10	0.60000000	0.20000	0.80000	0.48000	0.52000	0.50526	-1.00000	-1.00000	0.60417	-1.00000	-1.00000	1.00000	0
1636	un	6587	44	Six_Rivers_NF	T	A	48	0.97916667	0.04167	0.95833	0.04080	0.95920	0.04123	-1.00000	-1.00000	-0.01064	-1.00000	-1.00000	1.00000	1
1636	un	6587	44	Plumas_NF	T	-	10	1.00000000	0.00000	1.00000	0.00000	1.00000	0.00000	-1.00000	-1.00000	0.00000	-1.00000	-1.00000	1.00000	0
1636	un	6595	52	Six_Rivers_NF	G	A	43	0.51162791	0.27907	0.72093	0.49973	0.50027	0.50561	-1.00000	-1.00000	0.44805	-1.00000	-1.00000	1.00000	0
1636	un	6595	52	Plumas_NF	G	A	10	0.60000000	0.20000	0.80000	0.48000	0.52000	0.50526	-1.00000	-1.00000	0.60417	-1.00000	-1.00000	1.00000	0
1636	un	6610	67	Six_Rivers_NF	G	A	43	0.59302326	0.16279	0.83721	0.48269	0.51731	0.48837	-1.00000	-1.00000	0.66667	-1.00000	-1.00000	1.00000	0
1636	un	6610	67	Plumas_NF	G	A	10	0.65000000	0.10000	0.90000	0.45500	0.54500	0.47895	-1.00000	-1.00000	0.79121	-1.00000	-1.00000	1.00000	0
1636	un	6624	81	Six_Rivers_NF	G	A	48	0.98958333	0.02083	0.97917	0.02062	0.97938	0.02083	-1.00000	-1.00000	0.00000	-1.00000	-1.00000	1.00000	1
1636	un	6624	81	Plumas_NF	G	-	10	1.00000000	0.00000	1.00000	0.00000	1.00000	0.00000	-1.00000	-1.00000	0.00000	-1.00000	-1.00000	1.00000	0
1736	un	6770	7	Six_Rivers_NF	G	A	40	0.85000000	0.15000	0.85000	0.25500	0.74500	0.25823	-1.00000	-1.00000	0.41912	-1.00000	-1.00000	1.00000	0
1736	un	6770	7	Shasta_Trinity_NF	G	A	43	0.86046512	0.13953	0.86047	0.24013	0.75987	0.24295	-1.00000	-1.00000	0.42568	-1.00000	-1.00000	1.00000	0
1736	un	6774	11	Six_Rivers_NF	G	T	42	0.95238095	0.09524	0.90476	0.09070	0.90930	0.09180	-1.00000	-1.00000	-0.03750	-1.00000	-1.00000	1.00000	1
1736	un	6774	11	Shasta_Trinity_NF	G	-	45	1.00000000	0.00000	1.00000	0.00000	1.00000	0.00000	-1.00000	-1.00000	0.00000	-1.00000	-1.00000	1.00000	0
1736	un	6799	36	Six_Rivers_NF	G	A	38	0.64473684	0.39474	0.60526	0.45810	0.54190	0.46421	-1.00000	-1.00000	0.14966	-1.00000	-1.00000	1.00000	0
1736	un	6799	36	Shasta_Trinity_NF	G	A	42	0.84523810	0.26190	0.73810	0.26162	0.73838	0.26477	-1.00000	-1.00000	0.01083	-1.00000	-1.00000	1.00000	0
1736	un	6808	45	Six_Rivers_NF	G	-	48	1.00000000	0.00000	1.00000	0.00000	1.00000	0.00000	-1.00000	-1.00000	0.00000	-1.00000	-1.00000	1.00000	0
1736	un	6808	45	Shasta_Trinity_NF	G	A	45	0.98888889	0.02222	0.97778	0.02198	0.97802	0.02222	-1.00000	-1.00000	0.00000	-1.00000	-1.00000	1.00000	1
1736	un	6811	48	Six_Rivers_NF	G	A	48	0.98958333	0.02083	0.97917	0.02062	0.97938	0.02083	-1.00000	-1.00000	0.00000	-1.00000	-1.00000	1.00000	1
1736	un	6811	48	Shasta_Trinity_NF	G	-	45	1.00000000	0.00000	1.00000	0.00000	1.00000	0.00000	-1.00000	-1.00000	0.00000	-1.00000	-1.00000	1.00000	0
1736	un	6812	49	Six_Rivers_NF	T	C	46	0.93478261	0.08696	0.91304	0.12193	0.87807	0.12327	-1.00000	-1.00000	0.29457	-1.00000	-1.00000	1.00000	1
1736	un	6812	49	Shasta_Trinity_NF	T	-	45	1.00000000	0.00000	1.00000	0.00000	1.00000	0.00000	-1.00000	-1.00000	0.00000	-1.00000	-1.00000	1.00000	0
1736	un	6826	63	Six_Rivers_NF	A	G	40	0.47500000	0.45000	0.55000	0.49875	0.50125	0.50506	-1.00000	-1.00000	0.10902	-1.00000	-1.00000	1.00000	0
1736	un	6826	63	Shasta_Trinity_NF	A	G	43	0.65116279	0.37209	0.62791	0.45430	0.54570	0.45964	-1.00000	-1.00000	0.19048	-1.00000	-1.00000	1.00000	0
1736	un	6829	66	Six_Rivers_NF	G	C	40	0.62500000	0.45000	0.55000	0.46875	0.53125	0.47468	-1.00000	-1.00000	0.05200	-1.00000	-1.00000	1.00000	0
1736	un	6829	66	Shasta_Trinity_NF	G	C	43	0.83720930	0.27907	0.72093	0.27258	0.72742	0.27579	-1.00000	-1.00000	-0.01190	-1.00000	-1.00000	1.00000	0
1736	un	6830	67	Six_Rivers_NF	C	T	40	0.85000000	0.15000	0.85000	0.25500	0.74500	0.25823	-1.00000	-1.00000	0.41912	-1.00000	-1.00000	1.00000	0
1736	un	6830	67	Shasta_Trinity_NF	C	T	43	0.86046512	0.13953	0.86047	0.24013	0.75987	0.24295	-1.00000	-1.00000	0.42568	-1.00000	-1.00000	1.00000	0
1736	un	6847	84	Six_Rivers_NF	C	A	48	0.98958333	0.02083	0.97917	0.02062	0.97938	0.02083	-1.00000	-1.00000	0.00000	-1.00000	-1.00000	1.00000	1
1736	un	6847	84	Shasta_Trinity_NF	C	-	45	1.00000000	0.00000	1.00000	0.00000	1.00000	0.00000	-1.00000	-1.00000	0.00000	-1.00000	-1.00000	1.00000	0
1736	un	6863	100	Six_Rivers_NF	A	G	48	0.98958333	0.02083	0.97917	0.02062	0.97938	0.02083	-1.00000	-1.00000	0.00000	-1.00000	-1.00000	1.00000	1
1736	un	6863	100	Shasta_Trinity_NF	A	-	45	1.00000000	0.00000	1.00000	0.00000	1.00000	0.00000	-1.00000	-1.00000	0.00000	-1.00000	-1.00000	1.00000	0
1759	un	6885	12	Shasta_Trinity_NF	T	C	42	0.67857143	0.21429	0.78571	0.43622	0.56378	0.44148	-1.00000	-1.00000	0.51462	-1.00000	-1.00000	1.00000	0
1759	un	6888	15	Shasta_Trinity_NF	T	C	42	0.67857143	0.21429	0.78571	0.43622	0.56378	0.44148	-1.00000	-1.00000	0.51462	-1.00000	-1.00000	1.00000	0
1759	un	6891	18	Shasta_Trinity_NF	T	C	42	0.67857143	0.21429	0.78571	0.43622	0.56378	0.44148	-1.00000	-1.00000	0.51462	-1.00000	-1.00000	1.00000	0
1759	un	6915	42	Six_Rivers_NF	C	T	48	0.98958333	0.02083	0.97917	0.02062	0.97938	0.02083	-1.00000	-1.00000	0.00000	-1.00000	-1.00000	1.00000	1
1759	un	6915	42	Shasta_Trinity_NF	C	-	49	1.00000000	0.00000	1.00000	0.00000	1.00000	0.00000	-1.00000	-1.00000	0.00000	-1.00000	-1.00000	1.00000	0
1759	un	6945	72	Shasta_Trinity_NF	G	A	41	0.74390244	0.36585	0.63415	0.38102	0.61898	0.38573	-1.00000	-1.00000	0.05152	-1.00000	-1.00000	1.00000	0
1759	un	6968	95	Shasta_Trinity_NF	G	A	40	0.77500000	0.20000	0.80000	0.34875	0.65125	0.35316	-1.00000	-1.00000	0.43369	-1.00000	-1.00000	1.00000	0
1822	un	6992	9	Six_Rivers_NF	G	T	46	0.65217391	0.17391	0.82609	0.45369	0.54631	0.45867	-1.00000	-1.00000	0.62083	-1.00000	-1.00000	1.00000	1
1822	un	6992	9	Shasta_Trinity_NF	G	-	44	1.00000000	0.00000	1.00000	0.00000	1.00000	0.00000	-1.00000	-1.00000	0.00000	-1.00000	-1.00000	1.00000	0
1822	un	6992	9	Mendocino_County	G	-	4	1.00000000	0.00000	1.00000	0.00000	1.00000	0.00000	-1.00000	-1.00000	0.00000	-1.00000	-1.00000	1.00000	0
1822	un	7003	20	Six_Rivers_NF	T	C	46	0.56521739	0.21739	0.78261	0.49149	0.50851	0.49689	-1.00000	-1.00000	0.56250	-1.00000	-1.00000	1.00000	0
1822	un	7003	20	Mendocino_County	T	C	4	0.75000000	0.00000	1.00000	0.37500	0.62500	0.42857	-1.00000	-1.00000	1.00000	-1.00000	-1.00000	1.00000	0
1822	un	7064	81	Six_Rivers_NF	G	A	46	0.65217391	0.17391	0.82609	0.45369	0.54631	0.45867	-1.00000	-1.00000	0.62083	-1.00000	-1.00000	1.00000	1
1822	un	7064	81	Shasta_Trinity_NF	G	-	44	1.00000000	0.00000	1.00000	0.00000	1.00000	0.00000	-1.00000	-1.00000	0.00000	-1.00000	-1.00000	1.00000	0
1822	un	7064	81	Mendocino_County	G	-	4	1.00000000	0.00000	1.00000	0.00000	1.00000	0.00000	-1.00000	-1.00000	0.00000	-1.00000	-1.00000	1.00000	0
1881	un	7121	28	Six_Rivers_NF	T	A	41	0.82926829	0.24390	0.75610	0.28316	0.71684	0.28666	-1.00000	-1.00000	0.14916	-1.00000	-1.00000	1.00000	0
1881	un	7122	29	Six_Rivers_NF	A	G	49	0.98979592	0.02041	0.97959	0.02020	0.97980	0.02041	-1.00000	-1.00000	0.00000	-1.00000	-1.00000	1.00000	0
1881	un	7129	36	Six_Rivers_NF	C	A	47	0.98936170	0.02128	0.97872	0.02105	0.97895	0.02128	-1.00000	-1.00000	0.00000	-1.00000	-1.00000	1.00000	0
1881	un	7134	41	Six_Rivers_NF	G	T	37	0.64864865	0.43243	0.56757	0.45581	0.54419	0.46205	-1.00000	-1.00000	0.06410	-1.00000	-1.00000	1.00000	0
1881	un	7136	43	Six_Rivers_NF	G	T	48	0.94791667	0.06250	0.93750	0.09874	0.90126	0.09978	-1.00000	-1.00000	0.37363	-1.00000	-1.00000	1.00000	0
1881	un	7155	62	Six_Rivers_NF	C	T	43	0.66279070	0.39535	0.60465	0.44700	0.55300	0.45226	-1.00000	-1.00000	0.12583	-1.00000	-1.00000	1.00000	0
1881	un	7172	79	Six_Rivers_NF	A	T	40	0.85000000	0.25000	0.75000	0.25500	0.74500	0.25823	-1.00000	-1.00000	0.03186	-1.00000	-1.00000	1.00000	0
2016	un	7400	87	Plumas_NF	T	C	12	0.95833333	0.08333	0.91667	0.07986	0.92014	0.08333	-1.00000	-1.00000	0.00000	-1.00000	-1.00000	1.00000	0
2201	un	7469	21	Six_Rivers_NF	T	G	39	0.62820513	0.43590	0.56410	0.46713	0.53287	0.47319	-1.00000	-1.00000	0.07882	-1.00000	-1.00000	1.00000	0
2201	un	7516	68	Six_Rivers_NF	G	A	39	0.62820513	0.43590	0.56410	0.46713	0.53287	0.47319	-1.00000	-1.00000	0.07882	-1.00000	-1.00000	1.00000	0
2201	un	7549	101	Six_Rivers_NF	T	G	40	0.97500000	0.00000	1.00000	0.04875	0.95125	0.04937	-1.00000	-1.00000	1.00000	-1.00000	-1.00000	1.00000	0
2201	un	7552	104	Six_Rivers_NF	A	G	40	0.97500000	0.00000	1.00000	0.04875	0.95125	0.04937	-1.00000	-1.00000	1.00000	-1.00000	-1.00000	1.00000	0
2201	un	7553	105	Six_Rivers_NF	C	G	40	0.97500000	0.00000	1.00000	0.04875	0.95125	0.04937	-1.00000	-1.00000	1.00000	-1.00000	-1.00000	1.00000	0
2206	un	7563	5	Six_Rivers_NF	C	T	40	0.63750000	0.67500	0.32500	0.46219	0.53781	0.46804	-1.00000	-1.00000	-0.44219	-1.00000	-1.00000	1.00000	0
2206	un	7592	34	Six_Rivers_NF	G	C	47	0.98936170	0.02128	0.97872	0.02105	0.97895	0.02128	-1.00000	-1.00000	0.00000	-1.00000	-1.00000	1.00000	0
2206	un	7592	34	Shasta_Trinity_NF	G	C	52	0.99038462	0.01923	0.98077	0.01905	0.98095	0.01923	-1.00000	-1.00000	0.00000	-1.00000	-1.00000	1.00000	0
2206	un	7596	38	Six_Rivers_NF	T	A	48	0.97916667	0.04167	0.95833	0.04080	0.95920	0.04123	-1.00000	-1.00000	-0.01064	-1.00000	-1.00000	1.00000	0
2206	un	7596	38	Shasta_Trinity_NF	T	A	45	0.93333333	0.08889	0.91111	0.12444	0.87556	0.12584	-1.00000	-1.00000	0.29365	-1.00000	-1.00000	1.00000	0
2206	un	7599	41	Six_Rivers_NF	T	C	40	0.51250000	0.67500	0.32500	0.49969	0.50031	0.50601	-1.00000	-1.00000	-0.33396	-1.00000	-1.00000	1.00000	0
2206	un	7608	50	Six_Rivers_NF	T	C	53	0.99056604	0.01887	0.98113	0.01869	0.98131	0.01887	-1.00000	-1.00000	-0.00000	-1.00000	-1.00000	1.00000	1
2206	un	7608	50	Shasta_Trinity_NF	T	-	53	1.00000000	0.00000	1.00000	0.00000	1.00000	0.00000	-1.00000	-1.00000	0.00000	-1.00000	-1.00000	1.00000	0
2206	un	7609	51	Six_Rivers_NF	C	-	53	1.00000000	0.00000	1.00000	0.00000	1.00000	0.00000	-1.00000	-1.00000	0.00000	-1.00000	-1.00000	1.00000	0
2206	un	7609	51	Shasta_Trinity_NF	C	A	53	0.99056604	0.01887	0.98113	0.01869	0.98131	0.01887	-1.00000	-1.00000	-0.00000	-1.00000	-1.00000	1.00000	1
2206	un	7622	64	Six_Rivers_NF	G	A	39	0.53846154	0.66667	0.33333	0.49704	0.50296	0.50350	-1.00000	-1.00000	-0.32407	-1.00000	-1.00000	1.00000	0
2206	un	7666	108	Six_Rivers_NF	C	-	53	1.00000000	0.00000	1.00000	0.00000	1.00000	0.00000	-1.00000	-1.00000	0.00000	-1.00000	-1.00000	1.00000	0
2206	un	7666	108	Shasta_Trinity_NF	C	A	53	0.99056604	0.01887	0.98113	0.01869	0.98131	0.01887	-1.00000	-1.00000	-0.00000	-1.00000	-1.00000	1.00000	1
2381	un	7731	63	Six_Rivers_NF	A	G	37	0.98648649	0.02703	0.97297	0.02666	0.97334	0.02703	-1.00000	-1.00000	-0.00000	-1.00000	-1.00000	1.00000	0
2546	un	7869	91	Six_Rivers_NF	G	C	40	0.98750000	0.02500	0.97500	0.02469	0.97531	0.02500	-1.00000	-1.00000	0.00000	-1.00000	-1.00000	1.00000	0
2792	un	8099	101	Plumas_NF	G	T	10	0.90000000	0.00000	1.00000	0.18000	0.82000	0.18947	-1.00000	-1.00000	1.00000	-1.00000	-1.00000	1.00000	0
2814	un	8140	32	Six_Rivers_NF	G	T	39	0.98717949	0.02564	0.97436	0.02531	0.97469	0.02564	-1.00000	-1.00000	0.00000	-1.00000	-1.00000	1.00000	1
2814	un	8140	32	Mendocino_County	G	-	4	1.00000000	0.00000	1.00000	0.00000	1.00000	0.00000	-1.00000	-1.00000	0.00000	-1.00000	-1.00000	1.00000	0
2814	un	8200	92	Six_Rivers_NF	T	C	39	0.98717949	0.02564	0.97436	0.02531	0.97469	0.02564	-1.00000	-1.00000	0.00000	-1.00000	-1.00000	1.00000	1
2814	un	8200	92	Mendocino_County	T	-	4	1.00000000	0.00000	1.00000	0.00000	1.00000	0.00000	-1.00000	-1.00000	0.00000	-1.00000	-1.00000	1.00000	0
2875	un	8317	98	Six_Rivers_NF	C	A	37	0.97297297	0.00000	1.00000	0.05259	0.94741	0.05331	-1.00000	-1.00000	1.00000	-1.00000	-1.00000	1.00000	0
3103	un	8402	73	Six_Rivers_NF	A	C	37	0.66216216	0.29730	0.70270	0.44741	0.55259	0.45354	-1.00000	-1.00000	0.34449	-1.00000	-1.00000	1.00000	0
3103	un	8404	75	Six_Rivers_NF	G	A	37	0.66216216	0.29730	0.70270	0.44741	0.55259	0.45354	-1.00000	-1.00000	0.34449	-1.00000	-1.00000	1.00000	0
3103	un	8412	83	Six_Rivers_NF	C	T	38	0.97368421	0.00000	1.00000	0.05125	0.94875	0.05193	-1.00000	-1.00000	1.00000	-1.00000	-1.00000	1.00000	0
3181	un	8468	29	Shasta_Trinity_NF	T	C	46	0.51086957	0.50000	0.50000	0.49976	0.50024	0.50526	-1.00000	-1.00000	0.01040	-1.00000	-1.00000	1.00000	0
3181	un	8536	97	Shasta_Trinity_NF	A	G	46	0.51086957	0.50000	0.50000	0.49976	0.50024	0.50526	-1.00000	-1.00000	0.01040	-1.00000	-1.00000	1.00000	0
3181	un	8540	101	Shasta_Trinity_NF	G	A	44	0.51136364	0.47727	0.52273	0.49974	0.50026	0.50549	-1.00000	-1.00000	0.05581	-1.00000	-1.00000	1.00000	0
3181	un	8547	108	Shasta_Trinity_NF	T	A	47	0.96808511	0.02128	0.97872	0.06179	0.93821	0.06246	-1.00000	-1.00000	0.65934	-1.00000	-1.00000	1.00000	0
3258	un	8559	10	Six_Rivers_NF	T	-	50	1.00000000	0.00000	1.00000	0.00000	1.00000	0.00000	-1.00000	-1.00000	0.00000	-1.00000	-1.00000	1.00000	0
3258	un	8559	10	Plumas_NF	T	C	18	0.94444444	0.11111	0.88889	0.10494	0.89506	0.10794	-1.00000	-1.00000	-0.02941	-1.00000	-1.00000	1.00000	1
3258	un	8559	10	Shasta_Trinity_NF	T	-	48	1.00000000	0.00000	1.00000	0.00000	1.00000	0.00000	-1.00000	-1.00000	0.00000	-1.00000	-1.00000	1.00000	0
3258	un	8565	16	Six_Rivers_NF	A	-	50	1.00000000	0.00000	1.00000	0.00000	1.00000	0.00000	-1.00000	-1.00000	0.00000	-1.00000	-1.00000	1.00000	0
3258	un	8565	16	Plumas_NF	A	-	19	1.00000000	0.00000	1.00000	0.00000	1.00000	0.00000	-1.00000	-1.00000	0.00000	-1.00000	-1.00000	1.00000	0
3258	un	8565	16	Shasta_Trinity_NF	A	T	48	0.98958333	0.02083	0.97917	0.02062	0.97938	0.02083	-1.00000	-1.00000	0.00000	-1.00000	-1.00000	1.00000	1
3258	un	8572	23	Six_Rivers_NF	A	G	50	0.99000000	0.02000	0.98000	0.01980	0.98020	0.02000	-1.00000	-1.00000	0.00000	-1.00000	-1.00000	1.00000	1
3258	un	8572	23	Plumas_NF	A	-	19	1.00000000	0.00000	1.00000	0.00000	1.00000	0.00000	-1.00000	-1.00000	0.00000	-1.00000	-1.00000	1.00000	0
3258	un	8572	23	Shasta_Trinity_NF	A	-	48	1.00000000	0.00000	1.00000	0.00000	1.00000	0.00000	-1.00000	-1.00000	0.00000	-1.00000	-1.00000	1.00000	0
3258	un	8615	66	Six_Rivers_NF	T	-	50	1.00000000	0.00000	1.00000	0.00000	1.00000	0.00000	-1.00000	-1.00000	0.00000	-1.00000	-1.00000	1.00000	0
3258	un	8615	66	Plumas_NF	T	-	19	1.00000000	0.00000	1.00000	0.00000	1.00000	0.00000	-1.00000	-1.00000	0.00000	-1.00000	-1.00000	1.00000	0
3258	un	8615	66	Shasta_Trinity_NF	T	C	48	0.98958333	0.02083	0.97917	0.02062	0.97938	0.02083	-1.00000	-1.00000	0.00000	-1.00000	-1.00000	1.00000	1
3484	un	8686	27	Six_Rivers_NF	C	A	37	0.97297297	0.00000	1.00000	0.05259	0.94741	0.05331	-1.00000	-1.00000	1.00000	-1.00000	-1.00000	1.00000	0
3484	un	8725	66	Six_Rivers_NF	C	T	37	0.97297297	0.00000	1.00000	0.05259	0.94741	0.05331	-1.00000	-1.00000	1.00000	-1.00000	-1.00000	1.00000	0
3484	un	8744	85	Six_Rivers_NF	T	C	37	0.97297297	0.00000	1.00000	0.05259	0.94741	0.05331	-1.00000	-1.00000	1.00000	-1.00000	-1.00000	1.00000	0
3571	un	8836	66	Shasta_Trinity_NF	A	T	42	0.90476190	0.09524	0.90476	0.17234	0.82766	0.17441	-1.00000	-1.00000	0.45395	-1.00000	-1.00000	1.00000	0
3784	un	8940	59	Six_Rivers_NF	T	C	39	0.98717949	0.02564	0.97436	0.02531	0.97469	0.02564	-1.00000	-1.00000	0.00000	-1.00000	-1.00000	1.00000	0
3797	un	8996	5	Six_Rivers_NF	G	T	38	0.98684211	0.02632	0.97368	0.02597	0.97403	0.02632	-1.00000	-1.00000	-0.00000	-1.00000	-1.00000	1.00000	1
3797	un	8996	5	Shasta_Trinity_NF	G	-	41	1.00000000	0.00000	1.00000	0.00000	1.00000	0.00000	-1.00000	-1.00000	0.00000	-1.00000	-1.00000	1.00000	0
3797	un	9078	87	Six_Rivers_NF	G	T	38	0.98684211	0.02632	0.97368	0.02597	0.97403	0.02632	-1.00000	-1.00000	-0.00000	-1.00000	-1.00000	1.00000	1
3797	un	9078	87	Shasta_Trinity_NF	G	-	41	1.00000000	0.00000	1.00000	0.00000	1.00000	0.00000	-1.00000	-1.00000	0.00000	-1.00000	-1.00000	1.00000	0
4030	un	9102	1	Six_Rivers_NF	A	G	38	0.89473684	0.10526	0.89474	0.18837	0.81163	0.19088	-1.00000	-1.00000	0.44853	-1.00000	-1.00000	1.00000	0
4030	un	9114	13	Six_Rivers_NF	T	G	37	0.63513514	0.24324	0.75676	0.46348	0.53652	0.46983	-1.00000	-1.00000	0.48227	-1.00000	-1.00000	1.00000	0
4030	un	9145	44	Six_Rivers_NF	C	T	38	0.94736842	0.00000	1.00000	0.09972	0.90028	0.10105	-1.00000	-1.00000	1.00000	-1.00000	-1.00000	1.00000	0
4030	un	9156	55	Six_Rivers_NF	T	G	37	0.95945946	0.02703	0.97297	0.07779	0.92221	0.07886	-1.00000	-1.00000	0.65728	-1.00000	-1.00000	1.00000	0
4030	un	9161	60	Six_Rivers_NF	C	T	38	0.98684211	0.02632	0.97368	0.02597	0.97403	0.02632	-1.00000	-1.00000	-0.00000	-1.00000	-1.00000	1.00000	0
4030	un	9162	61	Six_Rivers_NF	A	G	38	0.86842105	0.15789	0.84211	0.22853	0.77147	0.23158	-1.00000	-1.00000	0.31818	-1.00000	-1.00000	1.00000	0
4030	un	9192	91	Six_Rivers_NF	G	T	38	0.97368421	0.00000	1.00000	0.05125	0.94875	0.05193	-1.00000	-1.00000	1.00000	-1.00000	-1.00000	1.00000	0
4071	un	9217	4	Six_Rivers_NF	T	C	44	0.96590909	0.02273	0.97727	0.06586	0.93414	0.06661	-1.00000	-1.00000	0.65882	-1.00000	-1.00000	1.00000	0
4071	un	9217	4	Shasta_Trinity_NF	T	C	53	0.82075472	0.20755	0.79245	0.29423	0.70577	0.29704	-1.00000	-1.00000	0.30127	-1.00000	-1.00000	1.00000	0
4071	un	9241	28	Six_Rivers_NF	A	-	46	1.00000000	0.00000	1.00000	0.00000	1.00000	0.00000	-1.00000	-1.00000	0.00000	-1.00000	-1.00000	1.00000	0
4071	un	9241	28	Shasta_Trinity_NF	A	G	53	0.99056604	0.01887	0.98113	0.01869	0.98131	0.01887	-1.00000	-1.00000	-0.00000	-1.00000	-1.00000	1.00000	1
4071	un	9269	56	Six_Rivers_NF	T	A	44	0.92045455	0.11364	0.88636	0.14644	0.85356	0.14812	-1.00000	-1.00000	0.23280	-1.00000	-1.00000	1.00000	1
4071	un	9269	56	Shasta_Trinity_NF	T	-	53	1.00000000	0.00000	1.00000	0.00000	1.00000	0.00000	-1.00000	-1.00000	0.00000	-1.00000	-1.00000	1.00000	0
4071	un	9282	69	Six_Rivers_NF	T	C	46	0.98913043	0.02174	0.97826	0.02150	0.97850	0.02174	-1.00000	-1.00000	-0.00000	-1.00000	-1.00000	1.00000	1
4071	un	9282	69	Shasta_Trinity_NF	T	-	53	1.00000000	0.00000	1.00000	0.00000	1.00000	0.00000	-1.00000	-1.00000	0.00000	-1.00000	-1.00000	1.00000	0
4071	un	9303	90	Six_Rivers_NF	G	A	44	0.92045455	0.11364	0.88636	0.14644	0.85356	0.14812	-1.00000	-1.00000	0.23280	-1.00000	-1.00000	1.00000	1
4071	un	9303	90	Shasta_Trinity_NF	G	-	53	1.00000000	0.00000	1.00000	0.00000	1.00000	0.00000	-1.00000	-1.00000	0.00000	-1.00000	-1.00000	1.00000	0
4187	un	9341	18	Six_Rivers_NF	G	A	38	0.98684211	0.02632	0.97368	0.02597	0.97403	0.02632	-1.00000	-1.00000	-0.00000	-1.00000	-1.00000	1.00000	0
4258	un	9438	5	Shasta_Trinity_NF	G	T	40	0.98750000	0.02500	0.97500	0.02469	0.97531	0.02500	-1.00000	-1.00000	0.00000	-1.00000	-1.00000	1.00000	0
5734	un	9562	19	Six_Rivers_NF	G	A	45	0.98888889	0.02222	0.97778	0.02198	0.97802	0.02222	-1.00000	-1.00000	0.00000	-1.00000	-1.00000	1.00000	0
6468	un	9997	14	Mendocino_County	C	G	4	0.62500000	0.25000	0.75000	0.46875	0.53125	0.53571	-1.00000	-1.00000	0.53333	-1.00000	-1.00000	1.00000	0
6468	un	10036	53	Mendocino_County	T	A	4	0.62500000	0.25000	0.75000	0.46875	0.53125	0.53571	-1.00000	-1.00000	0.53333	-1.00000	-1.00000	1.00000	0
20831	un	10577	44	Six_Rivers_NF	T	-	68	1.00000000	0.00000	1.00000	0.00000	1.00000	0.00000	-1.00000	-1.00000	0.00000	-1.00000	-1.00000	1.00000	0
20831	un	10577	44	Plumas_NF	T	-	15	1.00000000	0.00000	1.00000	0.00000	1.00000	0.00000	-1.00000	-1.00000	0.00000	-1.00000	-1.00000	1.00000	0
20831	un	10577	44	Shasta_Trinity_NF	T	C	76	0.99342105	0.01316	0.98684	0.01307	0.98693	0.01316	-1.00000	-1.00000	0.00000	-1.00000	-1.00000	1.00000	1
20831	un	10630	97	Six_Rivers_NF	G	-	68	1.00000000	0.00000	1.00000	0.00000	1.00000	0.00000	-1.00000	-1.00000	0.00000	-1.00000	-1.00000	1.00000	0
20831	un	10630	97	Plumas_NF	G	-	15	1.00000000	0.00000	1.00000	0.00000	1.00000	0.00000	-1.00000	-1.00000	0.00000	-1.00000	-1.00000	1.00000	0
20831	un	10630	97	Shasta_Trinity_NF	G	A	76	0.99342105	0.01316	0.98684	0.01307	0.98693	0.01316	-1.00000	-1.00000	0.00000	-1.00000	-1.00000	1.00000	1
20831	un	10636	103	Six_Rivers_NF	T	-	68	1.00000000	0.00000	1.00000	0.00000	1.00000	0.00000	-1.00000	-1.00000	0.00000	-1.00000	-1.00000	1.00000	0
20831	un	10636	103	Plumas_NF	T	-	15	1.00000000	0.00000	1.00000	0.00000	1.00000	0.00000	-1.00000	-1.00000	0.00000	-1.00000	-1.00000	1.00000	0
20831	un	10636	103	Shasta_Trinity_NF	T	C	76	0.99342105	0.01316	0.98684	0.01307	0.98693	0.01316	-1.00000	-1.00000	0.00000	-1.00000	-1.00000	1.00000	1
29491	un	10995	21	Six_Rivers_NF	A	G	39	0.80769231	0.28205	0.71795	0.31065	0.68935	0.31469	-1.00000	-1.00000	0.10370	-1.00000	-1.00000	1.00000	0
29491	un	10995	21	Plumas_NF	A	G	10	0.90000000	0.20000	0.80000	0.18000	0.82000	0.18947	-1.00000	-1.00000	-0.05556	-1.00000	-1.00000	1.00000	0
29491	un	10995	21	Shasta_Trinity_NF	A	G	43	0.80232558	0.25581	0.74419	0.31720	0.68280	0.32093	-1.00000	-1.00000	0.20290	-1.00000	-1.00000	1.00000	0
29491	un	10998	24	Plumas_NF	G	A	10	0.90000000	0.20000	0.80000	0.18000	0.82000	0.18947	-1.00000	-1.00000	-0.05556	-1.00000	-1.00000	1.00000	0
29491	un	10998	24	Shasta_Trinity_NF	G	A	45	0.80000000	0.35556	0.64444	0.32000	0.68000	0.32360	-1.00000	-1.00000	-0.09877	-1.00000	-1.00000	1.00000	0
29491	un	11055	81	Plumas_NF	A	G	10	0.90000000	0.20000	0.80000	0.18000	0.82000	0.18947	-1.00000	-1.00000	-0.05556	-1.00000	-1.00000	1.00000	0
29491	un	11055	81	Shasta_Trinity_NF	A	G	45	0.80000000	0.35556	0.64444	0.32000	0.68000	0.32360	-1.00000	-1.00000	-0.09877	-1.00000	-1.00000	1.00000	0
29491	un	11067	93	Six_Rivers_NF	G	C	38	0.50000000	0.63158	0.36842	0.50000	0.50000	0.50667	-1.00000	-1.00000	-0.24654	-1.00000	-1.00000	1.00000	0
29491	un	11067	93	Shasta_Trinity_NF	G	C	43	0.54651163	0.53488	0.46512	0.49567	0.50433	0.50150	-1.00000	-1.00000	-0.06656	-1.00000	-1.00000	1.00000	0
41943	un	11254	60	Six_Rivers_NF	A	-	45	1.00000000	0.00000	1.00000	0.00000	1.00000	0.00000	-1.00000	-1.00000	0.00000	-1.00000	-1.00000	1.00000	0
41943	un	11254	60	Plumas_NF	A	-	16	1.00000000	0.00000	1.00000	0.00000	1.00000	0.00000	-1.00000	-1.00000	0.00000	-1.00000	-1.00000	1.00000	0
41943	un	11254	60	Shasta_Trinity_NF	A	G	63	0.99206349	0.01587	0.98413	0.01575	0.98425	0.01587	-1.00000	-1.00000	0.00000	-1.00000	-1.00000	1.00000	1
47970	un	11307	3	Six_Rivers_NF	A	T	42	0.73809524	0.14286	0.85714	0.38662	0.61338	0.39128	-1.00000	-1.00000	0.63490	-1.00000	-1.00000	1.00000	0
47970	un	11307	3	Plumas_NF	A	T	10	0.80000000	0.00000	1.00000	0.32000	0.68000	0.33684	-1.00000	-1.00000	1.00000	-1.00000	-1.00000	1.00000	0
47970	un	11313	9	Six_Rivers_NF	C	T	37	0.71621622	0.40541	0.59459	0.40650	0.59350	0.41207	-1.00000	-1.00000	0.01617	-1.00000	-1.00000	1.00000	0
47970	un	11313	9	Plumas_NF	C	T	10	0.65000000	0.10000	0.90000	0.45500	0.54500	0.47895	-1.00000	-1.00000	0.79121	-1.00000	-1.00000	1.00000	0
47970	un	11332	28	Six_Rivers_NF	A	G	42	0.59523810	0.33333	0.66667	0.48186	0.51814	0.48766	-1.00000	-1.00000	0.31647	-1.00000	-1.00000	1.00000	0
47970	un	11332	28	Plumas_NF	A	G	10	0.55000000	0.10000	0.90000	0.49500	0.50500	0.52105	-1.00000	-1.00000	0.80808	-1.00000	-1.00000	1.00000	0
47970	un	11339	35	Six_Rivers_NF	C	T	42	0.59523810	0.33333	0.66667	0.48186	0.51814	0.48766	-1.00000	-1.00000	0.31647	-1.00000	-1.00000	1.00000	0
47970	un	11339	35	Plumas_NF	C	T	10	0.55000000	0.10000	0.90000	0.49500	0.50500	0.52105	-1.00000	-1.00000	0.80808	-1.00000	-1.00000	1.00000	0
47970	un	11363	59	Six_Rivers_NF	G	A	42	0.59523810	0.33333	0.66667	0.48186	0.51814	0.48766	-1.00000	-1.00000	0.31647	-1.00000	-1.00000	1.00000	0
47970	un	11363	59	Plumas_NF	G	A	10	0.55000000	0.10000	0.90000	0.49500	0.50500	0.52105	-1.00000	-1.00000	0.80808	-1.00000	-1.00000	1.00000	0
47970	un	11374	70	Six_Rivers_NF	G	A	47	0.76595745	0.04255	0.95745	0.35853	0.64147	0.36239	-1.00000	-1.00000	0.88258	-1.00000	-1.00000	1.00000	0
47970	un	11374	70	Plumas_NF	G	A	10	0.55000000	0.10000	0.90000	0.49500	0.50500	0.52105	-1.00000	-1.00000	0.80808	-1.00000	-1.00000	1.00000	0
47970	un	11378	74	Six_Rivers_NF	C	T	39	0.75641026	0.17949	0.82051	0.36851	0.63149	0.37329	-1.00000	-1.00000	0.51918	-1.00000	-1.00000	1.00000	0
49146	un	11555	31	Mendocino_County	C	G	4	0.87500000	0.25000	0.75000	0.21875	0.78125	0.25000	-1.00000	-1.00000	0.00000	-1.00000	-1.00000	1.00000	0
64635	un	11993	28	Six_Rivers_NF	A	G	43	0.50000000	0.39535	0.60465	0.50000	0.50000	0.50588	-1.00000	-1.00000	0.21850	-1.00000	-1.00000	1.00000	0
65459	un	12122	47	Mendocino_County	C	T	4	0.50000000	0.50000	0.50000	0.50000	0.50000	0.57143	-1.00000	-1.00000	0.12500	-1.00000	-1.00000	1.00000	0
72862	un	12297	2	Six_Rivers_NF	C	T	39	0.76923077	0.15385	0.84615	0.35503	0.64497	0.35964	-1.00000	-1.00000	0.57222	-1.00000	-1.00000	1.00000	0
72862	un	12312	17	Six_Rivers_NF	C	-	41	1.00000000	0.00000	1.00000	0.00000	1.00000	0.00000	-1.00000	-1.00000	0.00000	-1.00000	-1.00000	1.00000	0
72862	un	12312	17	Plumas_NF	C	-	10	1.00000000	0.00000	1.00000	0.00000	1.00000	0.00000	-1.00000	-1.00000	0.00000	-1.00000	-1.00000	1.00000	0
72862	un	12312	17	Shasta_Trinity_NF	C	T	41	0.90243902	0.04878	0.95122	0.17609	0.82391	0.17826	-1.00000	-1.00000	0.72635	-1.00000	-1.00000	1.00000	1
72862	un	12319	24	Six_Rivers_NF	T	G	37	0.60810811	0.40541	0.59459	0.47663	0.52337	0.48315	-1.00000	-1.00000	0.16092	-1.00000	-1.00000	1.00000	1
72862	un	12319	24	Plumas_NF	T	-	10	1.00000000	0.00000	1.00000	0.00000	1.00000	0.00000	-1.00000	-1.00000	0.00000	-1.00000	-1.00000	1.00000	0
72862	un	12339	44	Six_Rivers_NF	C	T	54	0.99074074	0.01852	0.98148	0.01835	0.98165	0.01852	-1.00000	-1.00000	-0.00000	-1.00000	-1.00000	1.00000	1
72862	un	12339	44	Plumas_NF	C	-	10	1.00000000	0.00000	1.00000	0.00000	1.00000	0.00000	-1.00000	-1.00000	0.00000	-1.00000	-1.00000	1.00000	0
72862	un	12339	44	Shasta_Trinity_NF	C	-	42	1.00000000	0.00000	1.00000	0.00000	1.00000	0.00000	-1.00000	-1.00000	0.00000	-1.00000	-1.00000	1.00000	0
72862	un	12352	57	Six_Rivers_NF	C	-	41	1.00000000	0.00000	1.00000	0.00000	1.00000	0.00000	-1.00000	-1.00000	0.00000	-1.00000	-1.00000	1.00000	0
72862	un	12352	57	Plumas_NF	C	G	10	0.95000000	0.10000	0.90000	0.09500	0.90500	0.10000	-1.00000	-1.00000	-0.00000	-1.00000	-1.00000	1.00000	0
72862	un	12352	57	Shasta_Trinity_NF	C	G	41	0.90243902	0.04878	0.95122	0.17609	0.82391	0.17826	-1.00000	-1.00000	0.72635	-1.00000	-1.00000	1.00000	0
82515	un	12747	12	Mendocino_County	A	T	4	0.75000000	0.00000	1.00000	0.37500	0.62500	0.42857	-1.00000	-1.00000	1.00000	-1.00000	-1.00000	1.00000	0
85528	un	12937	92	Mendocino_County	G	T	4	0.75000000	0.50000	0.50000	0.37500	0.62500	0.42857	-1.00000	-1.00000	-0.16667	-1.00000	-1.00000	1.00000	0
85528	un	12938	93	Mendocino_County	A	C	4	0.75000000	0.50000	0.50000	0.37500	0.62500	0.42857	-1.00000	-1.00000	-0.16667	-1.00000	-1.00000	1.00000	0
86225	un	13288	2	Mendocino_County	C	T	4	0.75000000	0.00000	1.00000	0.37500	0.62500	0.42857	-1.00000	-1.00000	1.00000	-1.00000	-1.00000	1.00000	0
86225	un	13393	107	Mendocino_County	G	C	4	0.75000000	0.00000	1.00000	0.37500	0.62500	0.42857	-1.00000	-1.00000	1.00000	-1.00000	-1.00000	1.00000	0
86592	un	13431	35	Mendocino_County	G	C	4	0.87500000	0.25000	0.75000	0.21875	0.78125	0.25000	-1.00000	-1.00000	0.00000	-1.00000	-1.00000	1.00000	0
86592	un	13440	44	Mendocino_County	A	G	4	0.87500000	0.25000	0.75000	0.21875	0.78125	0.25000	-1.00000	-1.00000	0.00000	-1.00000	-1.00000	1.00000	0
86592	un	13450	54	Mendocino_County	G	T	4	0.87500000	0.25000	0.75000	0.21875	0.78125	0.25000	-1.00000	-1.00000	0.00000	-1.00000	-1.00000	1.00000	0
86592	un	13483	87	Mendocino_County	A	C	4	0.87500000	0.25000	0.75000	0.21875	0.78125	0.25000	-1.00000	-1.00000	0.00000	-1.00000	-1.00000	1.00000	0
